ID RENABAP,Provincia,Municipio,Barrio,Localidad,Tipo de UE,Tipo de Proyecto,Nombre de Proyecto,Financiamiento,Estado,Monto Total,Acta de Inicio Real,% Avance físico
4637,Ciudad Autónoma de Buenos Aires,Ciudad Autónoma de Buenos Aires,Barrio Padre Mugica,Ciudad Autónoma de Buenos Aires,OSC,POT,Equipamientos educativo - mejoramiento de jardin ,FISU,En ejecución,"269,219,376.83",2024-04-15,40.25%
68,Buenos Aires,La Plata,Sin Nombre (esos locos bajitos),Gonnet,OSC,POT,Equipamientos Comunitario y Espacio Recreativo,FISU,En ejecución,"186,308,259.30",2023-12-01,25.97%
194,Buenos Aires,La Plata,Ruta del Sol,El Peligro,OSC,POT,Equipamiento Productivo,FISU,En ejecución,"181,540,041.99",2023-12-15,20.00%
72,Buenos Aires,Lomas de Zamora,Ocho de diciembre,Lomas de Zamora,OSC,POT,Centro Verde - etapa 02,FISU,En ejecución,"1,273,196,907.29",2023-09-22,64.36%
1561/625/1296/1232,Buenos Aires,General San Martín,La Carcova/Costa Esperanza/Veinticinco de Mayo/El Primaveral,,OSC,POT,Obras de Red Peatonal y Equipamiento Urbano,FISU,En ejecución,"29,355,856.79",2023-09-29,100.00%
4249,Buenos Aires,General Pueyrredón,El Caribe,Mar del Plata,OSC,POT,Obras de Red peatonal y Equipamiento Urbano,FISU,En ejecución,"25,683,193.02",2023-10-27,89.81%
97,Buenos Aires,La Plata,"El Zanjón/""19 y 77""",Altos de San Lorenzo,OSC,POT,Obras de Equipamiento,FISU,En ejecución,"72,486,878.77",2023-09-02,100.00%
1976,Misiones,Oberá,San José,Oberá,OSC,POT,"Obras de conexiones e instalaciones intra lote de electricidad, red peatonal, arbolado público y equipamiento urbano",FISU,En ejecución,"318,171,139.66",2024-04-12,20.12%
3533/3538,Chubut,Trelew,Moreira 3 y Moreira 4,Trelew,OSC,POT,Obras de integración socio urbana,FISU,En ejecución,"1,042,823,231.85",2023-09-25,61.50%
1128,Buenos Aires,Pilar,Pinazo,La Lonja,OSC,POT,"Obras de Conexiones e instalaciones intra lote de electricidad, red peatonal, arbolado público y equipamiento urbano",FISU,En ejecución,"616,417,789.85",2023-10-30,30.57%
4509 / 4327,Río Negro,General Roca,Colonia 17 de Octubre/Quinta 25,General Roca,OSC,POT,Obras de conexiones e instalaciones intra lote de electricidad,FISU,En ejecución,"483,618,713.06",2023-12-01,85.27%
3748/4466/3745/3730/3753/3728/4932/4931/4930/4929/4362/373/3720,Río Negro,San Carlos De Bariloche,Barrio Luján/Laguna de Los Juncos/La Lagunita/Amancay/El Renoval/Alma Fuerte/Buena Vista/Braulio Cárdenas/Valle del Lindo/El Cipresal/Industrial/ Ex Promeba/ Ecobarrio,El Bolsón,OSC,POT,Obras de equipamiento comunitario y conexiones e instalaciones intra lote de electricidad,FISU,En ejecución,"995,005,858.54",2023-12-04,70.45%
397/1174,Buenos Aires,San Isidro,La Cava/ Veinte de Junio,Beccar,OSC,POT,Red peatonal con mejoramiento pluvial,FISU,En ejecución,"298,264,805.76",2023-08-08,61.43%
2985,Santa Fe,Santa Fe,los hornos,Santa fe,OSC,POT,"Obras de red peatonal, arbolado público y conexiones e instalaciones intra lote de agua",FISU,En ejecución,"199,556,778.92",2023-10-04,70.52%
2985,Santa Fe,Santa Fe,los hornos,Santa fe,OSC,POT,"Obras de red peatonal, arbolado público y conexiones e instalaciones intra lote de agua",FISU,En ejecución,"269,411,970.79",2023-10-02,98.00%
630,Buenos Aires,General San Martín,Eucaliptus II,General San Martín,OSC,POT,Obras de conexiones e instalaciones intra lote de agua,FISU,En ejecución,"287,222,350.41",2023-08-10,70.41%
593,Buenos Aires,Luján,Padre Varela,Luján,OSC,POT,Equipamiento Productivo,FISU,En ejecución,"628,743,697.69",2023-11-08,51.68%
5241/5242,Corrientes,Monte Caseros,Fedullo/La Rana,Monte Caseros,OSC,PEG,"Intralotes agua, electricidad y cloaca, Nucleo huemdo y equipamientos comunitarios",FISU,En ejecución,"2,086,554,726.67",2023-10-12,8.65%
889,Buenos Aires,General Pueyrredón,Malvinas,Mar del Plata,OSC,POT,Conexiones e infraestructura,FISU,En ejecución,"74,904,006.75",2023-10-12,22.73%
4254,Buenos Aires,General San Martín,Villa Hidalgo,Jose L. Suárez,OSC,POT,Obras de instalaciones intra lote de agua (ETAPA 4),FISU,En ejecución,"310,251,959.71",2023-08-10,70.00%
273,Buenos Aires,Lomas de Zamora,Santa Catalina,Santa Catalina,OSC,POT,Equipamiento educativo.. Comunitario y productivo,FISU,En ejecución,"933,243,127.99",2023-06-12,59.97%
715,Buenos Aires,San Pedro,La Tosquera,San Pedro,OSC,PEG,Obra de Integración socio urbana,FISU,En ejecución,"1,108,521,942.62",2023-08-10,9.30%
2648,Río Negro,San Carlos De Bariloche,Alun Ruca,Bariloche,OSC,POT,Obras de instalaciones intra lote de electricidad,FISU,Terminado,"642,571,995.01",2023-08-28,100.00%
1168,Buenos Aires,Lomas de Zamora,Diecisiete de Noviembre,Ingeniero Budge,OSC,POT,Obras de equipamiento comunitario,FISU,En ejecución,"232,600,827.83",2024-01-06,20.11%
2422,Corrientes,Corrientes,Barrio Anahi,Corrientes,OSC,POT,Conexiones y intralote electricidad y Nucleos humedos,FISU,En ejecución,"289,343,150.86",2023-10-18,2.18%
5293,Buenos Aires,La Matanza,Diecisiete de Septiembre,Gonzalez Catán,OSC,POT,Centro Verde,FISU,En ejecución,"2,150,632,220.28",2023-10-01,60.20%
4180,Misiones,Puerto Iguazú,2000 héctareas,Puerto Iguazú,OSC,POT,Centro Verde,FISU,En ejecución,"1,222,318,453.30",2023-10-02,82.54%
979,Buenos Aires,Hurlingham,Juan Pedro Rolón,Villa Tesei,OSC,POT,Obras de Equipamiento Productivo: Nuevo Centro Verde de Reciclado,FISU,En ejecución,"1,076,277,108.73",2023-10-16,24.17%
3221,Jujuy,Humahuaca,Quebrada La Cancha,Humahuaca,OSC,POT,Centro Verde,FISU,En ejecución,"274,633,819.34",2023-08-10,15.99%
113,Buenos Aires,La Plata,Joel,Villa Elvira,OSC,POT,Obras de Equipamiento Comunitario,FISU,En ejecución,"230,337,083.12",2023-11-05,23.75%
468,Buenos Aires,La Plata,La Aceitera,Arana,OSC,POT,Obras de Equipamiento Comunitario,FISU,En ejecución,"155,385,627.79",2023-12-06,32.96%
4833,Río Negro,General Roca,Actia,Cipolletti,OSC,POT,Obras de Equipamiento Recreativo y Playón Polideportivo,FISU,En ejecución,"186,666,929.88",2023-10-14,9.73%
1795,Santa Fe,Rosario,La Bombacha,Rosario,OSC,POT,"Obras de conexiones e instalaciones intra lote de electricidad, Red peatonal, arbolado público y equipamiento urbano",FISU,En ejecución,"297,049,321.83",2023-11-08,23.40%
4241,Buenos Aires,Quilmes,San Cayetano,Quilmes Oeste,OSC,POT,Obras de Equipamiento comunitario,FISU,En ejecución,"75,349,344.13",2023-12-11,20.75%
1176,Buenos Aires,Lomas de Zamora,La Lonja,Villa Fiorito,OSC,POT,Equipamiento comunitario,FISU,En ejecución,"700,199,452.42",2023-06-06,13.12%
1305,Buenos Aires,Lomas de Zamora,Unión y Fuerza,Santa Catalina,OSC,POT,Obra de conexiones e instalaciones intra lote de  agua (ETAPA 2),FISU,En ejecución,"230,130,560.80",2024-04-12,20.74%
72,Buenos Aires,Lomas de Zamora,Ocho de Diciembre,Villa Fiorito,OSC,POT,"Obras de conexiones e instalaciones intra lote de electricidad, red peatonal, arbolado público y equipamiento urbano (Etapa 2)",FISU,En ejecución,"272,486,753.80",2023-12-26,28.00%
5397,Buenos Aires,Cañuelas,Manuel Belgrano,Máximo Paz,OSC,POT,Obra de Equipamiento Comunitario,FISU,En ejecución,"494,025,796.87",2023-11-21,20.25%
5944,Santiago del Estero,Suncho Corral,Challua,Suncho Corral,OSC,POT,Obras de conexiones e instalaciones intra lote de electricidad,FISU,En ejecución,"149,112,588.42",2023-07-24,77.30%
378,Buenos Aires,Berisso,Santa Cruz,Berisso,OSC,POT,Centro Verde,FISU,En ejecución,"3,792,863,324.35",2023-07-31,53.17%
274,Buenos Aires,Almirante Brown,Las latitas,Don orione,OSC,POT,Centro Verde,FISU,En ejecución,"1,254,777,161.13",2023-07-31,60.34%
3511,Santiago del Estero,La Banda,IV Centenario,La Banda,OSC,POT,Obras de Red Pluvial,FISU,En ejecución,"181,879,881.84",2023-07-24,60.09%
2648,Río Negro,San Carlos De Bariloche,Alun Ruca,Bariloche,OSC,POT,Equipamiento educativo.,FISU,En ejecución,"314,202,339.98",2023-08-29,60.60%
2995,Santa Fe,Santa Fe,La Villa,La Capital,OSC,POT,Obras de conexiones e instalaciones intra lote de electricidad y red peatonal,FISU,Terminado,"365,580,800.79",2023-09-25,100.00%
4283/585/608,Buenos Aires,Tandil,La Unión/Movediza I,Tandil,OSC,POT,Obras de Integración Socio Urbana,FISU,En ejecución,"166,453,085.54",2023-11-01,100.00%
4759,Buenos Aires,Olavarría,Matadero,Olavarria,OSC,POT,"Obras de Playón deportivo cubierto, espacio recreativo, conexiones e instalaciones intra lote de agua y electricidad y red peatonal",FISU,En ejecución,"357,735,900.11",2023-09-12,53.00%
1561,Buenos Aires,General San Martín,La Carcova,General San Martin,OSC,POT,Obras de instalaciones intra lote de electricidad y mejoramiento de núcleos húmedos (Etapa 2),FISU,Terminado,"341,935,801.17",2023-06-23,100.00%
680,Buenos Aires,San Vicente,San José 1,San Vicente,OSC,POT,Obras de conexiones e instalaciones intra lote de electricidad,FISU,En ejecución,"434,545,389.48",2023-09-25,71.15%
999,Buenos Aires,Berisso,Villa Arguello,Berisso,OSC,POT,Obras de instalaciones intra lote de agua y  electricidad (Etapa 2),FISU,Terminado,"424,859,620.43",2023-07-18,100.00%
2873,Buenos Aires,La Plata,El Mercadito,Tolosa,OSC,POT,Equipamiento recreativo,FISU,En ejecución,"165,978,944.86",2023-11-16,52.65%
1568,Buenos Aires,La Plata,La Isla,Ringuelet,OSC,POT,Obras de Equipamiento comunitario,FISU,En ejecución,"104,801,559.30",2023-09-11,36.90%
2,Buenos Aires,La Plata,Malvinas II,Jose Melchor Romero,OSC,POT,Obras de equipamiento comunitario.,FISU,En ejecución,"47,043,052.92",2023-09-02,30.25%
1055,Buenos Aires,La Plata,Sin Nombre,Los Hornos,OSC,POT,Equipamiento comunitario,FISU,En ejecución,"48,645,065.77",2023-08-29,44.73%
97,Buenos Aires,La Plata,"El Zanjón/""19 y 77""",Altos de San Lorenzo,OSC,POT,Obras de ampliación y mejoramiento de espacio comunitario. (VILLA LENCI 1),FISU,En ejecución,"152,028,205.04",2023-06-26,81.02%
106,Buenos Aires,La Plata,Carlos Agosti,Villa Elvira,OSC,POT,Equipamiento comunitario,FISU,En ejecución,"94,965,445.20",2023-09-24,24.13%
65,Buenos Aires,La Plata,Barrio Nuevo,Jose Melchor Romero,OSC,POT,Equipamiento comunitario,FISU,En ejecución,"172,983,667.33",2023-06-12,69.02%
97,Buenos Aires,La Plata,"El Zanjón/""19 y 77""",Altos de San Lorenzo,OSC,POT,Obras de Equipamiento Comunitario,FISU,En ejecución,"141,136,490.72",2023-08-08,62.14%
35,Buenos Aires,La Plata,San Cayetano,José Melchor romero,OSC,POT,Equipamiento comunitario,FISU,En ejecución,"370,538,682.58",2023-06-21,55.66%
700,Buenos Aires,San Fernando,Ferroviario,Victoria,OSC,POT,Conexiones e instalaciones intralote de electricidad y agua,FISU,En ejecución,"281,038,200.31",2023-09-18,61.93%
2932,Buenos Aires,Lanús,Villa de la Fe,Lanús,OSC,POT,Conexiones e instalaciones intra lote de electricidad y red peatonal (etapa 02),FISU,En ejecución,"335,042,597.50",2023-11-04,24.37%
4748,Buenos Aires,General Pueyrredón,El Casal,Mar del Plata,OSC,POT,"Obra de conexiones e instalaciones intra lote de electricidad, red peatonal, arbolado público y equipamiento urbano",FISU,En ejecución,"123,425,913.89",2023-11-23,27.72%
41,Buenos Aires,La Plata,Los Rosales,Lisandro Olmos,OSC,POT,Red peatonal/ electricidad,FISU,En ejecución,"131,209,850.79",2023-11-19,24.57%
4521,Buenos Aires,La Plata,El Molino,Villa Elisa,OSC,POT,"Obras de conexiones e instalaciones intra lote de electricidad, red peatonal, arbolado público y equipamiento urbano",FISU,En ejecución,"135,508,079.01",2024-07-01,6.02%
322,Buenos Aires,La Plata,Cristo Rey,Jose Melchor Romero,OSC,POT,"conexiones e instalaciones intra lote de electricidad, red peatonal, arbolado público y equipamiento urbano",FISU,En ejecución,"377,353,456.35",2023-05-16,79.89%
3891,Misiones,Apóstoles,La Cantera,Apóstoles,OSC,POT,"Obras de conexiones e instalaciones intra lote de electricidad, red peatonal y arbolado público",FISU,En ejecución,"464,463,132.29",2023-12-22,20.00%
3525/4355,Santiago del Estero,La Banda,La Isla/Reconquista,La Banda/Santiago Del Estero,OSC,POT,B° Reconquista (ID 4355): Obras de Playón deportivo y espacio recreativo. B° La Isla (ID 3525): Obras de Espacio recreativo.,FISU,En ejecución,"457,888,111.17",2023-08-29,68.40%
3749,Río Negro,El Bolsón,La Aldea,El Bolsón,OSC,POT,Equipamiento Productivo,FISU,En ejecución,"938,889,868.40",2023-09-02,60.00%
1571,Buenos Aires,La Matanza,Costa Esperanza,Gonzales Catán,OSC,POT,Equipamiento Productivo,FISU,En ejecución,"254,832,292.89",2023-08-24,41.57%
5293,Buenos Aires,La Matanza,Diecisiete de Septiembre,Gonzalez Catán,OSC,POT,Equipamiento Comunitario,FISU,En ejecución,"201,536,773.24",2023-11-03,11.51%
1574,Buenos Aires,Lomas de Zamora,Las Casuarinas,Temperley,OSC,POT,Equipamiento Productivo,FISU,En ejecución,"86,902,742.96",2023-09-12,20.00%
197,Buenos Aires,Almirante Brown,Villa París,Longchamps,OSC,POT,Equipamiento productivo: Polo textil,FISU,En ejecución,"264,280,637.66",2023-08-31,60.04%
543,Buenos Aires,La Matanza,Santa Cecilia,Gonzalez Catán,OSC,POT,Equipamiento Productivo,FISU,En ejecución,"214,543,466.63",2023-08-10,45.73%
1617,Córdoba,Córdoba Capital,Villa Urquiza,Córdoba Capital,OSC,POT,Obras de conexiones e instalaciones intra lote de electricidad,FISU,En ejecución,"484,845,220.04",2024-04-12,20.81%
6012 / 6011,Tucumán,Monteros,Usina II/La Granja,Villa Quinteros,OSC,POT,"Obras de conexiones e instalaciones intra lote de agua y electricidad, y Núcleos húmedos",FISU,En ejecución,"218,705,573.94",2023-10-23,23.49%
2714,Entre Ríos,Paraná,El Sol,Paraná,OSC,POT,Obras de conexiones e instalaciones intra lote de electricidad y Red peatonal,FISU,Terminado,"324,892,954.33",2023-09-27,100.00%
3121,Entre Ríos,Concordia,Llamarada,Concordia,OSC,POT,"Obras de conexiones e instalaciones intra lote de agua, cloaca y red peatonal.",FISU,En ejecución,"597,233,567.00",2023-09-28,60.45%
2790,Tucumán,San Miguel De Tucumán,Eucaliptus,San Miguel de Tucuman,OSC,POT,Obras de conexiones e instalaciones intra lote de electricidad y red peatonal y arbolado público,FISU,En ejecución,"465,169,071.79",2023-09-29,85.26%
222,Buenos Aires,Malvinas Argentinas,La Hoya,Malvinas Argentinas,OSC,POT,Obras de instalaciones intra lote de electricidad.,FISU,Terminado,"181,124,817.70",2023-06-30,100.00%
397,Buenos Aires,San Isidro,La Cava,San Isidro,OSC,POT,Obras de instalaciones intra lote de electricidad.,FISU,Terminado,"512,562,838.37",2023-06-05,100.00%
1853,Santa Fe,Rosario,San Martin Sur,Rosario,OSC,POT,Obras de conexiones e instalaciones intra lote de electricidad,FISU,En ejecución,"109,075,245.62",2023-12-13,21.81%
3535/3536,Chubut,Trelew,Toma Barrio Norte/Toma Canal,Trelew,OSC,POT,Equipamiento Productivo: Predio Ferial,FISU,En ejecución,"2,127,948,860.35",2023-12-07,17.95%
545,Buenos Aires,San Isidro,Nueva Esperanza,Villa Adelina,OSC,POT,Equipamiento educativo.,FISU,Terminado,"243,398,537.54",2023-03-06,100.00%
2891,Buenos Aires,General Pueyrredón,Nuevo Golf,Mar Del Plata,OSC,POT,"Conexiones intradomiciliarias eléctricas, red peatonal, arbolado público y equipamiento urbano",FISU,En ejecución,"234,324,529.54",2023-12-11,20.00%
52,Buenos Aires,General San Martín,18 de julio,Loma Hermosa,Municipio,PEG,Obras de Integración Socio Urbana,FISU,En ejecución,"622,770,362.78",2023-11-21,21.16%
1159/1119/150/4760,Buenos Aires,Mercedes,El Álamo/Puente Plateado/Geo/Sin nombre,Gowland/Mercedes,OSC,POT,Obras de integracion sociourbana,FISU,En ejecución,"430,983,948.04",2023-08-22,74.12%
652,Buenos Aires,Bahía Blanca,Costa Blanca,Bahia Blanca,OSC,POT,"Obra de intra-lote de electricidad, red peatonal y
equipamiento urbano",FISU,En ejecución,"365,751,660.89",2023-09-18,98.52%
5189,Entre Ríos,Gualeguaychú,Los Espinillos,Gualeguaychu,OSC,POT,Equipamiento Productivo (centro verde),FISU,En ejecución,"268,709,760.41",2023-05-11,34.77%
2093,Salta,Salta Capital,Sanidad 2,Salta Capital,OSC,POT,"Obras de conexiones e instalaciones intra lote de cloaca, electricidad, redpeatonal y arbolado público",FISU,En ejecución,"263,265,217.34",2023-11-09,22.90%
174/374/5664,Buenos Aires,Chivilcoy,Barrio Blanco/Rojas/La victoria,Chivilcoy,OSC,POT,"conexiones e instalacion de agua, cloaca y electricidad, red peatonal y equioamiento urbano",FISU,En ejecución,"403,061,122.56",2023-09-18,80.00%
5661/4761/213,Buenos Aires,Baradero,Dos de septiembre/Sindicatos/La Igualdad,Baradero,Municipio,POT,Obras de Integración Socio Urbana,FISU,En ejecución,"1,437,602,511.87",2023-12-07,0.51%
"3728/3729/3753/3730/3745/4466/4929/4930/4931/4932
",Río Negro,El Bolsón,"Alma Fuerte/Los Ñires/El Renoval/Amancay/La Lagunita/Laguna de los Juncos/Cipresal/Valle del Lindo/Braulio Cárdenas/Buena Vista
",El Bolsón,Municipio,PEG,"ABASTECIMIENTO DE AGUA Y CONEXIONES DOMICILIARIAS, RED MT Y BT ELECTRICA, CONEXIONES DOMICILIARIAS DE RED ELECTRICA, AGRIMENSURA Y DESBOQUE (etapa 01)",FISU,En ejecución,"3,479,412,385.78",2023-12-07,0.44%
5241/5242,Corrientes,Monte Caseros,Fedullo/La Rana,Monte Caseros,OSC,PEG,Obras de Integración Socio Urbana,FISU,En ejecución,"2,293,582,660.77",2023-05-15,30.11%
1947,Misiones,Garupá,Santa Clara 3,Garupá,OSC,POT," OBRAS DE CONEXIONES E INSTALACIONES INTRA LOTE DE AGUA, ELECTRICIDAD, RED PEATONAL Y NÚCLEOS HÚMEDOS",FISU,Terminado,"411,525,220.01",2023-07-18,100.00%
1323,Buenos Aires,Morón,Presidente Ibáñez,Morón,OSC,POT,conexiones e instalaciones intra lote de electricidad,FISU,En ejecución,"334,240,203.14",2023-07-31,34.52%
1157,Buenos Aires,Lomas de Zamora,Dos de Mayo,Villa Fiorito,OSC,POT,Obras de playón polideportivo cubierto - ETAPA 2,FISU,En ejecución,"117,342,589.01",2023-11-10,35.00%
2465,Neuquén,Plottier,Gran Plottier,Plottier,OSC,POT,conexiones e instalaciones intra lote de electricidad,FISU,En ejecución,"186,105,155.07",2023-12-07,20.08%
5890,Santa Fe,Santa Fe,Los Espinillos,San José Del Rincón,OSC,POT,"Obras de conexiones e instalaciones intra lote de electricidad, red peatonal, equipamiento urbano y espacio recreativo ",FISU,En ejecución,"441,935,315.48",2023-07-27,79.81%
1462,Buenos Aires,Lanús,Ilasa,Valentín Alsina,OSC,POT,"conexiones e instalaciones intra lote de electricidad, red peatonal y
equipamiento urbano",FISU,En ejecución,"280,631,071.78",2023-08-07,64.56%
4465,Buenos Aires,La Plata,La Granja,San Carlos,OSC,POT,Obras de integración socio urbana,FISU,En ejecución,"179,657,951.61",2023-11-13,15.54%
1135,Buenos Aires,Quilmes,La Matera,Quilmes Oeste,OSC,POT,Conexiones e instalaciones intra lote de electricidad,FISU,En ejecución,"166,462,581.50",2023-07-31,20.34%
5439,Jujuy,Palpalá,10 Hectáreas,Palpala,OSC,POT,"conexiones e instalaciones intra lote de electricidad, Red peatonal
y arbolado público",FISU,En ejecución,"151,123,868.06",2023-07-24,20.73%
2,Buenos Aires,La Plata,Malvinas II,José Melchor Romero,OSC,POT," conexiones e instalaciones intra lote de
electricidad, red peatonal , arbolado público y euqipamiento urbano",FISU,En ejecución,"344,186,475.16",2023-08-03,67.59%
2603,Ciudad Autónoma de Buenos Aires,Ciudad Autónoma de Buenos Aires,La Carbonilla,La Partenal,OSC,POT,conexiones e instalaciones intra lote de electricidad,FISU,En ejecución,"224,406,959.00",2023-06-21,60.01%
388,Buenos Aires,General San Martín,La Rana,San Andrés,OSC,POT,Conexiones Intra lote de electricidad,FISU,En ejecución,"189,881,976.16",2023-05-27,65.89%
2581,Ciudad Autónoma de Buenos Aires,Ciudad Autónoma de Buenos Aires,Los Piletones,Villa Soldati,OSC,POT,Conexiones e instalaciones intra lote de electricidad,FISU,En ejecución,"214,385,855.58",2023-05-29,67.94%
3452,Mendoza,San Martín,Nestor Kirchner,Palmira,OSC,POT,"conexiones e instalaciones intra
lote de electricidad, red peatonal,
arbolado público y equipamiento urbano",FISU,En ejecución,"401,858,696.17",2023-07-27,60.00%
1756,Santa Fe,Rosario,Villa Banana,Santa Fe,OSC,POT,"Conexiones e instalaciones intra lote de electricidad, red peatonal y arbolado público",FISU,En ejecución,"170,372,382.36",2023-07-31,60.27%
619/1257,Buenos Aires,La Matanza,Villa Madero/Lucero,Ciudad Madero,Municipio,PEG,Obra de Integración Socio Urbana,FISU,En ejecución,"961,048,520.19",2023-10-17,17.44%
4942/4941,Ciudad Autónoma de Buenos Aires,Ciudad Autónoma de Buenos Aires,El Pescadito/Zanchetti,La Boca,OSC,POT,"Obras de conexiones e instalaciones
intra lote de electricidad",FISU,Terminado,"45,921,145.28",2023-05-19,100.00%
551/5390,Buenos Aires,Quilmes,San Ignacio/El Progreso,Bernal Oeste,OSC,POT,"Red Peatonal, arbolado público y equipamiento urbano",FISU,En ejecución,"140,988,928.45",2023-12-30,12.84%
5609/5610 ,Misiones,Puerto Rico,Eucaliptal/Cantera,Puerto Rico,OSC,POT,Centro Verde,FISU,En ejecución,"1,000,132,429.61",2023-08-17,83.14%
540,Buenos Aires,La Matanza,Arroyo Las Víboras,La Matanza,OSC,POT,Equipamiento educativo.,FISU,En ejecución,"181,366,825.84",2023-09-13,38.04%
1621,Córdoba,Córdoba Capital,Anexo Pueyrredón,Córdoba Capital,OSC,POT,Obras de conexiones e instalaciones intra lote de agua y electricidad.,FISU,En ejecución,"162,185,538.62",2023-12-22,20.04%
2318,Chaco,Fontana,Barrio Quebracho,Fontana,OSC,POT,Conexiones e instalaciones intra lote de agua y electricidad.,FISU,En ejecución,"209,590,780.49",2023-10-06,50.06%
3619,Corrientes,Mercedes,Barrio San Pedro,Mercedes,OSC,POT,"Obras de Conexiones e instalaciones intra lote de electricidad y núcleos
húmedos",FISU,En ejecución,"423,217,701.56",2023-05-24,30.17%
2979,Santa Fe,Santa Fe,Doce de Octubre,Santa Fe,OSC,POT,Equipamiento comunitario y espacio recreativo,FISU,En ejecución,"180,120,194.90",2023-08-28,60.38%
4399,Córdoba,Santa María,Loteo social 8 de Agosto,Alta Gracia,OSC,POT,Conexiones e instalaciones intra lote de agua y electricidad,FISU,En ejecución,"56,077,642.27",2023-10-30,32.99%
306,Buenos Aires,General Pueyrredón,Villa Evita,Mar del Plata,OSC,POT,"Obras de conexiones e instalaciones intra lote de agua, cloaca y electricidad",FISU,En ejecución,"975,107,200.39",2023-07-14,100.00%
2910,Buenos Aires,General Pueyrredón,Las Dalias,Gral Pueyrredón,OSC,POT,"Obras de conexiones e instalaciones intra lote de agua, red peatonal y arbolado público",FISU,En ejecución,"153,892,142.72",2023-11-17,20.28%
3822,Chaco,9 de julio,Quinta de ruiz,9 de Julio,OSC,POT,"Obras de conexiones e instalaciones intralote eléctricas, red peatonal y arbolado público (Etapa III)",FISU,En ejecución,"330,570,677.62",2023-10-06,80.83%
715,Buenos Aires,San pedro,La Tosquera,San Pedro,OSC,POT,Obras de Equipamiento Productivo: Nuevo Centro Verde de Reciclado,FISU,En ejecución,"285,645,400.54",2023-03-14,34.16%
548/1283/1279,Buenos Aires,Quilmes,EL TRIANGULO/VEINTISIETE DE MARZO/MALVINAS,Bernal Oeste,OSC,POT,"Obras de conexiones e instalaciones intra lote de agua, cloaca",FISU,En ejecución,"79,597,085.32",2023-10-09,10.00%
5418/5416,Jujuy,San Salvador de Jujuy,Belgrano/Puente Otero,San Salvador De Jujuy,OSC,POT,"Obras de conexiones e instalaciones intra lote de
electricidad, red peatonal y espacio recreativo",FISU,En ejecución,"117,641,725.91",2023-07-31,34.02%
2347,Chaco,Fontana,Balastro II,Fontana,OSC,POT,"Obras de conexiones e instalaciones intra lote de agua, electricidad y Núcleos Húmedos.",FISU,En ejecución,"436,045,581.05",2023-11-23,64.94%
8,Buenos Aires,La Plata,La Fabrica,Gorina,OSC,POT,Conexiones Intradomiciliarias y red peatonal,FISU,En ejecución,"139,829,592.94",2023-05-29,62.69%
1228,Buenos Aires,Florencio Varela,San Rudecindo I,Bosques,OSC,POT,"Obras de Red peatonal, arbolado público y equipamiento urbano",FISU,En ejecución,"97,526,071.58",2023-10-27,20.14%
2871,Buenos Aires,Avellaneda,La Tierrita,Villa Domínico,OSC,POT,Conexiones Intradomiciliarias,FISU,En ejecución,"93,306,922.79",2023-04-28,61.12%
3654,Entre Ríos,Rosario Del Tala,El Pueblito,Rosario del Tala,OSC,POT,Obras de conexiones e instalaciones intra lote de agua y electricidad,FISU,En ejecución,"422,123,094.81",2023-12-05,4.96%
264,Buenos Aires,Florencio Varela,La Carolina,Ingeniero Allan,OSC,POT,"Obras de red peatonal, arbolado público",FISU,En ejecución,"94,907,525.37",2023-10-27,13.05%
1540,Buenos Aires,La Plata,Toba,San Carlos,OSC,POT,Conexiones e instalaciones intra lote de electricidad y red peatonal,FISU,En ejecución,"116,140,739.30",2024-05-14,16.35%
1261,Buenos Aires,San Isidro,San Cayetano,Beccar,OSC,POT,Conexiones e instalaciones intra lote de electricidad,FISU,En ejecución,"91,529,306.53",2023-08-08,33.76%
4913,Buenos Aires,Bahía Blanca,Moresino,Bahía Blanca,OSC,POT,"Conexiones e instalaciones intra lote de electricidad, agua y cloaca, red peatonal, arbolado público y equipamiento urbano",FISU,En ejecución,"145,941,776.32",2023-08-10,20.06%
5002/1293,Buenos Aires,Lomas de Zamora,Fiorito 2/Gabriel Miró,Villa Fiorito,OSC,PEG,Obras de Integración Socio Urbana,FISU,En ejecución,"709,689,193.21",2023-12-11,26.12%
1147,Buenos Aires,General Rodríguez,Parque Granaderos,Fraternidad,OSC,POT,Conexiones e instalaciones de electricidad,FISU,En ejecución,"279,746,630.24",2023-07-18,60.17%
1088,Buenos Aires,La Plata,La Victoria,Arturo Seguí,OSC,POT,Red peatonal,FISU,En ejecución,"85,853,486.85",2023-12-01,25.68%
1566,Buenos Aires,Quilmes,El Fortín,Quilmes,OSC,POT,"Obras de conexiones e instalaciones intra Lote de electricidad, red peatonal, arbolado público y equipamiento urbano",FISU,En ejecución,"290,811,439.36",2023-06-26,53.41%
3252/5422,Jujuy,San Salvador De Jujuy,Nueve de Julio/Veintiocho de mayo,"San Salvador De Jujuy
",OSC,POT,Obras de conexiones e instalaciones intra lote de electricidad y red peatonal,FISU,En ejecución,"196,111,703.52",2023-10-06,47.17%
4674,Jujuy,San Pedro,Nestor Kirchner,San Pedro De Jujuy,OSC,POT,"Obras de conexiones e instalaciones intra lote de
electricidad, red peatonal y arbolado público.",FISU,En ejecución,"251,883,417.91",2023-05-08,80.24%
1923,Misiones,Posadas,Chacra 159,Posadas,OSC,POT,"Obras de conexiones e instalaciones intra
lote de electricidad, Red peatonal y arbolado público",FISU,Terminado,"178,695,508.59",2023-04-03,100.00%
3067,Formosa,Formosa,El quebrachito,Formosa,OSC,POT,"Obras de conexiones e instalaciones intra lote de electricidad, Red peatonal y arbolado público",FISU,En ejecución,"245,861,102.04",2023-07-20,71.60%
4762,Chaco,San Fernando,San Expedito,Resistencia,OSC,POT,Obras de conexiones e instalaciones intra lote de agua y electricidad,FISU,En ejecución,"78,584,841.85",2023-10-30,20.33%
1786,Santa Fe,Rosario,Los Pumitas,Rosario,OSC,POT,Obras de equipamiento comunitario y espacio recreativo,FISU,En ejecución,"120,435,417.87",2023-10-17,33.04%
1796,Santa Fe,Rosario,Santa Rosa,Rosario,OSC,POT,Red Peatonal y Equipamiento Urbano,FISU,En ejecución,"87,848,304.99",2023-06-01,69.19%
2986,Santa Fe,Santa Fe,Barrio Cabal,Santa Fe,OSC,POT,Centro Verde,FISU,En ejecución,"1,825,541,782.53",2023-07-31,55.08%
2674,Entre Ríos,Paraná,Cuatro de Junio,Parana,OSC,POT,Conexiones Intradomiciliarias y Red peatonal,FISU,En ejecución,"90,464,674.28",2023-05-12,12.14%
5694,Neuquén,Neuquén,Huiliches,Confluencia,OSC,POT,"Obras de conexiones e instalaciones intra lote a la red eléctrica, de agua",FISU,En ejecución,"31,234,004.23",2023-05-26,20.10%
3482,Santiago del Estero,La Banda,Río Dulce,La Banda,OSC,POT,"Obras de conexiones e instalaciones intra lote de electricidad, red peatonal y arbolado público",FISU,En ejecución,"464,626,995.28",2023-10-06,67.24%
5290/1101,Buenos Aires,La Matanza,Barrio Veintiocho de Octubre/Barrio Gauchito Gil,Ciudad Evita,OSC,POT,POT B° Veintiocho de octubre - Gauchito Gil (ID 5290 - 1101) Relocalizaciones,FISU,En ejecución,"379,720,049.98",2023-12-07,20.05%
,Buenos Aires,General Pueyrredón,,Mar Del Plata,OSC,LOTES,El Martillo - Equipamientos Etapa 3,FISU,En ejecución,"395,163,153.04",2023-10-20,100.00%
1469,Buenos Aires,Lanús,Eva Perón,Lanús Oeste,OSC,POT,Equipamiento comunitario y refacción de polideportivo,FISU,En ejecución,"681,637,970.81",2023-10-23,85.64%
673,Buenos Aires,San Nicolás,Provincianos,San Nicolás De Los Arroyos,OSC,POT,Equipamiento Comunitario,FISU,Terminado,"252,347,711.31",2023-09-26,100.00%
1091,Buenos Aires,Quilmes,El Monte,Quilmes,OSC,POT,Equipamiento Socio Comunitario,FISU,En ejecución,"256,024,641.61",2023-09-27,79.69%
,Buenos Aires,Olavarría,,Olavarría,OSC,LOTES,Adquisición de tierra privada,FISU,En ejecución,"2,053,144,497.42",2023-12-26,20.37%
4295,Buenos Aires,General Pueyrredón,BP San Jacinto,Mar Del Plata,OSC,POT,Casa Convivencial,FISU,En ejecución,"1,009,619,712.91",2023-10-19,91.93%
,Buenos Aires,Florencio Varela,,Florencio Varela,OSC,LOTES,Adquisición de tierra privada,FISU,En ejecución,"1,999,192,847.65",2024-02-09,20.13%
2645,Río Negro,San Carlos De Bariloche,Sector de La Manzana 200,San Carlos De Bariloche,Coop. de servicios,POT,"Red eléctrica de media tensión, baja tensión y alumbrado público.",FISU,En ejecución,"53,242,728.92",2023-10-02,95.62%
495,Buenos Aires,General Rodríguez,El Ombú,General Rodríguez,Municipio,POT,Obras de integración socio urbana,FISU,En ejecución,"1,206,767,144.87",2024-04-19,20.02%
598 / 987,Buenos Aires,Luján,La Loma / San Fermín,Luján,OSC,POT,Obras de integracion socio Urbana,FISU,En ejecución,"1,515,892,152.17",2023-12-15,12.05%
2795,Tucumán,San Miguel De Tucumán,El Salvador,San Miguel De Tucumán,OSC,POT,Construccion de Núcleo Húmedo,FISU,En ejecución,"460,994,526.79",2023-10-02,31.46%
1001,Buenos Aires,Berisso,Villa Nueva,Berisso,Municipio,POT,Construcción de Equipamiento Comunitario,FISU,En ejecución,"339,533,741.64",2024-05-14,6.09%
2412,Corrientes,Corrientes,Pirayui 1,Corrientes,OSC,POT,Casa Convivencial,FISU,En ejecución,"72,968,109.41",2023-11-03,41.98%
498/354/1231,Buenos Aires,General Rodriguez/Mercedes/Marcos Paz,Villa Raffo/Facundo Quiroga/Torchiaro,Marcos Paz - General Rodriguez - Mercedes,OSC,POT,Centro Barrial,FISU,En ejecución,"977,685,176.58",2023-09-28,100.00%
,Buenos Aires,Tandil,,Tandil,OSC,LOTES,Adquisición de tierra privada,FISU,En ejecución,"1,026,418,623.62",2023-10-30,37.43%
,Mendoza,Las Heras,,El Challao,OSC,LOTES,Playón y SUM deportivo en L° 4° B° Integral Coop. Urbanización y vivienda Barrio General San Martín,FISU,En ejecución,"513,853,906.07",2023-08-31,49.81%
,Buenos Aires,General Pueyrredón,,Mar Del Plata,OSC,LOTES,Obras de Equipamiento Comunitario Etapa I,FISU,En ejecución,"1,724,949,903.12",2023-08-14,21.17%
4692/1906/1801,Santa Fe,Rosario,Tio Rolo/Bella Vista/Tío Rolo,Rosario,Municipio,POT,Red de agua y mejoramiento vial,FISU,Terminado,"165,668,535.44",2023-05-10,100.00%
5887/5888,Santa Fe,Recreo,Comunidad Mocoit Com Caia/Comunidad Mocoit Com Caia,La Capital,Municipio,POT,Red de Agua y conexiones domiciliarias,FISU,En ejecución,"222,087,431.72",2023-12-21,33.30%
740,Buenos Aires,Bahía Blanca,Saladero,Ingeniero White,OSC,POT,Obras de integracion socio urbana (etapa 2),FISU,En ejecución,"265,092,259.71",2024-06-11,20.44%
4359/115/418,Buenos Aires,Azul,Villa Piazza Sur / San Martín de Porres / Villa Giamatolo,Azul,OSC,POT,"Instalaciones intradomiciliarias de agua y electricidad, veredas y Centro Barrial",FISU,En ejecución,"502,832,105.95",2023-12-06,28.00%
5290/1101,Buenos Aires,La Matanza,Barrio Veintiocho de Octubre/Barrio Gauchito Gil,Ciudad Evita,Municipio,POT,POT B° Veintiocho de octubre - Gauchito Gil (ID 5290 - 1101) Infraestructura,FISU,En ejecución,"1,524,703,806.89",2024-05-20,3.99%
1032,Buenos Aires,Moreno,La Porteña,Moreno,OSC,POT,Centro barrial y espacio público,FISU,En ejecución,"248,770,997.74",2023-07-31,50.37%
5290/1101,Buenos Aires,La Matanza,Barrio Veintiocho de Octubre/Barrio Gauchito Gil,Ciudad Evita,OSC,POT,POT B° Veintiocho de octubre - Gauchito Gil (ID 5290 - 1101) Equipamiento comunitario,FISU,En ejecución,"3,365,781,707.39",2023-09-15,60.03%
284/215/280/289,Buenos Aires,Zárate,"“Los Sauces”, “Ascarate”, “6 de Agosto”, “Agua y Energía”",Zarate,Coop. de servicios,POT,"Red Eléctrica, Alumbrado Público y Conexiones Domiciliarias",FISU,En ejecución,"198,699,402.31",2023-06-23,45.73%
4277,Córdoba,Córdoba Capital,Parque Las Rosas,Córdoba Capital,OSC,POT,Red Peatonal,FISU,En ejecución,"157,900,241.04",2023-08-25,60.87%
,San Juan,Ullum,,Ullum,OSC,LOTES,Adquisición de tierra privada,FISU,Pagado,"3,600,135,542.16",,
,Buenos Aires,General Pueyrredón,,Mar del Plata,OSC,LOTES,Adquisición de tierra privada,FISU,En ejecución,"1,101,957,704.97",2023-11-06,29.61%
,Buenos Aires,Mercedes,,Mercedes,OSC,LOTES,Adquisición de predio y ejecución de infraestructura para 190 lotes con servicios,FISU,En ejecución,"2,549,340,603.16",2023-12-04,20.37%
,Córdoba,Santa María,,Alta Gracia,OSC,LOTES,Adquisición de tierra privada,FISU,En ejecución,"2,089,751,457.43",2024-01-02,20.24%
,Buenos Aires,25 de Mayo,,25 de Mayo,OSC,LOTES,Adquisición de tierra privada,FISU,Pagado,"1,745,188,721.04",,
2045,Misiones,Eldorado,Elena,Eldorado,OSC,POT,Centro Barrial  ,FISU,En ejecución,"303,343,986.43",2023-09-22,45.31%
304,Buenos Aires,La Plata,Savoia,City Bell,OSC,POT,Construcción Plaza con Equipamiento Comunitario,FISU,En ejecución,"39,358,539.10",2023-12-06,34.43%
1475,Buenos Aires,Pilar,El Manzanar,Villa Rosa,Municipio,POT,Obras de Integración Socio Urbana,FISU,Terminado,"484,461,821.30",2023-09-15,100.00%
5994,Tucumán,Graneros,Colegiales,Graneros,Municipio,POT,Obras de Interación Socio Urbana,FISU,En ejecución,"708,909,706.46",2023-10-02,7.33%
,Buenos Aires,General Pueyrredón,,Mar Del Plata,OSC,LOTES,El Martillo - Equipamientos Etapa 2,FISU,En ejecución,"765,122,454.08",2023-10-06,100.00%
,Córdoba,Capital,,Capital,OSC,LOTES,Adquisición de tierra privada,FISU,Pagado,"694,749,888.79",,
2749,Tucumán,San Miguel De Tucumán,Francisco 1,San Miguel De Tucumán,OSC,POT,Construccion de Núcleo Húmedo,FISU,En ejecución,"523,667,865.57",2023-10-02,31.32%
,Córdoba,Tulumba,,Sebastian Elcano,OSC,LOTES,Adquisición de tierra privada,FISU,En ejecución,"876,748,424.85",2023-10-27,33.40%
2790,Tucumán,San Miguel De Tucumán,Eucaliptus,San Miguel De Tucumán,Provincia,POT,"Red de agua, Red cloacal y Conexiones domiciliarias.",FISU,En ejecución,"180,438,522.12",2024-04-10,17.88%
4119/4120/4121,Tucumán,Tafí Viejo,"Divino Niño Jesús, Cortada de Matorel y Ampliación Meloni",Tafí Viejo,Municipio,POT,"Obras de Alumbrado Publico, Red de Distribución Eléctrica y Conexiones Intra - lote de Red
Eléctrica en Barrio Divino Niño Jesús, Cortada de Martorell y Ampliación Meloni – Localidad de Tafí Viejo, Municipio de Tafí Viejo.",FISU,En ejecución,"88,153,329.01",2023-05-19,63.06%
,Entre Ríos,Paraná,,Paraná,OSC,LOTES,Adquisición de tierra privada,FISU,Pagado,"3,323,853,580.10",,
966/5345,Buenos Aires,Luján,Lezica y B° Sin Nombre,Lezica y Torrezuri,OSC,POT,"Obras de conexiones e instalaciones intra lote electricas, red peatonal, arbolado publico y equipamiento urbano",FISU,En ejecución,"232,683,107.22",2023-05-05,76.90%
2924,Buenos Aires,Quilmes,IAPI,Bernal Oeste,OSC,POT,Obras de Equipamiento comunitario,FISU,En ejecución,"135,360,703.35",2023-04-20,100.00%
3527,Santiago del Estero,Santiago Del Estero,Barrio General Paz,Santiago Del Estero,OSC,POT,Centro Barrial (equipamiento comunitario),FISU,En ejecución,"164,372,134.93",2023-09-20,66.36%
3194,Jujuy,San Salvador De Jujuy,Trece de Julio,San Salvador De Jujuy,OSC,POT,Centro Barrial  ,FISU,En ejecución,"65,354,820.29",2023-09-05,86.94%
,Chaco,Resistencia,,Resistencia,OSC,LOTES,Adquisición de tierra privada,FISU,En ejecución,"2,640,876,200.57",2023-10-27,2.56%
,Santa Fe,Santa Fe,,Recreo,OSC,LOTES,Adquisición de predio y ejecución de infraestructura para 130 lotes con servicios,FISU,En ejecución,"999,379,849.90",2024-01-02,14.45%
,Buenos Aires,General Pueyrredón,,Mar Del Plata,OSC,LOTES,"Tareas Preparatorias para Lotes con servicios en El Martillo, Mar del Plata.        ",FISU,En ejecución,"39,467,386.23",2023-04-24,100.00%
4031,Santa Fe,Reconquista,Los Piletones,Reconquista,Municipio,PEG,Red peatonal - Red vial - Sistema pluvial - Red de agua - Red cloacal - Red eléctrica y alumbrado - Espacios productivos y viviendas,FISU,En ejecución,"1,361,024,895.35",2023-09-01,8.62%
5290/1101,Buenos Aires,La Matanza,Barrio Veintiocho de Octubre/Barrio Gauchito Gil,Ciudad Evita,OSC,POT,POT B° Veintiocho de octubre - Gauchito Gil ,FISU,En ejecución,"2,607,793,019.90",2023-09-18,21.68%
5239,Corrientes,Monte Caseros,San Ramón Sur,Monte Caseros,OSC,PEG,Obras de Integración Socio Urbana.,FISU,En ejecución,"3,299,969,638.66",2023-04-04,34.36%
1270,Buenos Aires,Quilmes,Santa Lucia,Quilmes Oeste,OSC,POT,Obras de conexiones e instalaciones intra lote de agua,FISU,Terminado,"299,319,375.53",2023-03-13,100.00%
,Buenos Aires,San Vicente,,Domselaar,OSC,LOTES,Adquisición de predio y ejecución de infraestructura para 57 lotes con servicios,FISU,En ejecución,"646,188,410.78",2024-01-26,11.21%
,Neuquén,San Martín de los Andes,,San Martín de los Andes,OSC,LOTES,Adquisición de tierra privada y desarrollo de infraestructura para 408 lotes con servicios,FISU,En ejecución,"3,419,717,799.32",2023-12-04,13.87%
5861,San Luis,Merlo,El Pantanillo,Merlo,Municipio,POT,Obras de Integración Socio Urbana.,FISU,En ejecución,"1,069,682,087.93",2024-06-01,7.62%
77,Buenos Aires,La Plata,Las Rosas,José Melchor Romero,Coop. de servicios,POT,Red cloacal y Conexiones Domiciliarias,FISU,En ejecución,"956,760,316.19",2023-08-21,22.46%
4135,Tucumán,Aguilares,Ampliacón 11 de Marzo,Aguilares,Municipio,POT,Obras de Integracion Socio Urbana,FISU,En ejecución,"1,444,552,695.30",2024-04-11,17.38%
4577/155/775,Buenos Aires,La Plata,Abasto Nuevo/516Bis y 220/Villa San Martín,Abasto,Coop. de servicios,POT,Red de agua y Red electrica,FISU,En ejecución,"782,144,747.05",2023-11-24,20.05%
,Buenos Aires,Pergamino,,Pergamino,OSC,LOTES,Adquisición de tierra privada,FISU,Pagado,"5,684,616,775.90",,
,Entre Ríos,Paraná,,Paraná,OSC,LOTES,Adquisición de tierra privada y desarrollo de infraestructura para 136 lotes con servicios,FISU,Pagado,"2,462,678,809.12",,
,Buenos Aires,Presidente Perón,,Guernica,OSC,LOTES,Adquisición de tierra privada y desarrollo de infraestructura para 259 lotes con servicios,FISU,En ejecución,"2,708,020,988.26",2023-11-10,27.91%
3105,Salta,Metán,Los Laureles,Metán,Municipio,POT,Red de agua potable e instalaciones intra domiciliarias,FISU,En ejecución,"202,385,816.02",2023-06-26,41.64%
1506,Buenos Aires,Presidente Perón,San Roque,Guernica,Municipio,POT,Alumbrado Püblico,FISU,En ejecución,"267,016,963.21",2023-09-21,100.00%
1182/1014,Buenos Aires,Lanús,Diez de Enero / Gaia,Lanús Oeste,OSC,POT,Obras de Equipamiento Productivo: Nuevo Centro Verde de Reciclado,FISU,En ejecución,"1,439,890,332.58",2023-05-08,36.62%
,Santa Fe,Garay,,Helvecia,OSC,LOTES,Adquisición de tierra privada y desarrollo de infraestructura para 102 lotes con servicios,FISU,Pagado,"1,850,799,570.55",,
3232,Jujuy,Dr. Manuel Belgrano,Mirador 2,San Salvador de Jujuy,OSC,POT,"Obras de instalaciones intra lote de agua, cloaca y electricidad.",FISU,En ejecución,"244,958,636.95",2023-07-17,21.95%
,Tucumán,Lules,,Santa Bárbara,OSC,LOTES,Adquisición de tierra privada y desarrollo de infraestructura para 261 lotes con servicios,FISU,En ejecución,"2,890,084,142.88",2023-12-19,12.49%
4023,Santa Fe,Reconquista,San Francisco de Asis,Reconquista,Municipio,POT,Nucleos Humedos,FISU,En ejecución,"254,494,410.06",2023-03-27,60.06%
4024,Santa Fe,Reconquista,Barrio Nuevo,Reconquista,Municipio,POT,Equipamiento comunitario y Núcleos húmedos,FISU,En ejecución,"214,420,780.16",2023-03-09,63.73%
4903,Tierra del Fuego,Tolhuin,Altos de la Montaña,Tolhuin,Municipio,POT,Plaza Integradora Barrio Altos de la Montaña,FISU,En ejecución,"171,117,045.02",2023-12-12,29.22%
,La Rioja,Capital,,La Rioja,Provincia,LOTES,"Lotes con servicios, Red de agua – Red cloacal - Red vial - Sistema pluvial - Red eléctrica y alumbrado Red peatonal Arbolado público",FISU,En ejecución,"1,579,392,089.93",2023-10-24,12.97%
,Buenos Aires,Pergamino,,Rene Favaloro,OSC,LOTES,Adquisición de tierra privada y desarrollo de infraestructura para 116 lotes con servicios,FISU,En ejecución,"1,891,293,687.99",2024-01-05,20.11%
2440/2478,Neuquén,Neuquén,Valentina Norte Rural Sector Los Hornos/ Barrio Alma Fuerte 2,Neuquén,Coop. de servicios,POT,"Red de Baja tensión, alumbrado público y conexiones domiciliarias.",FISU,En ejecución,"173,890,521.66",2023-06-10,60.18%
2278,Chaco,Resistencia,La Rubita,Resistencia,Provincia,POT,Desagues pluviales y red vial,FISU,En ejecución,"1,498,830,254.73",2023-05-20,29.32%
2278,Chaco,Resistencia,La Rubita,Resistencia,Provincia,POT,"Red eléctrica, alumbrado publico y conexiones domiciliarias",FISU,En ejecución,"874,580,172.42",2023-04-10,7.83%
551,Buenos Aires,Quilmes,San Ignacio,Bernal Oeste,OSC,POT,Obras de conexiones e instalaciones intra lote de agua,FISU,En ejecución,"85,583,560.46",2023-02-25,100.00%
,Buenos Aires,La Plata,,Etcheverry,OSC,LOTES,Adquisición de tierra privada y desarrollo de infraestructura para 119 lotes con servicios,FISU,En ejecución,"1,689,536,676.70",2024-01-19,21.16%
,Córdoba,Córdoba Capital,,Córdoba Capital,OSC,LOTES,Adquisición de tierra privada y desarrollo de infraestructura para 207 lotes con servicios,FISU,En ejecución,"1,549,079,175.57",2023-08-31,61.01%
1235,Buenos Aires,Escobar,Amancay,Maquinista Savio,OSC,POT,"Obras de Equipamiento urbano, Red peatonal y Arbolado publico",FISU,En ejecución,"133,304,821.49",2023-02-17,67.58%
4254,Buenos Aires,General San Martín,Villa Hidalgo,José León Suarez,OSC,POT,Red de Cloaca con conexiones domiciliarias,FISU,En ejecución,"149,751,415.84",2023-02-27,100.00%
5696,Neuquén,Senillosa,Loteo Social CH,Senillosa,OSC,POT,Obras de conexiones e instalaciones intra lote de electricidad,FISU,En ejecución,"121,953,629.78",2023-02-01,100.00%
875/876/1003/1017,Buenos Aires,General Pueyrredón,Parque Peña,Mar Del Plata,OSC,POT,"Obras de conexiones e instalaciones intra lote eléctricas, red peatonal, arbolado público y equipamiento urbano",FISU,En ejecución,"101,669,282.47",2023-03-10,78.91%
4073,Tucumán,Alderetes,Julio Abraham,Alderetes,Municipio,POT,Obras de integracion socio urbana,FISU,En ejecución,"6,205,538,574.24",2023-05-22,27.23%
2295,Chaco,Resistencia,Ex Campo Zampa,Resistencia,OSC,POT,Obras de conexiones e instalaciones intra lote de agua y Núcleos Húmedos (Etapa 3)- Barrio Ex Campo Zampa,FISU,En ejecución,"181,681,849.01",2023-02-07,38.31%
,Mendoza,Guaymallén,,Guaymallén,OSC,LOTES,Adquisición de predio y ejecución de infraestructura para 104 lotes con servicios,FISU,En ejecución,"1,335,574,530.56",2023-12-26,20.40%
,Mendoza,Maipú,,San Roque,OSC,LOTES,Adquisición de predio y ejecución de infraestructura para 165 lotes con servicios,FISU,En ejecución,"2,592,298,211.29",2024-01-22,7.71%
3972,Santa Fe,Avellaneda,Barrio Ru,Avellaneda,Municipio,PEG,"Obras de integracion socio urbana, red peatonal y mobiliario urbano, red vial, sistema pluvial, red de agua, red cloacal, red electrica y alumbrado, obras de refuncionalizacion, vivienda nueva",FISU,En ejecución,"1,002,214,158.24",2024-05-02,1.31%
,Catamarca,San Fernando Del Valle De Catamarca,,San Fernando Del Valle De Catamarca,Municipio,LOTES,Ejecución de 250 Lotes con Servicios,FISU,En ejecución,"3,015,626,452.75",2023-12-04,42.66%
,Córdoba,Capital,,Córdoba Capital,OSC,LOTES,Adquisición de predio y ejecución de infraestructura para 121 lotes con servicios,FISU,En ejecución,"1,629,395,731.04",2023-08-18,13.30%
,Buenos Aires,Bahía Blanca,,Bahía Blanca,OSC,LOTES,Adquisición de predio y ejecución de infraestructura para 154 lotes con servicios,FISU,Pagado,"3,355,538,411.26",,
1.55.4,Buenos Aires,General Pueyrredón,Fortunato de la Plaza,Mar Del Plata,OSC,VIVIENDA,Viviendas en lotes con servicios: Fortunato de la Plaza,FISU,En ejecución,"661,723,827.85",2023-01-02,60.71%
1.55.4,Buenos Aires,General Pueyrredón,Fortunato de la Plaza,Mar Del Plata,OSC,VIVIENDA,Viviendas en lotes con servicios: Fortunato de la Plaza,FISU,En ejecución,"126,570,792.21",2023-01-02,43.94%
1.55.4,Buenos Aires,General Pueyrredón,Fortunato de la Plaza,Mar Del Plata,OSC,VIVIENDA,Viviendas en lotes con servicios: Fortunato de la Plaza,FISU,En ejecución,"84,659,438.67",2023-01-02,57.02%
,Buenos Aires,Chivilcoy,,Chivilcoy,OSC,LOTES,Adquisición de tierra privada,FISU,En ejecución,"1,167,060,172.41",2023-12-06,20.08%
3541,Chubut,Puerto Madryn,El Poligono,Puerto Madryn,Coop. de servicios,POT,"Red de Media y baja tensión, alumbrado público y conexiones domiciliarias",FISU,En ejecución,"489,742,779.34",2023-06-22,23.99%
1201,Buenos Aires,Merlo,Villa Amelia,Libertad,Municipio,POT,Obras de Integración Socio Urbana,FISU,En ejecución,"27,432,988.95",2023-10-06,22.44%
115/418,Buenos Aires,Azul,San Martín de Porres / Villa Giamatolo,Azul,Coop. de servicios,POT,Red eléctrica y alumbrado y Conexiones domiciliarias,FISU,Terminado,"270,281,153.30",2023-02-23,100.00%
,Santiago del Estero,Santiago del Estero,,Maco,OSC,LOTES,Adquisición de tierra privada y desarrollo de infraestructura para lotes con servicios,FISU,En ejecución,"625,115,008.08",2023-10-19,24.66%
,Neuquén,Confluencia,,Vista Alegre,OSC,LOTES,Adquisición de tierra privada y desarrollo de infraestructura para 259lotes con servicios,FISU,En ejecución,"2,779,021,593.99",2023-12-04,23.59%
2754,Tucumán,San Miguel De Tucumán,San Aníbal,San Miguel De Tucumán,OSC,POT,Construcción de Nucleos Humedos,FISU,En ejecución,"250,570,930.68",2023-02-06,89.78%
547,Buenos Aires,Berisso,Santa Teresita II - Q1,Berisso,Municipio,POT,Obras de Integración Socio Urbana,FISU,En ejecución,"495,209,016.94",2023-12-05,10.52%
3753/3729/3741/3728,Río Negro,El Bolsón,"El Renoval, Los Ñires, Veintiuno de Septiembre y Almafuerte",El Bolsón,OSC,POT,Obras de conexiones e instalaciones intra lote de electricidad,FISU,Terminado,"96,006,732.37",2023-01-26,100.00%
751,Buenos Aires,Esteban Echeverría,San Ignacio,El Jagüel,OSC,POT,Obras de espacio recreativo,FISU,En ejecución,"90,747,646.02",2023-02-02,100.00%
2678,Entre Ríos,Paraná,Bajada Grande,Paraná,OSC,POT,Obras de red peatonal,FISU,Terminado,"70,943,984.21",2023-02-01,100.00%
1788/1750,Santa Fe,Pérez,Barrio Jardín/El Fachinal,Pérez,Municipio,POT,"Red eléctrica , Conexiones domiciliarias y Alumbrado público",FISU,En ejecución,"230,875,228.01",2023-08-22,0.00%
2577,Ciudad Autónoma de Buenos Aires,Ciudad Autónoma de Buenos Aires,Villa 1/11/14,Flores,OSC,POT,Obras de Equipamiento comunitario,FISU,En ejecución,"68,563,393.71",2023-01-16,100.00%
2745,Tucumán,San Miguel De Tucumán,ATE,San Miguel De Tucumán,Provincia,POT,"Red de agua , Red de Cloaca y conexiones domiciliarias",FISU,En ejecución,"563,653,315.18",2024-04-11,34.41%
4507,Tucumán,San Miguel De Tucumán,Ampliación Muñecas III,San Miguel De Tucumán,Provincia,POT,"Red de agua, Red cloacal y Conexiones domiciliarias.",FISU,En ejecución,"340,902,517.28",2023-10-17,27.29%
2763,Tucumán,San Miguel De Tucumán,Barrio Margaritas,San Miguel De Tucumán,Provincia,POT,Red de agua y de Red de Cloaca con conexiones domiciliarias.,FISU,En ejecución,"272,522,668.56",2023-07-07,100.00%
2779,Tucumán,San Miguel De Tucumán,Ciudadela Norte,San Miguel De Tucumán,Provincia,POT,Red de Agua y Red de Cloaca,FISU,Terminado,"189,517,374.50",2023-05-31,100.00%
,San Juan,Rawson,,Rawson,OSC,LOTES,Adquisición de predio y ejecución de infraestructura para 191 lotes con servicios,FISU,En ejecución,"2,201,128,712.63",2023-12-19,25.90%
,Mendoza,Lavalle,,Colonia 3 de Mayo,OSC,LOTES,Adquisición de predio y ejecución de infraestructura para 159 lotes con servicios,FISU,En ejecución,"2,555,785,071.94",2024-02-27,21.44%
,Formosa,Formosa,,Formosa,OSC,LOTES,Adquisición de predio y ejecución de infraestructura para 186 lotes con servicios,FISU,Pagado,"2,844,886,298.11",,
747,Buenos Aires,Zárate,Anta,Zárate,Coop. de servicios,POT,"Red Eléctrica, Conexiones Domiciliarias y Alumbrado Público.",FISU,Terminado,"19,013,783.83",2023-04-19,100.00%
1096,Buenos Aires,Zárate,Irigoyen,Zárate,Coop. de servicios,POT,"Red Eléctrica, Conexiones Domiciliarias y Alumbrado Público",FISU,En ejecución,"137,545,577.49",2023-03-06,78.18%
,Buenos Aires,General Rodríguez,,General Rodríguez,OSC,LOTES,Adquisición de predio y ejecución de infraestructura para 110 lotes con servicios,FISU,En ejecución,"1,746,419,906.92",2023-09-18,21.77%
4042/4112,Tucumán,Famaillá,San Francisco- Badaguer,Famaillá,Municipio,POT,"Red Vial, Cordón Cuneta, Nucleos húmedos",FISU,En ejecución,"446,317,029.27",2023-03-27,60.03%
,Buenos Aires,Florencio Varela,,Villa Brown,OSC,LOTES,Ejecución de infraestructura para 744 lotes con servicios,FISU,En ejecución,"1,489,736,829.96",2023-10-26,10.16%
,Córdoba,Córdoba Capital,,Córdoba Capital,SIN UE,LOTES (Adq.),Adquisición de predio para la construcción de 341 lotes con servicios,FISU,Terminado,"464,989,591.73",,
2880/2937/545/2938,Buenos Aires,San Isidro,Barrio Ferroviario Santa Rosa-Villa Ruedita- Nueva Esperanza- El Ombu,Boulogne Sur Mer,Municipio,POT,Obras de Integracion Socio urbana,FISU,En ejecución,"778,284,337.35",2023-09-08,29.14%
,Buenos Aires,Lanús,,Valentín Alsina,SIN UE,LOTES (Adq.),Adquisición de predio para la construcción de 126 lotes con servicios,FISU,Terminado,"2,519,277,918.04",,
2766,Tucumán,San Miguel De Tucumán,Ampliación Federal,San Miguel De Tucumán,OSC,POT,Construcción de Nucleos Humedos,FISU,En ejecución,"271,205,369.99",2023-01-13,75.44%
,Santa Fe,Santa Fe,,Santo Tomé,OSC,LOTES,Adquisición de tierra privada,FISU,En ejecución,"1,507,069,477.81",2023-11-09,21.13%
,Buenos Aires,Escobar,,Escobar,OSC,LOTES,Adquisición de tierra privada,FISU,En ejecución,"1,388,753,977.95",2023-09-20,60.05%
,Entre Ríos,Paraná,,Paraná,OSC,LOTES,Adquisición de tierra privada,FISU,Pagado,"2,461,525,761.48",,
3655/4698,Entre Ríos,Diamante,San Martín / Martin Fierro,Diamante,OSC,POT,Obras de integración socio urbana,FISU,En ejecución,"188,147,962.99",2023-12-22,9.38%
2779,Tucumán,San Miguel De Tucumán,Ciudadela Norte,San Miguel De Tucumán,OSC,POT,Construccion de NUCLEOS HUMEDOS,FISU,En ejecución,"344,499,894.82",2023-01-17,73.66%
4731,Buenos Aires,Tigre,Ricardo Rojas,Ricardo Rojas,Municipio,POT,Instalaciones intra-domiciliarias de electricidad,FISU,En ejecución,"68,038,646.27",2023-05-29,9.04%
2763,Tucumán,San Miguel De Tucumán,Barrio Margaritas,San Miguel De Tucumán,OSC,POT,Construcción de Nucleos Humedos,FISU,En ejecución,"308,905,693.62",2023-01-17,74.65%
888,Buenos Aires,Hurlingham,Dos de Abril,Villa Tesei,OSC,POT,Playón deportivo cubierto y espacio recreativo,FISU,En ejecución,"172,767,875.03",2022-11-23,21.07%
483/584/337/550,Buenos Aires,Almirante Brown,"Kanmar, Pueblo Unido, Almafuerte, El Ombú II",Glew,OSC,POT,"Obras para la gestión de residuos sólidos urbanos en barrios populares: módulo de transferencia, cicatrización, espacios recreativos, y equipamiento urbano.",FISU,En ejecución,"374,684,290.88",2022-12-30,87.19%
264/487/93,Buenos Aires,Florencio Varela,"La Carolina, La Esperanza, El Parque",Ingeniero Allan,Municipio,POT,Obras de integración socio urbana para la gestión de los residuos sólidos urbanos.,FISU,En ejecución,"870,431,502.22",2023-08-17,5.63%
4295,Buenos Aires,General Pueyrredón,San Jacinto,Mar Del Plata,OSC,POT,Obras de Integración Socio Urbana - Barrio San Jacinto (ID 4295),FISU,En ejecución,"1,133,059,682.61",2023-05-23,55.00%
2994,Santa Fe,Santa Fe,Estanislao López,Santa Fe,OSC,POT,"Obras de conexiones e instalaciones intra lote de agua y cloaca (sistema alternativo), red peatonal y espacio recreativo - Etapa II",FISU,En ejecución,"208,580,967.81",2023-04-17,100.00%
1466,Buenos Aires,Tigre,Aguirre,Rincón De Milberg,OSC,POT,Obras de conexiones e instalaciones intra lote de agua y electricidad,FISU,En ejecución,"104,963,754.08",2023-05-31,60.08%
630,Buenos Aires,General San Martín,Eucaliptus,José León Suárez,OSC,POT,Obras de conexiones e instalaciones intra lote de agua,FISU,Terminado,"84,898,762.72",2023-02-06,100.00%
4173,Entre Ríos,La Paz,La Ribera,La Paz,OSC,POT,Obras de integración socio urbana,FISU,En ejecución,"417,158,022.73",2023-09-11,61.02%
,Chaco,Gral Guemes,,Juan José Castelli,OSC,LOTES,Adquisición de predio y ejecución de infraestructura para 74 lotes con servicios,FISU,Pagado,"976,969,657.64",,
,Formosa,Formosa,,Formosa,Municipio,LOTES,Ejecución de infraestructura para 35 lotes con servicios,FISU,En ejecución,"440,884,861.23",2023-07-10,35.53%
,Buenos Aires,General Pueyrredón,,Mar del Plata,OSC,LOTES,Adquisición de predio y ejecución de infraestructura para 57 lotes con servicios,FISU,En ejecución,"1,143,090,479.16",2023-11-22,24.98%
,Jujuy,Dr. Manuel Belgrano,,La Almona,OSC,LOTES,Adquisición de predio y ejecución de infraestructura para 217 lotes con servicios,FISU,En ejecución,"2,880,668,306.80",2023-10-03,22.21%
,Formosa,Formosa,,Formosa,OSC,LOTES,Adquisición de predio y ejecución de infraestructura para 244 lotes con servicios,FISU,En ejecución,"1,829,936,735.36",2024-01-10,22.21%
,Buenos Aires,La Plata,,Arana,OSC,LOTES,Adquisición de predio y ejecución de infraestructura para 245 lotes con servicios,FISU,En ejecución,"3,342,295,543.91",2023-11-07,21.12%
737,Buenos Aires,José C. Paz,Ferrari,José C. Paz,OSC,POT,"Obras de instalaciones intra lote de electrica, red peatonal y arbolado",FISU,En ejecución,"176,868,733.60",2023-06-14,21.57%
4068,Tucumán,San Pablo y Villa Nougués,Colonia 4,Ingenio San Pablo,Municipio,POT,"Obras de Integración Socio Urbana- Equipamiento Comunitario. – Barrio Colonia 4, Localidad San Pablo - Lules",FISU,En ejecución,"469,410,897.46",2023-04-17,100.00%
3531,Chubut,Rawson,Chacra 8,Rawson,Municipio,PEG,Obras de Integración Socio Urbana,FISU,En ejecución,"3,527,293,039.13",2024-08-20,27.89%
3736,Río Negro,San Antonio Oeste,Sin Nombre (Barrio Esperanza),San Antonio Oeste,Municipio,POT,Red peatonal y red de agua con conexiones domiciliarias,FISU,En ejecución,"150,171,521.15",2023-07-13,40.17%
3677,Entre Ríos,Gualeguay,30 Casillas,Gualeguay,Municipio,POT,Obras de integración socio urbana,FISU,En ejecución,"99,769,940.68",2023-06-12,8.99%
4641,Tierra del Fuego,Tolhuin,Provincias Unidas,Tolhuin,Municipio,POT,Plaza 17 de Octubre,FISU,En ejecución,"139,262,143.02",2023-08-17,78.67%
6053,Tucumán,Tapia,Vipos de Arriba,Vipo,Municipio,POT,Red peatonal y espacio publico,FISU,En ejecución,"204,916,138.68",2023-10-09,60.03%
12.2.2,Mendoza,Las Heras,Gral. San Martín,El Challao,OSC,VIVIENDA,Viviendas en Lotes Con servicios: Barrio General San Martin,FISU,En ejecución,"910,980,152.19",2023-01-02,34.61%
,Buenos Aires,Zárate,,Zárate,OSC,LOTES,Adquisición de predio y ejecución de infraestructura para 223 lotes con servicios,FISU,Pagado,"2,705,905,282.35",,
3046,La Rioja,Capital,Loteo San Andrés,La Rioja,Municipio,POT,Construcción de Núcleos Húmedos,FISU,En ejecución,"243,470,019.49",2023-05-12,60.04%
,Buenos Aires,General Rodríguez,,General Rodríguez,OSC,LOTES,Ejecución de infraestructura para 110 lotes con servicios,FISU,En ejecución,"1,373,850,228.34",2023-08-28,20.70%
4419,Tucumán,Bella Vista,Colonia Eucalipto,Bella Vista,Municipio,POT,Obras de integración Socio Urbana - Barrio Eucalipto,FISU,En ejecución,"959,998,763.76",2023-02-22,79.27%
,Córdoba,Córdoba Capital,,Córdoba Capital,SIN UE,LOTES (Adq.),Adquisición de predio para la construcción de 250 lotes con servicios,FISU,Terminado,"351,006,817.10",,
2922,Buenos Aires,Magdalena,Monoblock,Magdalena,Municipio,POT,Obras de integracion socio urbana,FISU,En ejecución,"118,954,120.56",2023-05-29,78.72%
4834/4835,Río Negro,Cipolletti,Obrero A y B,Cipolletti,OSC,POT,Obras Pluviales y Viales,FISU,En ejecución,"920,688,088.83",2023-02-21,61.16%
584,Buenos Aires,Almirante Brown,Pueblo Unido,Glew,OSC,POT,“Obras de Infraestructura”,FISU,En ejecución,"1,231,849,071.54",2023-03-29,70.24%
1501,Buenos Aires,Pergamino,Jorge Newbery,Pergamino,Coop. de servicios,POT,Proyecto de Provición de Red Eléctrica,FISU,En ejecución,"451,729,742.85",2023-01-25,84.46%
3462/3378/3481,Mendoza,Maipú,Estación Pedregal/Pedro Varela/5 de Diciembre,Rodeo Del Medio,Municipio,POT,Red Eléctrica,FISU,En ejecución,"355,811,298.49",2023-12-04,23.95%
3615,Corrientes,Paso De Los Libres,508,Paso De Los Libres,Municipio,POT,"Obras de integración socio urbana

Cuneta-Vereda",FISU,En ejecución,"73,232,329.27",2023-04-28,44.86%
1524,Buenos Aires,Merlo,Primero de Mayo,Libertad,Municipio,POT,Obras de integración socio urbana,FISU,En ejecución,"17,809,683.73",2023-05-29,33.63%
,Buenos Aires,San Vicente,,San Vicente,SIN UE,LOTES (Adq.),Adquisición de predio para la construcción de 1500 lotes con servicios,FISU,Terminado,"922,819,859.67",,
4097,Tucumán,Las Talitas,Ampliación Nueva Esperanza,Villa Mariano Moreno/El Colmenar,OSC,POT,"Obras de conexiones e instalaciones intra lote de electricidad, red peatonal y arbolado público.",FISU,En ejecución,"269,460,879.93",2023-06-09,63.77%
579,Buenos Aires,Quilmes,San Sebastián II,Bernal Oeste,OSC,POT,Obras de Espacio Recreativo y Playón Deportivo,FISU,En ejecución,"146,217,476.10",2023-10-25,20.30%
378,Buenos Aires,Berisso,Santa Cruz,Berisso,OSC,POT,"Obras de conexiones e instalaciones intra lote de electricidad, red peatonal, arbolado publico y equipamiento urbano",FISU,En ejecución,"416,279,136.48",2023-04-28,60.39%
1341,Buenos Aires,San Vicente,La Laurita,Alejandro Korn,OSC,POT,"Obras de conexiones e instalaciones intra lote de electricidad, mejoramiento de calles, red peatonal, arbolado público y equipamiento urbano.",FISU,En ejecución,"209,514,598.53",2023-07-24,62.64%
2715,Entre Ríos,Paraná,Santa Lucía,Paraná,OSC,POT,"Obras de Conexiones e instalaciones intra lote de electricidad, red peatonal y arbolado publico",FISU,En ejecución,"133,263,146.98",2023-08-23,2.09%
2455,Neuquén,Vista Alegre,Parque La Reserva,Vista Alegre,OSC,POT,Obras de conexiones e instalaciones intra lote de electricidad,FISU,En ejecución,"47,564,279.75",2023-07-03,64.05%
3781,Chaco,General Pinedo,Pinedo Viejo,General Pinedo,OSC,POT,Obras de integración socio-urbana,FISU,En ejecución,"319,183,791.83",2023-06-09,36.43%
4298,Río Negro,General Roca,Toma de Aeroclub,General Roca,OSC,POT,Obras de conexiones e instalaciones intra lote de electricidad,FISU,En ejecución,"99,253,172.08",2023-05-26,22.38%
4277,Córdoba,Córdoba Capital,Parque Las Rosas,Córdoba Capital,OSC,POT,Nucleos humedos,FISU,Terminado,"231,326,755.47",2023-01-27,100.00%
1619,Córdoba,Córdoba Capital,Nuevo Progreso,Córdoba Capital,OSC,POT,Obras de conexiones e instalaciones intra lote de electricidad,FISU,En ejecución,"368,149,967.68",2023-10-09,20.01%
4285,Córdoba,Córdoba Capital,El Milagro,Córdoba Capital,OSC,POT,Obras de Equipamiento comunitario,FISU,En ejecución,"495,251,540.44",2023-09-04,60.90%
1677,Córdoba,Córdoba Capital,Nueva Esperanza,Córdoba Capital,OSC,POT,Obras de Equipamiento comunitario,FISU,En ejecución,"352,286,652.31",2023-07-17,60.21%
510/305,Buenos Aires,Berazategui,Compal y tres de junio 2,Plátanos,OSC,POT,Obras de conexiones e instalaciones intra lote de electricidad,FISU,En ejecución,"94,624,347.71",2023-08-05,100.00%
2586,Ciudad Autónoma de Buenos Aires,Ciudad Autónoma de Buenos Aires,Barrio Fátima,Villa Soldati,OSC,POT,"Obras de conexiones e instalaciones intra lote de electricidad, Red peatonal, arbolado público y equipamiento urbano",FISU,En ejecución,"94,794,982.64",2023-06-12,85.00%
3508,Santiago del Estero,Monte Quemado,Barrio Municipal,Monte Quemado,OSC,POT,Obras de integración socio-urbana,FISU,En ejecución,"248,716,937.40",2023-08-16,50.96%
1904,Santa Fe,Rosario,San Francisquito Vera Mujica,Rosario,OSC,POT,"Obras de conexiones e instalaciones intra lote de electricidad, red peatonal y arbolado público",FISU,En ejecución,"286,708,397.54",2023-09-08,75.00%
1693,Córdoba,Córdoba Capital,Parque Liceo Segunda Sección,Córdoba Capital,OSC,POT,"Obras de conexiones e instalaciones intra lote de electricidad, red peatonal, arbolado público y equipamiento urbano.",FISU,Terminado,"83,437,085.82",2023-02-27,100.00%
3499,Santiago del Estero,La Banda,El Tabique,La Banda,OSC,POT,"Obras de conexiones e instalaciones intra lote de electricidad, Red peatonal y arbolado público",FISU,En ejecución,"136,208,011.68",2023-03-29,93.89%
183,Buenos Aires,San Andrés de Giles,Estación Solís,Solís,Municipio,POT,Obras de integración socio urbana,FISU,En ejecución,"382,547,896.73",2023-05-30,69.00%
2952,Buenos Aires,General San Martín,Villa Tropezón,Villa Ayacucho,Municipio,PEG,Obras de integración socio urbana,FISU,En ejecución,"1,194,199,116.72",2023-07-12,22.88%
462,Buenos Aires,Escobar,Villa Bote,Escobar,Municipio,PEG,Obras de integracion socio urbana,FISU,En ejecución,"595,943,204.41",2023-09-27,6.41%
377,Buenos Aires,Florencio Varela,Los Tronquitos 1,La Capilla,OSC,POT,"Obras de conexiones e instalaciones intra lote de electricidad, red peatonal, arbolado público y equipamiento",FISU,En ejecución,"237,875,616.16",2023-07-14,60.12%
2553,Ciudad Autónoma de Buenos Aires,Ciudad Autónoma de Buenos Aires,Saldías,Recoleta,OSC,POT,Obras de integracion socio urbana,FISU,En ejecución,"156,928,679.43",2023-07-31,95.00%
2975,Santa Fe,Santa Fe,Los Troncos,Santa Fe,OSC,POT,veredas y arbolado,FISU,En ejecución,"105,759,193.67",2023-02-13,86.61%
487,Buenos Aires,Florencio Varela,La Esperanza,Ingeniero Allan,OSC,POT,Obras de red peatonal y arbolado publico,FISU,En ejecución,"192,576,306.48",2023-06-21,60.59%
751/263,Buenos Aires,Esteban Echeverría,San Ignacio/La Morita,El Jagüel,Municipio,PEG,"Demolicion y cicatrizacion de viviendas, equipamiento comunitario e infraestructura de agua y cloaca con intraslotes",FISU,En ejecución,"2,889,651,611.49",2023-04-14,70.45%
754,Buenos Aires,La Matanza,9 de Mayo II,Rafael Castillo,OSC,POT,"Obras de conexiones e intalaciones de intra lote de electricidad, red peatonal, arbolado publico y equipamiento urbano",FISU,En ejecución,"353,321,908.15",2023-06-16,63.53%
3016,Santa Fe,Santa Fe,Abasto,Santa Fe,OSC,POT,Obras de red peatonal y equipamiento urbano,FISU,En ejecución,"114,901,647.73",2023-04-10,89.07%
2968,Santa Fe,Sauce Viejo,Margarita,Sauce Viejo,OSC,POT,"Obras de red peatonal, arbolado público, equipamiento urbano y espacio recreativo",FISU,En ejecución,"76,676,242.06",2023-02-10,82.82%
3236,Jujuy,Palpalá,San Roque,Palpalá,OSC,POT,"Obras de conexiones e instalaciones intra lote de electricidad, red peatonal y arbolado público.",FISU,Terminado,"307,461,863.14",2023-03-31,100.00%
886,Buenos Aires,Lomas de Zamora,Soledad,Villa Fiorito,OSC,POT,Obras de conexiones e instalaciones intra lote de electricidad y red peatonal.,FISU,En ejecución,"194,929,314.73",2023-06-13,60.56%
471,Buenos Aires,Lomas de Zamora,Libre Amanecer,Villa Fiorito,OSC,POT,Obras de conexiones e intalaciones de intra lote de electrica,FISU,En ejecución,"175,752,917.90",2023-04-13,100.00%
4392,Buenos Aires,Lomas de Zamora,Diecisiete de Marzo,Villa Fiorito,OSC,POT,Obras de conexiones e instalaciones intra lote de electricidad y agua,FISU,En ejecución,"150,820,605.08",2023-02-27,100.00%
1165,Buenos Aires,Lomas de Zamora,Tres de Enero,Villa Fiorito,OSC,POT,Obras de conexiones e instalaciones intra lote de agua y electricidad (etapa 2),FISU,En ejecución,"491,444,365.19",2023-06-12,62.98%
716/1407,Buenos Aires,Esteban Echeverría,Siglo XX/La Paz,El Jagüel,OSC,POT,"Obras de Equipamiento comunitario, conexiones e instalaciones intra lote de cloaca y agua",FISU,En ejecución,"340,968,828.60",2023-08-25,60.00%
4484,Buenos Aires,Cañuelas,La Pradera,Máximo Paz,OSC,POT,"Obras de Equipamiento Comunitario, Espacio Recreativo y Red Peatonal.",FISU,En ejecución,"608,945,868.17",2023-04-24,60.78%
,Buenos Aires,Zárate,,Zárate,SIN UE,LOTES (Adq.),Adquisición de predio para la construcción de 188 lotes con servicios,FISU,Terminado,"188,329,854.60",,
,Buenos Aires,General Rodríguez,,General Rodríguez,SIN UE,LOTES (Adq.),Adquisición de predio para la construcción de 110 lotes con servicios,FISU,Terminado,"201,915,087.37",,
,Buenos Aires,General Pueyrredón,,Mar Del Plata,OSC,LOTES,Ejecución de infraestructura para 64 lotes con servicios,FISU,En ejecución,"167,883,592.76",2023-01-11,58.79%
4023,Santa Fe,Reconquista,San Francisco,Reconquista,Municipio,POT,Obras de Integración Socio Urbana,FISU,En ejecución,"542,858,848.56",2023-02-27,90.49%
,Buenos Aires,Moreno,,Cuartel V,OSC,LOTES,Adquisición de predio y ejecución de infraestructura para 105 lotes con servicios,FISU,En ejecución,"1,476,019,509.64",2023-09-11,20.06%
,Buenos Aires,La Plata,,Altos de San Lorenzo,OSC,LOTES,Adquisición de predio y ejecución de infraestructura para 248 lotes con servicios,FISU,En ejecución,"1,992,522,138.98",2023-08-11,60.33%
,Misiones,Candelaria,,Bondpland,OSC,LOTES,Adquisición de predio y ejecución de infraestructura para 195 lotes con servicios,FISU,En ejecución,"5,565,757,022.43",2023-08-01,24.38%
4507,Tucumán,San Miguel De Tucumán,Ampliación Muñecas III,San Miguel De Tucumán,OSC,POT,Construccion de Nucleos Humedos,FISU,En ejecución,"296,108,737.76",2023-01-04,73.66%
48/1185/1456,Buenos Aires,Campana,Veintiuno de septiembre / Santa Lucía 2 / San Cayetano,Campana,Coop. de servicios,POT,Red de Alumbrado Público y Fibra Óptica,FISU,En ejecución,"256,981,129.35",2023-02-16,26.16%
45,Buenos Aires,Lomas de Zamora,Nueva Fiorito,Villa Fiorito,OSC,POT,Obras de conexiones e instalaciones intra lote de agua,FISU,En ejecución,"221,919,837.37",2023-05-09,100.00%
4101,Tucumán,Concepción,Avenida Las Américas,Concepción,Municipio,POT,Obras de Integración Socio urbanas,FISU,En ejecución,"243,321,511.81",2022-12-23,100.00%
3968,Neuquén,Rincón De Los Sauces,Las Bardas,Rincón De Los Sauces,OSC,POT,Obras de Red peatonal y arbolado público,FISU,En ejecución,"124,549,175.50",2023-10-09,4.38%
3963,Neuquén,Rincón De Los Sauces,Veintiseis de Abril,Rincón De Los Sauces,OSC,POT,Obras de Red peatonal y arbolado público,FISU,En ejecución,"63,429,747.88",2023-05-29,22.09%
3558,Chubut,Comodoro Rivadavia,Extensión Stella Maris 2,Comodoro Rivadavia,Coop. de servicios,POT,Obras de integración socio urbana,FISU,Terminado,"92,218,292.81",2023-01-30,100.00%
3184,Jujuy,San Salvador De Jujuy,Suipacha,San Salvador De Jujuy,OSC,POT,Obras de conexiones e instalaciones intra lote de agua y electricidad.,FISU,En ejecución,"52,751,774.44",2023-04-14,96.23%
3054/3042,La Rioja,Capital,Mauro Peña/Circunvalación,La Rioja,OSC,POT,"Obras de conexiones e instalaciones intra lote de agua, electricidad, red peatonal y arbolado público.",FISU,En ejecución,"138,893,318.38",2023-03-21,86.05%
2782,Tucumán,San Miguel De Tucumán,Alma Fuerte de Villa Urquiza,San Miguel De Tucumán,OSC,POT,Construccion de NUCLEOS HUMEDOS,FISU,En ejecución,"268,487,795.62",2023-01-17,90.37%
2335/2364,Chaco,Fontana,Barrio Santa Bárbara 1 y 2,Fontana,OSC,POT,"Obras de conexiones e instalaciones intra lote de agua y electricidad, red peatonal, arbolado público y equipamiento urbano.",FISU,En ejecución,"115,389,246.56",2023-01-16,100.00%
,Buenos Aires,La Plata,,Los Hornos,OSC,LOTES,Adquisición de predio y ejecución de infraestructura para 94 lotes con servicios,FISU,En ejecución,"1,079,898,685.04",2024-02-29,14.12%
,Mendoza,Las Heras,,El Challao,OSC,LOTES,Ejecución de infraestructura para 120 lotes con servicios,FISU,Terminado,"25,186,008.78",2022-12-12,100.00%
4074,Tucumán,Alderetes,Virgen del Rosario,Alderetes,Municipio,POT,Obras de Integracion Socio Urbana,FISU,En ejecución,"1,869,004,336.70",2023-02-22,76.60%
5692,Neuquén,Chos Malal,El Sauce,Chos Malal,Municipio,PEG,"Obras de integracion Socio Urbana, Red peatonal, Red vial, Red de agua, Sistema pluvial, Red cloacal, Red electrica y alumbrado, Equipamiento comunitario, vivienda nueva ",FISU,En ejecución,"1,237,243,873.52",2023-08-14,14.95%
3614,Corrientes,Paso De Los Libres,Barrio Luján,Paso De Los Libres,Municipio,POT,"Construcción de Red de desague pluvial, Red Peatonal y Extensión de Red Cloacal",FISU,En ejecución,"204,332,688.96",2023-05-23,20.54%
1561,Buenos Aires,General San Martín,La Carcova,José León Suárez,OSC,POT,Obras de Equipamiento educativo: Escuela Primaria N°51.,FISU,En ejecución,"212,611,068.63",2023-04-11,95.54%
,Buenos Aires,Cañuelas,,Cañuelas,OSC,LOTES,Adquisición de predio y ejecución de infraestructura para 500 lotes con servicios,FISU,En ejecución,"8,022,723,702.89",2023-06-20,48.59%
,Córdoba,Córdoba Capital,,Córdoba Capital,OSC,LOTES,Adquisición de predio y ejecución de infraestructura para 155 lotes con servicios,FISU,En ejecución,"1,954,161,158.51",2023-12-20,24.53%
,Santa Fe,Santa Fe,,Monte Vera,OSC,LOTES,Adquisición de predio y ejecución de infraestructura para 141 lotes con servicios,FISU,En ejecución,"1,882,031,247.74",2024-02-22,21.40%
,Chaco,Maipú,,Tres Isletas,OSC,LOTES,Adquisición de predio y ejecución de infraestructura para 89 lotes con servicios,FISU,En ejecución,"790,678,748.10",2024-04-15,8.42%
,Corrientes,Mercedes,,Mercedes,Municipio,LOTES,Ejecución de infraestructura para 40 lotes con servicios,FISU,En ejecución,"209,418,471.99",2023-03-27,80.37%
,Buenos Aires,Berazategui,,Berazategui,OSC,LOTES,Adquisición de predio y ejecución de infraestructura para 175 lotes con servicios,FISU,En ejecución,"2,383,572,871.64",2023-05-15,15.04%
4237,Río Negro,Cipolletti,Nuevo Ferri,Cipolletti,OSC,POT,Obras de Red peatonal y arbolado público,FISU,En ejecución,"184,187,707.38",2023-02-27,60.52%
571/1511,Buenos Aires,Pergamino,La 513 / Hernández,Pergamino,Coop. de servicios,POT,Red eléctrica y alumbrado público,FISU,En ejecución,"219,786,946.34",2022-12-26,85.62%
2440,Neuquén,Neuquén,Valentina Norte Rural Sector Los Hornos,Neuquén,OSC,POT,Obras de conexiones e instalaciones intra lote de electricidad,FISU,En ejecución,"42,199,859.61",2023-06-30,30.33%
2306,Chaco,Fontana,Balastro 1,Fontana,OSC,POT,"Obras de conexiones e instalaciones intra lote de electricidad, agua y núcleos húmedos",FISU,En ejecución,"233,105,906.09",2022-12-26,61.06%
1740,Córdoba,Bialet Massé,Suncho Huayco,Bialet Massé,OSC,POT,"Obras de conexiones e instalaciones intra lote de electricidad, red peatonal y equipamiento urbano",FISU,En ejecución,"234,608,597.59",2024-04-29,20.73%
1402,Buenos Aires,Esteban Echeverría,Sarmiento,Nueve De Abril,OSC,POT,"Obras de conexiones e instalaciones intra lote de electricidad, red peatonal, arbolado público y equipamiento urbano.",FISU,En ejecución,"231,207,937.84",2023-09-25,18.11%
1211,Buenos Aires,Florencio Varela,Los Quinchos,Villa Brown,OSC,POT,"Obras de Equipamiento comunitario y Playón deportivo, red peatonal y arbolado público",FISU,En ejecución,"208,227,729.61",2023-11-16,13.10%
3233/3232,Jujuy,San Salvador De Jujuy,Mirador 2 / El Mirador Bis,San Salvador De Jujuy,Provincia,POT,Obras de integración socio urbana,FISU,En ejecución,"285,282,062.96",2023-04-29,58.66%
316,Buenos Aires,Zárate,San Sebastián,Lima,Coop. de servicios,POT,Red Eléctrica y  alumbrado público,FISU,Terminado,"285,733,556.25",2023-02-01,100.00%
4504,Formosa,Formosa,Itatí II,Formosa,Municipio,POT,Equipamiento recreativo: Polideportivo techado,FISU,En ejecución,"201,851,226.41",2023-05-15,12.35%
4140,Tucumán,Tafí Viejo,Hipólito Yrigoyen,"Diagonal Norte, Luz Y Fuerza, Los Pocitos, Villa Nueva Italia",Municipio,POT,"Red eléctrica, alumbrado público, conexiones domiciliarias eléctricas e instalaciones eléctricas intralote",FISU,En ejecución,"81,895,239.21",2023-05-29,100.00%
1047,Buenos Aires,Lanús,ACUBA,Lanús Oeste,OSC,POT,Obras de conexiones e instalaciones intra lote de electricidad,FISU,En ejecución,"732,865,827.01",2023-12-03,40.58%
,Buenos Aires,Carmen de Patagones,,Carmen de Patagones,Municipio,LOTES,Ejecución de infraestructura para 362 lotes con servicios,FISU,En ejecución,"683,245,774.60",2023-04-28,11.39%
72,Buenos Aires,Lomas de Zamora,Ocho de Diciembre,Villa Fiorito,OSC,POT,Centro verde,FISU,En ejecución,"292,104,972.03",2022-11-07,92.64%
,San Juan,Rawson,,Rawson,OSC,LOTES,Adquisición de predio y ejecución de infraestructura para 43 lotes con servicios,FISU,En ejecución,"849,269,612.05",2023-07-31,15.15%
,Río Negro,General Roca,,General Fernandez Oro,OSC,LOTES,Adquisición de predio y ejecución de infraestructura para 250 lotes con servicios,FISU,En ejecución,"3,572,667,707.17",2023-09-04,20.67%
,Santa Fe,Reconquista,,Reconquista,OSC,LOTES,Adquisición de predio y ejecución de infraestructura para 68 lotes con servicios,FISU,En ejecución,"1,133,101,090.26",2023-05-24,55.39%
4637,Ciudad Autónoma de Buenos Aires,Ciudad Autónoma de Buenos Aires,Barrio Padre Mugica,Ciudad Autónoma de Buenos Aires,OSC,POT,Obras de Equipamiento Comunitario,FISU,En ejecución,"46,979,842.06",2023-10-01,17.00%
176,Buenos Aires,Florencio Varela,Doce de Julio,Gobernador Costa,OSC,POT,Obras de Red peatonal y arbolado público,FISU,En ejecución,"130,068,999.00",2023-02-15,100.00%
119,Buenos Aires,Avellaneda,Danubio Azul,Dock Sud,OSC,POT,Obras de conexiones e instalaciones intra lote de electricidad,FISU,En ejecución,"85,130,700.38",2023-05-22,100.00%
1172,Buenos Aires,Quilmes,Emporio del Tanque,Quilmes Oeste,Municipio,POT,Obras de Intervención del espacio público y conexiones intra lote de electricidad,FISU,En ejecución,"379,768,513.12",2023-09-22,9.83%
,Río Negro,General Roca,,Fiske Menuco,OSC,LOTES,Adquisición de predio y ejecución de infraestructura para 115 lotes con servicios,FISU,En ejecución,"1,642,880,687.13",2023-07-31,23.00%
,Buenos Aires,Pilar,,Pilar,OSC,LOTES,Adquisición de predio y ejecución de infraestructura para 746 lotes con servicios,FISU,En ejecución,"5,301,283,334.32",2023-10-25,61.58%
,Río Negro,General Roca,,General Roca,OSC,LOTES,Adquisición de predio y ejecución de infraestructura para 43 lotes con servicios,FISU,En ejecución,"661,600,986.86",2023-06-12,24.04%
5620,Entre Ríos,Federal,El Silbido,Federal,Municipio,POT,Obras de integración socio urbana,FISU,En ejecución,"803,934,470.02",2023-07-28,5.93%
680/526/1160/1130,Buenos Aires,San Vicente,San José I/San José 2/San José FFCC/ Versalles,Alejandro Korn,Municipio,POT,"Equipamiento comunitario, alumbrado publico y red peatonal",FISU,En ejecución,"3,944,388,827.88",2023-08-24,4.11%
3917,Misiones,Puerto Libertad,Veintiseis de Octubre,Puerto Libertad,Municipio,POT,"Infraestructura Urbana, Equipamiento Comunitario, Espacio Publico y Núcleos Húmedos",FISU,En ejecución,"937,609,640.44",2023-04-25,55.29%
3908,Misiones,Wanda,San Francisco,Wanda,Municipio,POT,Mejoramiento habitacional - Núcleos húmedos,FISU,En ejecución,"1,580,937,167.68",2023-02-23,54.63%
115/418,Buenos Aires,Azul,San Martín de Porres / Villa Giamatolo,Azul,Coop. de servicios,POT,Extensión de red de agua con conexiones domiciliarias y pozo de explotación-,FISU,Terminado,"130,824,556.34",2022-11-01,100.00%
586/590/1412/1427,Buenos Aires,Almirante Brown,Los Ciruelos / Los Pinos / 14 de Febrero  / Los Paraguayos,Ministro Rivadavia,Municipio,POT,Obras de integración urbana (14 de Febrero ID 1412  / Los Pinos ID 590 / Los Ciruelos ID 586 / Los Paraguayos ID 1427),FISU,En ejecución,"4,836,182,232.30",2023-10-23,5.03%
122,Buenos Aires,Avellaneda,Inflamable,Dock Sud,Municipio,POT,"Construcción de edificio para nuevo polideportivo en Villa Inflamable

",FISU,En ejecución,"290,744,257.40",2023-09-22,30.77%
1335,Buenos Aires,La Matanza,El Trébol,Rafael Castillo,Municipio,POT,Obra de alumbrado público y red peatonal,FISU,En ejecución,"89,073,266.61",2023-09-01,42.20%
323,Buenos Aires,La Matanza,Los Álamos,Virrey Del Pino,Municipio,POT,"Obras de desagües pluviales, red peatonal y red vial. Alumbrado público y espacio recreativo",FISU,En ejecución,"438,088,838.55",2023-04-11,26.63%
4473,Buenos Aires,La Matanza,Veinticinco de Mayo,González Catán,Municipio,POT,"Pavimento, Alumbrado, Vereda y Plaza",FISU,En ejecución,"278,250,108.42",2023-05-08,44.74%
780,Buenos Aires,La Matanza,Primavera II,González Catán,Municipio,POT,"Obras de desagues pluviales, red peatonal y red vial. Alumbrado público, espacio recreativo y playon deportivo",FISU,En ejecución,"373,754,411.67",2023-06-28,22.32%
3076,Formosa,Formosa,Simon Bolívar,Formosa,Municipio,POT,Equipamiento recreativo - polideportivo techado y plaza,FISU,En ejecución,"300,585,829.22",2023-06-26,50.00%
1166,Buenos Aires,Lomas de Zamora,Primero de Octubre,Villa Fiorito,Municipio,POT,Espacio público y playón deportivo,FISU,En ejecución,"299,883,700.05",2023-07-05,60.10%
999,Buenos Aires,Berisso,Villa Argüello,Berisso,OSC,POT,Obras de conexiones domiciliarias e instalaciones intra-lote de agua y electrica,FISU,Terminado,"244,818,588.60",2022-09-15,100.00%
1026/1028,Buenos Aires,Tres de Febrero,Rayito de Sol/Puerta 8,Remedios De Escalada,OSC,POT,"Obras de conexiones e instalaciones intra lote de electricidad, red peatonal, arbolado público y equipamiento urbano",FISU,Terminado,"149,678,814.13",2022-12-21,100.00%
281,Buenos Aires,La Matanza,Un Techo Para Todos,Ciudad Evita,OSC,POT,"Obras de equipamiento comunitario, red peatonal y equipamiento urbano",FISU,En ejecución,"710,637,227.13",2022-10-11,86.03%
2685,Entre Ríos,Paraná,San Martín,Paraná,OSC,POT,"Obras de equipamiento comunitario, red peatonal y espacio recreativo",FISU,En ejecución,"81,503,459.47",2023-06-30,34.59%
4255,Jujuy,Monterrico,Treinta y Uno de Julio,Monterrico,OSC,POT,Obras de conexiones e instalaciones intra lote de electricidad y red peatonal,FISU,En ejecución,"179,163,943.56",2023-12-11,21.12%
1282,Buenos Aires,Quilmes,Nueve de Agosto,Quilmes Oeste,OSC,POT,Obras de conexiones e instalaciones intra-lote de electricidad y agua y equipamiento comunitario - Segunda etapa.,FISU,Terminado,"172,958,695.89",2022-12-30,100.00%
417,Buenos Aires,Azul,San Francisco de Asís,Azul,OSC,POT,"Obras de conexiones e instalaciones intra lote de agua, cloaca, electricidad, red peatonal, arbolado público y equipamiento urbano (Etapa 2).",FISU,Terminado,"207,389,544.17",2023-04-10,100.00%
2586,Ciudad Autónoma de Buenos Aires,Ciudad Autónoma de Buenos Aires,Barrio Fátima,Villa Soldati,OSC,POT,Obras de conexiones e instalaciones intra lote de electricidad,FISU,Terminado,"155,748,676.37",2023-02-07,100.00%
986,Buenos Aires,Hurlingham,Mitre,Villa Tesei,OSC,POT,Obras de Playón Polideportivo cubierto y red peatonal,FISU,En ejecución,"192,820,990.00",2022-09-06,63.71%
2570,Ciudad Autónoma de Buenos Aires,Ciudad Autónoma de Buenos Aires,Villa 21/24,Barracas,OSC,POT,Obras de ampliación y mejoramiento de equipamiento comunitario.,FISU,En ejecución,"130,687,302.80",2023-04-10,100.00%
1353,Buenos Aires,La Matanza,Puerta de Hierro,San Justo,OSC,POT,Obras de equipamiento comunitario y pileta,FISU,En ejecución,"1,096,190,471.95",2023-01-09,70.02%
4507,Tucumán,San Miguel De Tucumán,Ampliación Muñecas III,San Miguel De Tucumán,OSC,POT,"Obras de conexiones e instalaciones intra lote eléctricas, red peatonal y parquización.",FISU,En ejecución,"133,275,762.11",2023-01-06,61.57%
,Mendoza,San Martín,,Palmira,OSC,LOTES,Adquisición de predio y ejecución de infraestructura para 74 lotes con servicios,FISU,En ejecución,"636,706,111.40",2023-09-29,60.94%
,Buenos Aires,Tigre,,Tigre,OSC,LOTES,Adquisición de predio y ejecución de infraestructura para 130 lotes con servicios,FISU,En ejecución,"3,559,405,595.42",2023-12-12,0.78%
,Santiago del Estero,La Banda,,La Banda,OSC,LOTES,Adquisición de predio y ejecución de infraestructura para 33 lotes con servicios,FISU,En ejecución,"726,372,860.23",2023-06-01,45.32%
,Buenos Aires,General Pueyrredón,,Mar del Plata,OSC,LOTES,Adquisición de predio y ejecución de infraestructura para 60 lotes con servicios,FISU,En ejecución,"505,799,390.31",2023-03-20,63.47%
,Misiones,Posadas,,Posadas,OSC,LOTES,Adquisición de predio y ejecución de infraestructura para 30 lotes con servicios,FISU,En ejecución,"502,139,221.14",2023-03-29,68.13%
982,Buenos Aires,Moreno,Parque San Carlos,Francisco Álvarez,OSC,POT,"Obras de conexiones e instalaciones intra lote de electricidad, red peatonal, arbolado público y equipamiento urbano.",FISU,En ejecución,"166,722,042.98",2023-02-16,21.23%
4576,Buenos Aires,Hurlingham,Roca,William Morris,OSC,POT,"Obras de Equipamiento Comunitario, Espacio Verde y Red Peatonal",FISU,Terminado,"34,349,005.15",2022-10-18,100.00%
4498,Misiones,San Antonio,Cerámica,San Antonio,OSC,POT,Obras de conexiones e instalaciones intra lote de agua y electricidad,FISU,En ejecución,"141,239,438.56",2023-02-01,100.00%
4241,Buenos Aires,Quilmes,San Cayetano,Quilmes Oeste,OSC,POT,Obras de Equipamiento comunitario y playón deportivo descubierto,FISU,En ejecución,"348,981,871.42",2023-09-30,60.05%
3873,Misiones,Jardín América,Barrio Los Cedros,Jardín América,OSC,POT,"Obras intra eléctricas, intra agua",FISU,En ejecución,"130,601,946.96",2023-02-01,100.00%
3785,Chaco,Charata,Centenario,Charata,OSC,POT,"Obras Intra eléctricas, veredas y arbolado.",FISU,Terminado,"184,305,702.21",2022-11-23,100.00%
2592,Ciudad Autónoma de Buenos Aires,Ciudad Autónoma de Buenos Aires,Villa 20,Villa Lugano,OSC,POT,Obra de Equipamiento Comunitario: Espacio de cuidado,FISU,Terminado,"72,835,165.21",2023-03-14,100.00%
2552,Ciudad Autónoma de Buenos Aires,Ciudad Autónoma de Buenos Aires,Rodrigo Bueno,Puerto Madero,OSC,POT,Obra de Equipamiento Comunitario: Espacio Educativo,FISU,En ejecución,"56,481,401.66",2023-03-17,63.19%
2258,Chaco,Barranqueras,Los Milagros,Barranqueras,OSC,POT,"Obras de conexiones e instalaciones intra lote de agua y electricidad, red peatonal y arbolado público.",FISU,En ejecución,"232,626,941.17",2023-05-15,20.01%
2193,Salta,Tartagal,Kilómetro 6,Tartagal,OSC,POT,"Obras de conexiones e instalaciones intra lote de electricidad, red peatonal y espacio recreativo.",FISU,En ejecución,"427,899,911.25",2023-03-02,91.12%
1913,Santa Fe,Rosario,Saladillo,Rosario,OSC,POT,Obras de conexiones e instalaciones intra lote de electricidad,FISU,En ejecución,"81,379,520.33",2023-06-29,31.20%
177,Buenos Aires,Hurlingham,Ceamse,William Morris,OSC,POT,"Obras de red de agua, conexiones domiciliarias y red peatonal",FISU,Terminado,"35,510,783.62",2022-11-14,100.00%
1560,Buenos Aires,La Matanza,El Bajo,Aldo Bonzi,OSC,POT,Obras de integracion socio urbana,FISU,En ejecución,"636,219,778.69",2023-08-23,60.15%
1325,Buenos Aires,Tigre,Arroyo Las Tunas,General Pacheco,OSC,POT,"Obras de conexiones e instalaciones intra lote de electricidad, red peatonal, arbolado público y equipamiento urbano",FISU,En ejecución,"114,175,322.58",2023-06-09,20.35%
103/945,Buenos Aires,General San Martín,Plazoleta 9 de Julio / Nueve de Julio,Loma Hermosa,OSC,POT,Obras de equipamiento educativo y espacio recreativo,FISU,En ejecución,"466,236,079.00",2023-03-09,46.75%
3537,Chubut,Trelew,Ahoni Ken + Barrio Dos de Agosto,Trelew,Coop. de servicios,POT,"Red electrica MT, BT y alumbrado público",FISU,Terminado,"37,013,108.64",2022-12-08,100.00%
1235/1533,Buenos Aires,Escobar,Amancay/Amancay II,Maquinista Savio,Municipio,POT,"Obra de Módulo de transferencia, erradicación de basurales,
cicatrización y espacios recreativos, y equipamiento urbano.",FISU,En ejecución,"235,296,855.77",2022-12-27,58.79%
3533/3538,Chubut,Trelew,Moreira 3/Moreira 4,Trelew,OSC,POT,"Equipamiento comunitario SUM, Playa y Playon y centro de salud",FISU,En ejecución,"1,317,709,966.11",2022-11-11,60.60%
,Buenos Aires,Florencio Varela,,Villa Brown,SIN UE,LOTES (Adq.),Adquisición de predio para la construcción de 744 lotes con servicios,FISU,Terminado,"312,825,519.75",,
1224/4595,Buenos Aires,Pilar,El Descanso / Alcazabal,La Lonja,Municipio,POT,Red de agua y Conexiones domiciliarias,FISU,Terminado,"128,397,934.11",2023-10-02,100.00%
3057,Formosa,Formosa,Laura Vicuña,Formosa,Municipio,POT,Equipamiento recreativo - playón polideportivo,FISU,En ejecución,"102,605,026.97",2023-01-09,60.04%
2745,Tucumán,San Miguel De Tucumán,ATE,San Miguel De Tucumán,OSC,POT,Construcción de Nucleos Humedos,FISU,Terminado,"181,914,384.23",2022-09-23,100.00%
992,Buenos Aires,Avellaneda,Isla Maciel,Dock Sud,Municipio,POT,"INFRAESTRUCTURA VIVIENDAS ALIANZA-MACIEL
",FISU,En ejecución,"229,794,756.64",2023-09-01,17.35%
,Buenos Aires,Luján,,Luján,SIN UE,LOTES (Adq.),Adquisición de predio para la construcción de 250 lotes con servicios,FISU,Terminado,"367,024,679.09",,
4254,Buenos Aires,General San Martín,Villa Hidalgo,José León Suárez,OSC,POT,Obras de instalaciones intra lote de agua etapa 3,FISU,Terminado,"148,588,307.13",2022-09-01,100.00%
3451,Mendoza,Luján de Cuyo,Francisco,Perdriel,Provincia,POT,"Infraestructura, urbanización y espacios urbanos",FISU,En ejecución,"444,305,528.01",2023-03-31,70.49%
,Córdoba,Capital,,Capital,OSC,LOTES,Ejecución de infraestructura para 36 lotes con servicios,FISU,En ejecución,"134,663,696.05",2023-06-10,64.16%
,Buenos Aires,Luján,,Luján,OSC,LOTES,Ejecución de infraestructura para 250 lotes con servicios,FISU,En ejecución,"1,179,814,630.59",2023-09-28,20.00%
1227,Buenos Aires,Avellaneda,Villa Tranquila,Dock Sud,Municipio,POT,Desague Pluvial Tellier,FISU,En ejecución,"77,176,822.94",2023-07-20,12.96%
4201,Tierra del Fuego,Ushuaia,Colombo,Ushuaia,Provincia,POT,Instalaciones intra lotes de gas,FISU,En ejecución,"116,758,602.03",2023-07-14,0.05%
3074,Formosa,Formosa,Eva Perón,Formosa,Municipio,POT,Playón Deportivo,FISU,En ejecución,"107,853,561.34",2023-07-28,28.03%
3072,Formosa,Formosa,San Martín,Formosa,Municipio,POT,Equipamiento Recreativo: Plazoleta,FISU,Terminado,"24,762,670.66",2022-11-14,100.00%
925/1496/1529,Buenos Aires,Moreno,Pages / Puente Roca I / Puente Roca II,Trujui,Municipio,POT,"Red peatonal, alumbrado público y espacio recreativo

equipamientos comunitarios y plaza",FISU,En ejecución,"627,728,658.64",2023-05-16,58.47%
4359,Buenos Aires,Azul,Villa Piazza Sur,Azul,Coop. de servicios,POT,Provisión De Red Eléctrica Y Alumbrado Público,FISU,Terminado,"122,626,963.79",2022-09-12,100.00%
,Corrientes,Paso de los Libres,,Paso de los Libres,OSC,LOTES,Adquisición de predio y ejecución de infraestructura para 126 lotes con servicios,FISU,En ejecución,"1,866,905,975.05",2023-04-24,28.40%
,Buenos Aires,Brandsen,,Brandsen,OSC,LOTES,Adquisición de predio y ejecución de infraestructura para 250 lotes con servicios,FISU,En ejecución,"3,827,982,477.54",2023-07-31,11.08%
,Buenos Aires,Merlo,,Mariano Acosta,OSC,LOTES,Adquisición de predio y ejecución de infraestructura para 78 lotes con servicios,FISU,En ejecución,"1,055,248,124.20",2023-09-27,25.85%
,Buenos Aires,La Plata,,Arturo Seguí,OSC,LOTES,Adquisición de predio y ejecución de infraestructura para 74 lotes con servicios,FISU,En ejecución,"1,002,938,809.76",2023-07-31,24.19%
,Buenos Aires,La Matanza,,Virrey Del Pino,OSC,LOTES,Adquisición de predio y ejecución de infraestructura para 45 lotes con servicios,FISU,En ejecución,"370,256,748.79",2023-02-06,89.16%
,San Juan,Pocito,,Pocito,OSC,LOTES,Adquisición de predio y ejecución de infraestructura para 38 lotes con servicios,FISU,En ejecución,"693,960,344.64",2023-03-30,39.48%
,Buenos Aires,San Nicolás,,San Nicolás De Los Arroyos,OSC,LOTES,Adquisición de predio y ejecución de infraestructura para 128 lotes con servicios,FISU,En ejecución,"1,626,099,682.77",2023-06-21,5.46%
,Corrientes,Monte Caseros,,Monte Caseros,OSC,LOTES,Adquisición de predio y ejecución de infraestructura para 57 lotes con servicios,FISU,En ejecución,"670,709,930.14",2023-02-06,75.77%
,Córdoba,Capital,,Capital,SIN UE,LOTES (Adq.),Adquisición de predio para la construcción de 14 lotes con servicios,FISU,Terminado,"64,563,230.38",,
781,Buenos Aires,Ituzaingó,La Esperanza,Ituzaingó,OSC,POT,"Obras de Conexiones e instalaciones Intra lote electricas, red peatonal, arbolado publico y equipamiento urbano",FISU,En ejecución,"114,269,853.26",2023-04-10,41.54%
3533/3538,Chubut,Trelew,Moreira 3/Moreira 4,Trelew,OSC,POT,Obras de conexiones e instalaciones intra-lote de electricidad y Agua,FISU,Terminado,"456,117,517.99",2022-09-10,100.00%
634,Buenos Aires,Almirante Brown,El Triunfo,Ministro Rivadavia,OSC,POT,"Obras de conexiones e instalaciones de intra lote de elecriticad, red peatonal y abrolado publico",FISU,En ejecución,"156,933,417.82",2023-09-25,29.60%
4353/681,Buenos Aires,General Pueyrredón,La Serranita/Villa del Parque,Batán,OSC,POT,"Obras de conexiones e instalaciones intra lote de electricidad, red peatonal, arbolado publico y equipamiento urbano",FISU,En ejecución,"413,420,064.81",2023-10-09,61.23%
1387,Buenos Aires,Chascomús,San Cayetano,Chascomús,Municipio,POT,Red pluvial,FISU,En ejecución,"337,691,388.54",2023-11-01,20.22%
358/1284/1142/1189,Buenos Aires,Mercedes,Marchetti │Marchetti II │Redes │ Malvinas,Mercedes,Municipio,PEG,Obras de Integraion Socio Urbana,FISU,En ejecución,"7,752,293,805.37",2023-12-01,0.95%
,Buenos Aires,La Plata,,La Plata,OSC,LOTES,Ejecución de infraestructura para 50 lotes con servicios,FISU,En ejecución,"188,962,287.10",2023-06-09,20.17%
,Misiones,Posadas,,Posadas,OSC,LOTES,Adquisición de predio y ejecución de infraestructura para 98 lotes con servicios,FISU,En ejecución,"1,343,538,087.56",2023-12-01,22.65%
252,Buenos Aires,Zárate,Cementerio,Zárate,Coop. de servicios,POT,Red eléctrica y conexiones domiciliarias,FISU,En ejecución,"683,192,989.21",2022-12-26,85.83%
1331,Buenos Aires,La Matanza,Veinte de Diciembre,Rafael Castillo,OSC,POT,Conexiones e instalaciones intra lote de electricidad y red peatonal,FISU,Terminado,"80,071,035.79",2022-09-19,100.00%
5691,Neuquén,San Patricio del Chañar,Picada III,San Patricio del Chañar,Municipio,POT,Red eléctrica,FISU,En ejecución,"82,998,131.58",2023-02-06,23.19%
5189,Entre Ríos,Gualeguaychú,Los Espinillos,Gualeguaychú,Municipio,POT,Obras de integración sociourbana,FISU,En ejecución,"2,860,564,413.66",2023-07-20,1.83%
3783/3764/3785/3784,Chaco,Charata,Juan José Valle/Esperanza/Centenario/Municipal,Charata,Municipio,PEG,Alumbrado Público y Red de Agua con conexiones domiciliarias e intralote,FISU,En ejecución,"1,083,688,920.93",2023-09-22,45.81%
4536,Buenos Aires,Punta Indio,Barrio Norte,Verónica,Municipio,POT,"Red de agua y electricidad con conexion domiciliaria e intalacion intralote, intralote cloacal (sistema estatico), red desague pluvial, red vial y peatonal, equipamiento comunitario SUM, Plaza y canchas futbol y vóley",FISU,En ejecución,"544,873,099.61",2023-04-28,22.84%
1213,Buenos Aires,General San Martín,Martín Fierro,Bíllinghurst,Municipio,PEG,"Obras de red de agua potable, red de cloaca, conexiones domiciliarias e instalaciones intralote de agua y cloaca, desagües pluviales, mejora de la red eléctrica existente, alumbrado público, conexiones domiciliarias e instalaciones intralote de electricidad, red vial y red peatonal. Nuevo equipamiento comunitario (SUM), equipamiento urbano (plaza) y reacondicionamiento de cancha existente.",FISU,En ejecución,"1,223,220,803.02",2023-05-08,56.15%
625,Buenos Aires,General San Martín,Costa Esperanza,Loma Hermosa,Municipio,POT,Espacio público Zanjón Güemes,FISU,En ejecución,"424,598,400.66",2023-03-30,61.51%
3820,Chaco,Las Breñas,Bicentenario,Las Breñas,OSC,POT,Obras de conexiones intra lote de agua y red peatonal,FISU,Terminado,"255,243,723.16",2022-09-30,100.00%
3010,Santa Fe,Santo Tomé,Santo Tomás de Aquino,Santo Tomé,OSC,POT,"Obras de conexion intra domiciliarias de electricidad, red peatonal y arbolado",FISU,Terminado,"92,000,777.87",2022-12-14,100.00%
4088,Tucumán,Banda Del Río Salí,La Ceramica,Banda Del Río Salí,OSC,POT,"Obras de red peatonal , arbolado público y espacio recreativo",FISU,En ejecución,"141,489,903.50",2023-05-31,65.08%
327,Buenos Aires,Brandsen,Los Aromos,Brandsen,OSC,POT,"Obras de conexion Intra lote de agua, intra cloacas, red peatonal y arbolado",FISU,En ejecución,"134,841,250.86",2024-07-01,14.00%
3821,Chaco,Las Breñas,Vía Norte,Las Breñas,OSC,POT,Obras de Equipamiento Comunitario y espacio recreativo y deportivo Barrio Vía Norte,FISU,En ejecución,"214,688,492.46",2023-01-06,72.86%
4625,Córdoba,Córdoba Capital,Felipe Varela,Córdoba Capital,OSC,POT,"SUM, playón deportivo",FISU,En ejecución,"112,937,460.25",2022-12-02,100.00%
1635,Córdoba,Córdoba Capital,Seis de Agosto,Córdoba Capital,OSC,POT,Obras de equipamiento comunitario,FISU,En ejecución,"107,125,770.01",2023-07-12,60.57%
1553,Buenos Aires,Lomas de Zamora,El Paredón,Villa Fiorito,OSC,POT,Obras de equipamiento (sum),FISU,En ejecución,"24,449,726.19",2023-08-11,70.23%
1630,Córdoba,Córdoba Capital,Complejo Yapeyú,Córdoba Capital,OSC,POT,Obras de conexiones e instalaciones intra lote de electricidad.,FISU,Terminado,"49,350,464.02",2023-01-25,100.00%
2417,Corrientes,Corrientes,Mendoza Al Sur,Corrientes,OSC,POT,"Obras de Red peatonal, arbolado público",FISU,En ejecución,"125,262,667.29",2024-05-08,4.38%
2685,Entre Ríos,Paraná,San Martín,Paraná,OSC,POT,Obras de conexiones e instalaciones intra-lote de electricidad,FISU,En ejecución,"260,934,753.21",2023-08-07,60.05%
3704,Formosa,Ingeniero Juárez,Barrio Norte,Ingeniero Juárez,OSC,POT,"Obras de instalación intra lote de agua, red peatonal y arbolado ",FISU,En ejecución,"152,063,153.67",2022-12-09,61.00%
657,Buenos Aires,Bahía Blanca,Caracol I,Bahía Blanca,OSC,POT,"Obras de conexiones e instalaciones intra lote eléctricas, red peatonal y arbolado público.",FISU,En ejecución,"123,125,610.79",2023-02-17,34.81%
1946,Misiones,Posadas,Familias Unidas,Posadas,OSC,POT,"Obras de Conexiones e instalaciones intra lote de electricidad, red peatonal y arbolado",FISU,En ejecución,"270,569,548.27",2023-04-13,32.03%
4532,Mendoza,Las Heras,Villa Clarita,Uspallata,OSC,POT,Obras de instalación intra lote de electricidad,FISU,En ejecución,"59,692,420.12",2023-06-12,85.43%
488/4734,Buenos Aires,General Rodríguez,Marabo/Nuevo Marabo,General Rodríguez,Municipio,POT,"Red vial, Red de desagües pluviales, red peatonal y alumbrado público de basura y luminarias",FISU,En ejecución,"1,106,354,944.79",2023-06-06,35.74%
2503,Río Negro,General Roca,Ampliación Chacramonte,General Roca,Municipio,POT,Desagues pluviales,FISU,En ejecución,"489,493,242.43",2023-11-10,0.28%
3046,La Rioja,Capital,Loteo San Andrés,La Rioja,Municipio,POT,"Ejecución de cordón cuneta e Intervención Espacio Recreativo
y Deportivo Plaza Santa Laura Montoya",FISU,Terminado,"197,887,497.46",2022-10-24,100.00%
294,Buenos Aires,Zárate,La Ilusión,Zárate,Municipio,POT,Red Peatonal,FISU,En ejecución,"1,304,493,973.30",2023-07-28,45.31%
602,Buenos Aires,Zárate,La Esperanza,Zárate,Municipio,POT,"Red Peatonal, red de agua y conexiones domiciliarias, arbolado, provisión de cestos, nomencladores urbanos.",FISU,En ejecución,"411,039,335.49",2023-07-28,50.20%
1517,Buenos Aires,Presidente Perón,Agrocolonias,Guernica,Municipio,POT,Red de alumbrado público,FISU,Terminado,"353,830,365.54",2023-01-02,100.00%
2507/2509/2521/2538/2547/4314/4320/4322/4480/4833/4834/4835,Río Negro,Cipolletti,Alameda/Cuatro de Agosto/Dos de Febrero/Diez de Febrero/Nueva Esperanza/Las Cabañitas/Las Hortensias/Fuerte Apache/Juevntud y desarrollo/Actia/Barrio Obrero A/Barrio Obrero B,Cipolletti,Provincia,POT,Red de agua potable,FISU,En ejecución,"2,438,698,003.29",2023-04-03,37.58%
2082,Salta,Salta Capital,Juan Manuel de Rosas,Salta Capital,Municipio,POT,Defensa y encauzamiento del Rio Vaqueros - B°Juan Manuel de Rosas - etapa 2,FISU,Terminado,"347,171,729.94",2023-04-18,100.00%
5108,Chaco,Villa Berthet,Tres Reyes,Villa Berthet,Municipio,POT,Obras de integración socio-urbana,FISU,En ejecución,"1,658,994,083.93",2023-06-26,16.33%
3269,Jujuy,Palpalá,Las Tipas 2,Palpalá,Municipio,POT,Red vial y readecuación de conexiones domiciliarias de agua y cloaca Barrio Las Tipas 2,FISU,En ejecución,"287,372,025.49",2023-06-19,54.02%
,Buenos Aires,Exaltación de la Cruz,,Parada Orlando,OSC,LOTES,Adquisición de predio y ejecución de infraestructura para 90 lotes con servicios,FISU,Pagado,"888,871,750.69",,
862,Buenos Aires,Hurlingham,Villegas,William Morris,OSC,POT,"Obras de Equipamiento Comunitario, Espacio Verde y Red Peatonal",FISU,Terminado,"81,228,882.26",2022-09-13,100.00%
4228/4229/5162,Córdoba,Villa María,Predio NCA / NCA 2 / Barrancas del Sur,Villa María,Municipio,PEG,Integración sociourbana predio NCA,FISU,En ejecución,"3,335,204,872.67",2023-11-03,8.68%
632,Buenos Aires,Zárate,El Progreso,Zárate,Coop. de servicios,POT,Red eléctrica y alumbrado,FISU,En ejecución,"315,340,846.50",2022-10-03,76.83%
4816,Neuquén,Neuquén,Ferroviario,Neuquén,Coop. de servicios,POT,Obras de red eléctrica y alumbrado publico,FISU,Terminado,"25,835,235.46",2023-01-14,100.00%
4817,Neuquén,Neuquén,Sector La Laguna,Neuquén,Coop. de servicios,POT,Obras de red eléctrica y c.d.,FISU,Terminado,"8,772,857.99",2022-12-26,100.00%
1128,Buenos Aires,Pilar,Pinazo,La Lonja,OSC,POT,"Obras de Conexiones e instalaciones intra lote eléctricas, red peatonal, arbolado público y equipamiento urbano",FISU,Terminado,"344,892,552.63",2022-07-12,100.00%
1451,Buenos Aires,San Miguel,Santa Brígida,San Miguel,OSC,POT,Obras de conexiones e instalaciones intra lote de electricidad.,FISU,En ejecución,"108,994,580.05",2023-01-16,60.13%
1596,Córdoba,Córdoba Capital,San Alberto,Córdoba Capital,OSC,POT,Obras de intra conexion de electricidad,FISU,En ejecución,"113,913,315.83",2022-12-12,100.00%
2400/4804/4807,Corrientes,Corrientes,La Olla/Pan Bich/Asentamiento Parque Balneario,Corrientes,OSC,POT,Obras de conexiones e instalaciones intra lote de electricidad,FISU,Terminado,"347,969,657.00",2023-04-02,100.00%
2745,Tucumán,San Miguel De Tucumán,ATE,San Miguel De Tucumán,Provincia,POT,"Obras de Red Peatonal, Arbolado público, Parquización y Equipamiento Urbano. ",FISU,En ejecución,"114,569,986.93",2023-03-21,60.00%
4282,Buenos Aires,Tandil,Movediza II,Tandil,Municipio,POT,Extensión de red de Agua Potable,FISU,En ejecución,"43,500,000.00",2023-09-13,45.84%
4283,Buenos Aires,Tandil,Unión,Tandil,Municipio,POT,Red de Agua y Conexiones domiciliarias,FISU,En ejecución,"22,300,000.05",2023-09-13,100.00%
4383/3599,Corrientes,Goya,Los Chakales - Esperanza,Goya,Municipio,POT,OBRA DE RED DE AGUA POTABLE Y CONEXIÓN  DOMICILIARIA,FISU,En ejecución,"186,123,140.72",2023-01-19,85.11%
4145,Tucumán,San Miguel De Tucumán,Dos de Septiembre,San Miguel De Tucumán,Provincia,POT,Extensión de red de gas y conexiones domiciliarias” ,FISU,En ejecución,"231,508,267.15",2023-04-28,24.60%
2761,Tucumán,San Miguel De Tucumán,San Miguel,San Miguel De Tucumán,Provincia,POT,Extensión de red de gas y conexiones domiciliarias e intervenciones intralote,FISU,En ejecución,"378,552,883.26",2023-05-02,20.08%
3631,Corrientes,Mercedes,El Recodo,Mercedes,Municipio,POT,Obras de Integracion Socio Urbana,FISU,En ejecución,"651,536,910.80",2023-02-09,42.27%
4675,Jujuy,Abra Pampa,La Esperanza,Abra Pampa,Municipio,POT,Obras de integración socio urbana,FISU,En ejecución,"803,348,809.21",2023-01-16,85.66%
4240,Río Negro,San Antonio Oeste,La Toma/Veintitrés de Septiembre,Las Grutas,Provincia,POT,Red eléctrica y alumbrado público,FISU,Terminado,"76,874,402.14",2023-02-13,100.00%
3756,Río Negro,El Bolsón,Barrio Obrero,El Bolsón,Provincia,POT,Red Eléctrica y alumrbado,FISU,Terminado,"41,171,161.20",2023-01-16,100.00%
2497,Río Negro,Allen,Islas Malvinas,Allen,Municipio,POT,Ampliación de Red de Gas Natural con Conexiones Domiciliarias,FISU,En ejecución,"277,874,106.90",2023-08-08,71.32%
1025/1028,Buenos Aires,Tres de Febrero,Once de Septiembre/Puerta 8,Churruca,Municipio,POT,"Obras de conexiones e instalaciones intra lote de electricidad, red peatonal, arbolado público y equipamiento urbano",FISU,En ejecución,"118,974,513.69",2023-07-12,50.25%
3218,Jujuy,San Salvador De Jujuy,Cuatro de Agosto 2,San Salvador De Jujuy,OSC,POT,Obras intradomiciliarias,FISU,Terminado,"249,070,317.15",2022-11-21,100.00%
1561,Buenos Aires,General San Martín,La Carcova,José León Suárez,OSC,POT,Obras de intra eléctrica y núcleo húmedo,FISU,Terminado,"121,737,562.31",2022-09-13,100.00%
1456,Buenos Aires,Campana,San Cayetano,Campana,OSC,POT,"Obras de Red peatonal, arbolado público y playón deportivo.",FISU,En ejecución,"182,434,159.98",2023-03-20,60.33%
509,Buenos Aires,Quilmes,Finexcor,Bernal Oeste,OSC,POT,Red peatonal y arbolado,FISU,Terminado,"135,332,843.87",2022-12-29,100.00%
2757,Tucumán,San Miguel De Tucumán,Alejandro Heredia,San Miguel De Tucumán,OSC,POT,"Obras de conexiones e instalaciones intra lote eléctricas, red peatonal y espacio recreativo.",FISU,Terminado,"314,075,422.72",2022-12-22,100.00%
1155,Buenos Aires,La Matanza,Los Álamos II,Virrey Del Pino,OSC,POT,"Obras de conexiones e instalaciones intra lote de electricidad, red peatonal y equipamiento urbano.",FISU,En ejecución,"206,200,305.34",2023-10-18,5.02%
1804,Santa Fe,Rosario,Las Flores Sur,Rosario,OSC,POT,Obras de conexiones e instalaciones intra lote de agua,FISU,En ejecución,"96,436,207.01",2023-03-17,60.15%
1553,Buenos Aires,Lomas de Zamora,El Paredón,Villa Fiorito,OSC,POT,Obras de integración Socio Urbana,FISU,En ejecución,"195,893,261.68",2023-12-22,20.83%
945,Buenos Aires,General San Martín,Nueve de Julio,Loma Hermosa,OSC,POT,Obras de Intra de cloacas y agua,FISU,En ejecución,"132,340,217.95",2023-01-27,50.00%
1440,Buenos Aires,San Fernando,La Esperanza,San Fernando,OSC,POT,"Obras de conexiones Intradomiciliaria de electricas, red peatonal y arbolado",FISU,En ejecución,"84,073,178.86",2023-02-27,61.98%
3069,Formosa,Formosa,Doce de Octubre,Formosa,OSC,POT,"Obra de conexion de Intradomiciliaria de agua, red peatonal y arbolado",FISU,En ejecución,"159,248,752.55",2022-12-12,70.89%
3017,Santa Fe,Santa Fe,Alto Verde,Santa Fe,OSC,POT,Obras de equipamiento urbano y espacio recreativo,FISU,En ejecución,"250,450,460.69",2023-02-17,71.86%
1105,Buenos Aires,La Plata,Los Pinos,José Melchor Romero,OSC,POT,"Obras de conexiones e instalaciones intra lote  de electricidad, red peatonal, arbolado publico y equipamiento urbano",FISU,En ejecución,"248,746,758.83",2023-11-10,33.65%
1639,Córdoba,Córdoba Capital,Doce de Septiembre,Córdoba Capital,OSC,POT,Obras de conexiones e instalaciones intra lote de electricidad,FISU,Terminado,"105,455,694.44",2022-09-06,100.00%
4329/4446,Río Negro,General Roca,Alta Barda Ladrilleros/Los Hornos,General Roca,OSC,POT,Obras de intra eléctrica,FISU,Terminado,"164,305,418.79",2022-12-15,100.00%
2537,Río Negro,Cipolletti,Diez de Enero,Cipolletti,OSC,POT,Obras de equipamiento,FISU,En ejecución,"63,926,814.88",2022-12-26,50.96%
1474,Buenos Aires,Quilmes,Villa Luján IV,Quilmes,OSC,POT,Obras de Red peatonal y arbolado público,FISU,En ejecución,"55,741,554.39",2023-01-31,21.48%
240,Buenos Aires,Malvinas Argentinas,Santa Mónica,Grand Bourg,OSC,POT,"Obras de red peatonal, arbolado público y equipamiento urbano",FISU,Terminado,"74,010,236.74",2023-02-13,100.00%
1506,Buenos Aires,Presidente Perón,San Roque,Guernica,OSC,POT,Obras de equipamiento comunitario (sum) y playon,FISU,En ejecución,"64,656,936.86",2023-02-08,60.33%
1561,Buenos Aires,General San Martín,La Carcova,José León Suárez,OSC,POT,Obras equipamiento comunitario y playón deportivo,FISU,En ejecución,"88,094,260.82",2023-03-03,58.00%
180,Buenos Aires,Vicente López,Las Flores,Florida Oeste,OSC,POT,Obra de Infraestructura eléctrica,FISU,Terminado,"65,805,695.50",2022-10-28,100.00%
3429,Mendoza,Las Heras,Sueño de María,El Challao,OSC,POT,"Obras de conexiones e instalaciones intra lote de electricidad, red peatonal y arbolado público",FISU,Terminado,"141,934,318.84",2022-10-29,100.00%
56,Buenos Aires,Tigre,Gallardo y 9 de Julio,Don Torcuato,OSC,POT,Obras de intra eléctrica y veredas,FISU,En ejecución,"129,650,660.49",2022-12-01,55.97%
1516,Buenos Aires,General San Martín,Altafini,Bíllinghurst,OSC,POT,"Obras de intra de agua, cloacas y eléctricas",FISU,En ejecución,"80,929,412.57",2022-10-14,70.05%
2947,Buenos Aires,Avellaneda,El Dínamo,Gerli,OSC,POT,Obras de conexiones e instalaciones intra lote de agua y electricidad,FISU,Terminado,"106,893,435.47",2023-02-01,100.00%
1181,Buenos Aires,Campana,Las Praderas,Campana,OSC,POT,"Obras de conexiones e instalaciones intra lote de electricidad, red peatonal, arbolado público y equipamiento urbano.",FISU,En ejecución,"164,938,631.68",2023-01-19,73.63%
2973,Santa Fe,San José Del Rincón,Villa Añati,San José Del Rincón,Coop. de servicios,POT,Obras de Red de agua potable y conexiones domiciliarias,FISU,Terminado,"15,814,809.67",2022-08-02,100.00%
468,Buenos Aires,La Plata,La Aceitera,Arana,OSC,POT,"Obras de conexiones e instalaciones intra lote de electricidad, red peatonal, arbolado público y equipamiento urbano.",FISU,En ejecución,"152,690,668.20",2023-01-20,60.28%
3017,Santa Fe,Santa Fe,Alto Verde,Santa Fe,OSC,POT,Obras de intra eléctrica y red peatonal,FISU,Terminado,"150,403,820.28",2022-11-09,100.00%
1887,Santa Fe,Fray Luis Beltrán,Granaderos,Fray Luis Beltrán,OSC,POT,"Obras de red peatonal, arbolado público, equipamiento urbano y espacio recreativo",FISU,Terminado,"191,209,307.01",2022-10-24,100.00%
1659,Córdoba,Córdoba Capital,Pueblos Unidos,Córdoba Capital,OSC,POT,"Obras de conexiones e instalaciones intra lote de electricidad, red peatonal y arbolado público",FISU,Terminado,"510,181,967.97",2023-02-22,100.00%
1824,Santa Fe,Rosario,Barrio Alvear,Rosario,OSC,POT,Obra de equipamiento comunitario,FISU,Terminado,"83,440,408.36",2022-11-04,100.00%
3006,Santa Fe,San José Del Rincón,Acería,San José Del Rincón,OSC,POT,Obras de conexiones e instalaciones intra lote a la red de cloaca y electriicidad,FISU,Terminado,"60,686,908.37",2022-09-14,100.00%
263,Buenos Aires,Esteban Echeverría,La Morita,El Jagüel,OSC,POT,"Obras de Intraconexion electricas, vereda y arbolado",FISU,En ejecución,"144,917,974.54",2023-02-27,20.27%
4249,Buenos Aires,General Pueyrredón,Caribe,Mar Del Plata,OSC,POT,Obras de integración socio urbana,FISU,En ejecución,"320,019,321.71",2023-03-13,100.00%
1235,Buenos Aires,Escobar,Amancay,Maquinista Savio,OSC,POT,"Obras de red peatonal, arbolado público y equipamiento urbano",FISU,En ejecución,"100,299,138.50",2023-04-14,50.30%
2583,Ciudad Autónoma de Buenos Aires,Ciudad Autónoma de Buenos Aires,Villa 15,Villa Lugano,OSC,POT,Obras de conexiones domiciliarias de electricidad a red e instalaciones intra-lote de electricidad,FISU,Terminado,"137,600,695.64",2022-08-17,100.00%
42,Buenos Aires,La Plata,Las Palmeras,Los Hornos,OSC,POT,"Obra intraconexion electrica, red peatonal y arbolado",FISU,Terminado,"151,686,844.69",2022-11-25,100.00%
2914,Buenos Aires,General Pueyrredón,Parque Independencia,Mar Del Plata,OSC,POT,"Obras de conexiones e instalaciones intra lote de agua, red peatonal, arbolado y equipamiento urbano (Etapa 2)",FISU,En ejecución,"190,138,998.44",2023-03-01,97.38%
2295,Chaco,Resistencia,Ex Campo Zampa,Resistencia,OSC,POT,Obras de conexione e instalaciones intra-lote de electricidad (Etapa 2),FISU,Terminado,"144,419,389.55",2022-09-03,100.00%
2743,Catamarca,Valle Viejo,La Costanera,San Isidro,OSC,POT,"Obras de conexiones e instalaciones intra lote eléctricas, red peatonal y arbolado público",FISU,Terminado,"82,279,810.59",2022-09-14,100.00%
2180,Salta,Salta Capital,El Cambio,Salta Capital,OSC,POT,Obras intraconexion electrica,FISU,Terminado,"104,933,270.25",2022-09-23,100.00%
4518,Buenos Aires,Castelli,Frigorífico,Castelli,Municipio,PEG,"Entubado, vivienda nueva y núcleos Húmedos",FISU,En ejecución,"599,255,989.49",2024-09-02,9.50%
87/1075/84,Buenos Aires,La Plata,La Cantera/ La Esperanza y 90 y 19,Altos De San Lorenzo,OSC,POT,Obras de intraconexión eléctrica y Red Peatonal,FISU,En ejecución,"145,530,340.45",2022-11-02,100.00%
822,Buenos Aires,General Pueyrredón,Parque Hermoso,Mar Del Plata,OSC,POT,"Obras de conexiones e instalaciones intra lote de electricidad, red peatonal y arbolado público",FISU,Terminado,"98,880,425.33",2022-09-28,100.00%
638,Buenos Aires,Coronel de Marina Leonardo Rosales,Gaudi,Punta Alta,OSC,POT,Obras de conexiones domiciliarias e intra lote de cloaca y electricidad,FISU,Terminado,"107,315,944.51",2022-12-15,100.00%
506,Buenos Aires,Exaltación de la Cruz,La Sidrera,Pavón,Municipio,POT,Obras de integración Socio Urbana,FISU,En ejecución,"420,358,077.77",2023-10-02,20.64%
4510,Tucumán,San Miguel De Tucumán,San Gabriel,San Miguel De Tucumán,OSC,POT,Obra intra conexión eléctrica y veredas,FISU,En ejecución,"234,211,981.65",2022-11-22,71.67%
4282/608,Buenos Aires,Tandil,Movediza I y II,Tandil,OSC,POT,"Obras de conexiones e instalaciones intra lote de agua, cloaca, electricidad, red peatonal, arbolado público y equipamiento urbano",FISU,Terminado,"225,958,394.26",2022-10-27,100.00%
400,Buenos Aires,Florencio Varela,Villa Hudson Fondo,Bosques,OSC,POT,Obras de conexiones e instalaciones intra lote de agua y electricidad - Barrio Villa Hudson Fondo.,FISU,En ejecución,"72,118,033.22",2023-03-06,60.18%
3983,Santa Fe,Coronda,Santa María,Coronda,OSC,POT,"Obras de conexiones e instalaciones intra lote de agua y red peatonal, arbolado público y equipamiento urbano",FISU,Terminado,"87,015,587.75",2022-09-14,100.00%
3529,Santiago del Estero,Santiago Del Estero,Bosco 2,Santiago Del Estero,OSC,POT,Obras de conexiones e instalaciones intra lote eléctricas,FISU,En ejecución,"103,887,753.30",2022-11-09,100.00%
3498,Santiago del Estero,La Banda,Finca de Ramos,La Banda,OSC,POT,"Obras de conexiones e instalaciones intra
lote de agua, red peatonal y arbolado público",FISU,Terminado,"94,044,004.51",2022-09-18,100.00%
3268,Jujuy,San Salvador De Jujuy,Loteo Barcena Sur,San Salvador De Jujuy,OSC,POT,Obras de conexiones e instalaciones intra lote eléctricas y red peatonal,FISU,En ejecución,"170,067,406.92",2022-12-13,61.16%
3238,Jujuy,Los Alisos,Laura Ruth Navea,Los Alisos,OSC,POT,Obras de conexiones e instalaciones intra lote de electricidad,FISU,En ejecución,"195,788,982.27",2023-06-26,48.42%
4464,Mendoza,Luján de Cuyo,Tierras Vivas,Agrelo,OSC,POT,"Obras de Intra electricas, vereda y arbolado",FISU,Terminado,"142,504,328.31",2023-01-06,100.00%
4426,Buenos Aires,General Pueyrredón,La Herradura,Mar Del Plata,OSC,POT,"Obras de conexiones e instalaciones e intra lote de agua, electricidad, red peatonal, arbolado público y equipamiento comunitario",FISU,En ejecución,"60,514,891.84",2023-05-02,100.00%
3106,Salta,Metán,Virgen del Valle,Metán,Municipio,POT,"Cordon cuneta, red electrica y vereda",FISU,En ejecución,"83,149,754.11",2022-12-07,36.26%
4260,San Juan,Ullum,Loteo Municipal,Ullum,OSC,POT,"Obras de conexiones e instalaciones
intra lote de agua, electricidad, red
peatonal y arbolado público",FISU,Terminado,"109,011,377.04",2022-09-23,100.00%
2586,Ciudad Autónoma de Buenos Aires,Ciudad Autónoma de Buenos Aires,Barrio Fátima,Villa Soldati,OSC,POT,SUM,FISU,En ejecución,"60,660,434.66",2023-07-21,24.92%
2537,Río Negro,Cipolletti,Diez de Enero,Cipolletti,OSC,POT,Obras de intraconexión eléctrica,FISU,En ejecución,"80,337,332.80",2022-08-01,47.83%
2510,Río Negro,Cipolletti,Dos de Agosto,Cipolletti,OSC,POT,Obras de conexiones e instalaciones intra-lote de electricidad,FISU,En ejecución,"109,110,324.03",2022-09-26,100.00%
2497,Río Negro,Allen,Islas Malvinas,Allen,OSC,POT,Obras de Equipamiento comunitario,FISU,En ejecución,"135,306,764.38",2022-11-30,64.84%
2466,Neuquén,Plottier,Colonia Evita,Plottier,OSC,POT,Obras de conexiones e instalaciones intra lote de electricidad. ,FISU,Terminado,"98,994,400.47",2022-07-28,100.00%
2421,Corrientes,Corrientes,Barrio Jardín/ Verdes soles,Corrientes,OSC,POT,"Obras de conexiones domiciliarias e instalaciones intra lote
eléctricas, red peatonal, arbolado público y equipamiento urbano.",FISU,Terminado,"68,258,582.35",2022-10-26,100.00%
2420,Corrientes,Riachuelo,Rincón Roa,Riachuelo,OSC,POT,Obras de intraconexión electrica y agua,FISU,Terminado,"120,338,784.66",2022-09-15,100.00%
2415,Corrientes,Riachuelo,Barrio Santa Margarita,Riachuelo,OSC,POT,Obras de conexiones e instalaciones intra lote de electricidad,FISU,Terminado,"79,149,021.11",2022-09-16,100.00%
3373,Mendoza,Maipú,San Francisco,Maipú,Municipio,POT,Obras Red Vial,FISU,Terminado,"17,263,180.60",2023-02-22,100.00%
2198,Salta,Salta Capital,Las Colinas,Salta Capital,OSC,POT,"Obras de conexiones e instalaciones intra lote de electricidad, red peatonal y arbolado público.",FISU,En ejecución,"199,184,002.10",2023-01-13,93.26%
2047,Misiones,Garupá,Punta Alta,Garupá,OSC,POT,"Obras de conexiones e instalaciones intra lote de agua y electricidad, red peatonal, arbolado público y equipamiento urbano ",FISU,Terminado,"108,558,927.88",2022-06-16,100.00%
2044,Misiones,Eldorado,Barrio Parque Schwelm,Eldorado,OSC,POT,Obras de conexiones e instalaciones intra lote de electricidad,FISU,Terminado,"164,087,491.48",2022-09-08,100.00%
1980,Misiones,Posadas,Belén,Posadas,OSC,POT,"Obras de equipamiento comunitario, playón deportivo, espacio recreativo, red peatonal y arbolado",FISU,Terminado,"173,285,561.10",2022-11-22,100.00%
1958/1945,Misiones,Posadas,San Lucas/Prosol 2,Posadas,OSC,POT,Obras de red peatonal y arbolado,FISU,Terminado,"49,359,703.04",2022-09-28,100.00%
1844,Santa Fe,General Lagos,La Mariposa,General Lagos,Municipio,PEG,Obras de integración socio urbana,FISU,En ejecución,"486,710,108.26",2023-05-05,82.33%
1613,Córdoba,Córdoba Capital,El Nylon,Córdoba Capital,OSC,POT,"Obras de equipamiento comunitario, playón deportivo, red peatonal y arbolado público",FISU,En ejecución,"115,275,259.60",2023-09-16,10.35%
1511,Buenos Aires,Pergamino,Hernández,Pergamino,OSC,POT,Obras de Red Peatonal,FISU,En ejecución,"120,541,948.58",2022-11-14,74.11%
15,Buenos Aires,La Plata,La Fortaleza,Villa Elisa,OSC,POT,"Obras de intraconexión de agua, cloaca, electricidad y Red Peatonal",FISU,En ejecución,"153,868,407.14",2022-12-15,95.74%
1263,Buenos Aires,La Costa,Seamos Libres,San Clemente Del Tuyú,OSC,POT,"Obras de conexiones e instalaciones intra lote de electricidad, red peatonal, arbolado público y equipamiento urbano",FISU,En ejecución,"130,180,333.43",2023-09-08,35.64%
2570,Ciudad Autónoma de Buenos Aires,Ciudad Autónoma de Buenos Aires,Villa 21/24,Barracas,OSC,POT,Obras de Equipamiento Educativo,FISU,En ejecución,"512,092,856.56",2024-05-22,10.57%
1173,Buenos Aires,General San Martín,Costa del Lago,Loma Hermosa,OSC,POT,Obras de intraconexión de agua y cloaca (veredas a confirmar),FISU,Terminado,"108,896,281.77",2022-11-29,100.00%
1047,Buenos Aires,Lanús,ACUBA,Lanús Oeste,Municipio,PEG,Obras de integracion socio urbana,FISU,En ejecución,"2,916,167,324.10",2023-07-10,6.88%
2477,Neuquén,Neuquén,Loteo Social 2,Neuquén,OSC,POT,Obras de conexiones e instalaciones intra lote eléctricas y red peatonal,FISU,En ejecución,"148,792,865.83",2023-03-16,60.12%
3977/4039,Santa Fe,Casilda,Nueva Roma H/Nueva Roma B,Casilda,Municipio,POT,Red de desagües pluviales y estabilizado,FISU,En ejecución,"795,429,434.75",2023-08-07,2.04%
1388,Buenos Aires,San Vicente,Villa Coll,Alejandro Korn,Municipio,POT,Nueva Plaza Barrial,FISU,En ejecución,"83,783,512.60",2023-02-17,70.95%
4137,Tucumán,San Felipe y Santa Bárbara,Ampliación Miguel Lillo,Barrio San Felipe,Provincia,POT,"Obras de Red Peatonal, Arbolado público, Parquización y Equipamiento Urbano",FISU,En ejecución,"132,290,970.65",2023-03-21,60.00%
724,Buenos Aires,Necochea,Los Álamos,Necochea,OSC,POT,"Obras de conexiones e instalaciones intra lote de agua y electricidad, red peatonal, arbolado público y equipamiento urbano",FISU,En ejecución,"138,139,629.36",2023-01-20,100.00%
878,Buenos Aires,Villarino,Hospital,Medanos,Municipio,POT,"Veredas, Cordón Cuneta, Pavimento, Red de Gas, Playón Deportivo con Equipamiento Urbano y Alumbrado Público

Alumbrado",FISU,En ejecución,"521,225,065.88",2023-05-18,13.43%
1785/1790/1802/1803/1818/1819/1903/1812,Santa Fe,Rosario,La Cava/La Tacuarita/Roca/Quinta/Libertad/Amistad/El Sol/Vía Honda 2/Vía Honda 2,Rosario,Provincia,POT,Agua Potable - Barrio Toba,FISU,En ejecución,"489,172,122.12",2023-03-23,7.40%
3091/4505,Formosa,Formosa,San Juan I/San Juan II,Formosa,Municipio,POT,Infraestructura y obras complementarias,FISU,En ejecución,"493,603,207.13",2022-09-20,58.30%
2648,Río Negro,San Carlos De Bariloche,Alun Ruca,San Carlos De Bariloche,Provincia,POT,Red eléctrica y alumbrado público,FISU,En ejecución,"1,075,019,234.26",2023-02-01,99.99%
4798,Corrientes,Mercedes,San Martín 2,Mercedes,Municipio,POT,"Obras de Integración Social y Urbana - Barrio SAN MARTIN 1 - Mercedes, Corrientes",FISU,En ejecución,"123,843,762.15",2023-06-12,43.79%
1032,Buenos Aires,Moreno,La Porteña,Moreno,OSC,POT,"Red peatonal, arbolado público y equipamiento urbano",FISU,Terminado,"74,449,832.48",2022-09-08,100.00%
1168,Buenos Aires,Lomas de Zamora,Diecisiete de Noviembre,Ingeniero Budge,OSC,POT,Obras de ecopunto,FISU,En ejecución,"291,420,546.15",2022-11-07,75.94%
1144,Buenos Aires,Moreno,La Unión,Cuartel V,OSC,POT,Obras de centro verde,FISU,En ejecución,"448,242,353.23",2022-10-03,79.62%
1074,Buenos Aires,Zárate,Nueva Esperanza,Zárate,Coop. de servicios,POT,Red eléctrica y conexiones domiciliarias,FISU,Terminado,"78,226,091.16",2022-12-02,100.00%
4048,Tucumán,Monteros,Los Eucaliptus,Monteros,Municipio,POT,Proyecto Integral en Barrio Los Eucaliptus,FISU,En ejecución,"229,741,356.43",2023-01-30,100.00%
2970,Santa Fe,Santa Rosa De Calchines,Los Zapallos,Santa Rosa De Calchines,Municipio,POT,Construcción de Equipamiento Comunitario,FISU,En ejecución,"104,885,287.38",2022-07-22,60.01%
992,Buenos Aires,Avellaneda,Isla Maciel,Dock Sud,Municipio,POT,"""Intervención urbana en pasillos Maciel""",FISU,En ejecución,"220,092,662.06",2023-07-20,3.11%
2762,Tucumán,San Miguel De Tucumán,Autopista Sur/ Los Vázquez,San Miguel De Tucumán,Provincia,POT,Club social y deportivo “Los Vazquez,FISU,En ejecución,"129,592,926.58",2023-03-03,46.71%
,Buenos Aires,General Pueyrredón,,Mar Del Plata,SIN UE,LOTES (Adq.),Adquisición de predio para la construcción de 336 lotes con servicios,FISU,Terminado,"210,439,608.55",,
2135,Salta,Pichanal,Comunidad Mbooapi Karanday,Pichanal,Provincia,PEG,Proyecto de integración socio urbana,FISU,En ejecución,"1,748,028,252.52",2023-01-09,43.86%
3605,Corrientes,Monte Caseros,Barrio 9,Monte Caseros,OSC,PEG,OBRAS DE INTEGRACIÓN SOCIO URBANA: B° Nueve,FISU,Terminado,"734,879,038.63",2022-05-13,100.00%
3603/3604,Corrientes,Monte Caseros,Gauchito Gil/Juan Esteban Martínez,Monte Caseros,OSC,PEG,OBRAS DE INTEGRACIÓN SOCIO URBANA: B° El Gauchito Gil,FISU,Terminado,"2,294,166,391.29",2022-05-04,100.00%
462,Buenos Aires,Escobar,Villa Bote,Escobar,OSC,POT,Obras de conexiones e instalaciones intra lote a la red electrica y espacio recreativo,FISU,En ejecución,"115,769,579.05",2022-10-24,48.86%
2146,Salta,Salta Capital,Ampliación 20 de Junio,Salta Capital,Municipio,POT,Reacondicionamiento y Refuncionalización Plaza 25 de Mayo,FISU,Terminado,"98,876,015.94",2022-10-24,100.00%
2545,Río Negro,Balsa Las Perlas,Puente Santa Mónica,Balsa Las Perlas,OSC,POT,Obras de conexiones domiciliarias de electricidad a red e instalaciones intra-lote de electricidad,FISU,Terminado,"71,985,462.76",2022-07-21,100.00%
,Buenos Aires,Mercedes,,Mercedes,SIN UE,LOTES (Adq.),Adquisición de predio para la construcción de 155 lotes con servicios,FISU,Terminado,0.00,,
,Buenos Aires,La Matanza,,San Justo,SIN UE,LOTES (Adq.),Adquisición de predio para la construcción de 196 lotes con servicios,FISU,Terminado,"15,000,000.00",,
3117,Entre Ríos,Concordia,80 Viviendas 2,Concordia,Municipio,POT,Infra de agua y cloaca,FISU,En ejecución,"126,410,366.03",2022-12-06,85.53%
806,Buenos Aires,Presidente Perón,Las Lomas,Guernica,Municipio,POT,Construcción de Plaza Recreativa,FISU,En ejecución,"100,118,678.89",2022-10-13,100.00%
4424,Tucumán,Bella Vista,El Mollar,Bella Vista,Municipio,POT,Obras de Integracion Socio Urbana en barrio El Mollar.,FISU,En ejecución,"343,504,311.44",2022-08-03,100.00%
3074,Formosa,Formosa,Eva Perón,Formosa,Provincia,POT,"Extensión de la red de desagües cloacales, conexiones domiciliarias, instalaciones intralote y adecuaciones en Estación Elevadora de Líquidos Cloacales (EELC).",FISU,En ejecución,"855,764,231.35",2023-05-02,43.73%
933,Buenos Aires,Moreno,Santa Paula I,Trujui,Municipio,POT,Obras de Integración Socio Urbana,FISU,En ejecución,"383,975,078.26",2023-10-17,13.27%
180,Buenos Aires,Vicente López,Las Flores,Florida Oeste,Municipio,POT,Obra de Infraestructura eléctrica,FISU,Terminado,"41,139,856.73",2023-03-22,100.00%
1480,Buenos Aires,Quilmes,Azul,Don Bosco,Municipio,POT,Obras de Infraestructura Urbana,FISU,En ejecución,"159,880,785.11",2023-09-06,1.70%
4568,Buenos Aires,Merlo,El Mosquito,Libertad,Municipio,POT,Obras de Integración Socio Urbana,FISU,En ejecución,"102,580,501.67",2023-10-05,20.01%
3564,Chubut,Comodoro Rivadavia,Standard Norte,Comodoro Rivadavia,Coop. de servicios,POT,Red de agua y Conexiones domiciliarias,FISU,En ejecución,"991,122,298.55",2023-02-20,82.27%
989,Buenos Aires,Florencio Varela,Dos de Febrero,Gobernador Costa,OSC,POT,"Obras de red peatonal, arbolado público y equipamiento urbano",FISU,En ejecución,"158,177,055.34",2023-09-16,52.39%
861,Buenos Aires,General San Martín,El Basural,José León Suárez,OSC,POT,Obras de Equipamiento Comunitario y playón deportivo,FISU,En ejecución,"75,344,634.66",2023-01-25,67.69%
839,Buenos Aires,General Pueyrredón,Parque Peña,Mar Del Plata,OSC,POT,Obras de intra eléctrica y veredas,FISU,En ejecución,"39,350,718.84",2022-08-22,100.00%
795,Buenos Aires,General Pueyrredón,Libertad,Mar Del Plata,OSC,POT,"Obras de conexiones e instalaciones intra lote de electricidad, red peatonal, arbolado publico y equipamiento urbano",FISU,En ejecución,"180,021,618.86",2023-07-14,92.77%
787,Buenos Aires,Quilmes,Barracas de Cambaceres,Bernal Oeste,OSC,POT,"Obras de intra agua, cloacas y veredas",FISU,En ejecución,"107,929,871.57",2023-01-26,61.79%
610,Buenos Aires,General Rodríguez,Seleto de Gaona,General Rodríguez,OSC,POT,"Obras de equipamiento comunitario, red peatonal, arbolado publico y equipamiento urbano",FISU,En ejecución,"166,773,659.45",2023-05-02,20.01%
4612,Buenos Aires,Bahía Blanca,Más Barrios,Bahía Blanca,OSC,POT,"Obras de conexiones e instalaciones intra lote de electricidad, red peatonal, arbolado público y equipamiento urbano.",FISU,En ejecución,"173,804,509.17",2023-03-13,43.36%
4552,Mendoza,San Martín,Palmira Crece,Palmira,OSC,POT,Obras de Red Peatonal y Arbolado Público,FISU,Terminado,"46,959,829.92",2022-09-06,100.00%
4531,Mendoza,Las Heras,Cordón de Bonilla,Uspallata,OSC,POT,Obras de conexiones e instalaciones intra lotes eléctricas,FISU,Terminado,"39,358,925.70",2022-09-23,100.00%
4413,Tucumán,Las Talitas,San Lorenzo,Las Talitas,Municipio,POT,Obras de Red de Alumbrado Publico,FISU,En ejecución,"22,830,200.59",2022-08-30,100.00%
4395,Buenos Aires,Lomas de Zamora,Juan Manuel de Rosas,Santa Catalina,OSC,POT,Obras de equipamiento comunitario,FISU,En ejecución,"74,097,860.25",2022-07-15,100.00%
4359,Buenos Aires,Azul,Villa Piazza Sur,Azul,Municipio,POT,"Pavimentación y redes de infraestructura en Barrio Villa Piazza Sur - Localidad Azul , Municipio de Azul-",FISU,En ejecución,"1,341,968,171.59",2023-04-18,78.00%
423,Buenos Aires,Tigre,El Garrote,Tigre,OSC,POT,"Obras de conexiones e instalaciones
intra lote de agua y electricidad",FISU,En ejecución,"115,354,738.67",2022-10-13,67.55%
4178,Entre Ríos,La Paz,La Milagrosa Norte,La Paz,OSC,POT,Obras de conexiones domiciliarias de electricidad a red e instalaciones intra-lote de electricidad y Obras de red peatonal,FISU,Terminado,"148,543,537.01",2022-08-12,100.00%
4096,Tucumán,Las Talitas,Los Sánchez,Villa Mariano Moreno/El Colmenar,Municipio,POT,"""Infraestructura - Loteo Sanchez Las Talitas - Tucuman""",FISU,En ejecución,"399,157,940.64",2023-07-04,55.03%
4073,Tucumán,Alderetes,Julio Abraham,Alderetes,OSC,POT,Obras de mejoramiento pluvial y red peatonal (Etapa 2),FISU,Terminado,"122,973,737.77",2022-08-08,100.00%
4028,Santa Fe,Reconquista,Loteo Belen,Reconquista,OSC,POT,Obras de equipamiento comunitario y playón deportivo,FISU,En ejecución,"284,807,787.28",2023-05-05,60.19%
3826,Chaco,Villa Ángela,Sargento Cabral,Villa Ángela,OSC,POT,"Obras de Red peatonal, arbolado público y equipamiento urbano",FISU,Terminado,"67,068,078.32",2022-08-04,100.00%
4342,Buenos Aires,Pilar,Agustoni,Pilar,Municipio,POT,"Alumbrado público, Red peatonal y Equipamiento urbano",FISU,Terminado,"131,351,698.32",2023-10-20,100.00%
326,Buenos Aires,Brandsen,Santa Isabel,Brandsen,OSC,POT,"Obras de conexiones e instalaciones intra lote a la red eléctrica, red peatonal, arbolado público y equipamiento urbano",FISU,En ejecución,"194,137,711.83",2022-11-02,83.86%
306,Buenos Aires,General Pueyrredón,Villa Evita,Mar Del Plata,OSC,POT,"Obras de red peatonal, arbolado público y equipamiento urbano.",FISU,En ejecución,"55,329,833.86",2023-01-30,89.31%
3059,Formosa,Formosa,Virgen de Pompeya,Formosa,OSC,POT,"Obras de Red peatonal, arbolado público, equipamiento urbano y parquización",FISU,Terminado,"194,387,053.39",2022-07-25,100.00%
3051,La Rioja,Capital,Autódromo Norte,La Rioja,OSC,POT,"Obras de conexiones e instalaciones intra lote de electricidad
y agua",FISU,Terminado,"109,096,118.60",2022-07-15,100.00%
2995,Santa Fe,Santa Fe,La Villa,Santa Fe,OSC,POT,Obra de Equipamiento comunitario y playón deportivo,FISU,Terminado,"117,252,766.30",2022-07-20,100.00%
2932,Buenos Aires,Lanús,Villa de La Fe,Monte Chingolo,OSC,POT,"Red peatonal, arbolado publico y equipamiento urbano",FISU,Terminado,"40,467,455.05",2022-09-12,100.00%
2915,Buenos Aires,General Pueyrredón,Villa Vertiz/Anexo Cariño,Mar Del Plata,OSC,POT,"Obras de conexiones domiciliarias de cloaca a red e instalaciones intra-lote de cloaca , agua y electricidad",FISU,En ejecución,"55,832,095.92",2022-12-05,88.81%
2871,Buenos Aires,Avellaneda,La Tierrita,Villa Domínico,OSC,POT,Obras de conexiones e instalaciones intra lote de agua y electricidad,FISU,Terminado,"111,304,543.83",2022-08-01,100.00%
287,Buenos Aires,Zárate,Los Rosales,Zárate,Coop. de servicios,POT,PROVISIÓN DE RED ELÉCTRICA Y ALUMBRADO PÚBLICO,FISU,Terminado,"73,085,326.71",2022-08-12,100.00%
2854,San Juan,Rawson,Alfonso 13,Médano De Oro,OSC,POT,Construcción de núcleos húmedos.,FISU,En ejecución,"552,962,865.78",2023-04-21,61.23%
2833,San Luis,San Luis,La Vecindad,San Luis,OSC,POT,"Obras de conexiones e instalaciones intra lote de agua, electricidad, red peatonal y arbolado público",FISU,Terminado,"74,739,025.58",2022-08-11,100.00%
2781,Tucumán,San Miguel De Tucumán,Once de Enero,San Miguel De Tucumán,OSC,POT,veredas,FISU,Terminado,"110,334,595.85",2022-09-14,100.00%
269,Buenos Aires,San Nicolás,Evita,San Nicolás De Los Arroyos,OSC,POT,intra agua cloacas y electricidad,FISU,En ejecución,"61,019,821.92",2022-12-19,91.70%
2578,Ciudad Autónoma de Buenos Aires,Ciudad Autónoma de Buenos Aires,Barrio Obrero,Villa Lugano,OSC,POT,Obras de equipamiento comunitario,FISU,En ejecución,"74,463,265.67",2023-10-06,20.87%
2390,Corrientes,Corrientes,Patono 1,Corrientes,OSC,POT,Obras de Playón deportivo cubierto y espacio recreativo Barrio Patono I,FISU,En ejecución,"89,293,337.81",2023-02-10,21.00%
2213,Chaco,Resistencia,Edison,Resistencia,OSC,POT,Obras de conexiones e instalaciones intra lote de agua y eléctricas,FISU,Terminado,"172,853,866.43",2022-07-01,100.00%
198/1570,Buenos Aires,Ensenada,Arenero y El Zanjón,Ensenada/Punta Lara,OSC,POT,Obras de conexiones e instalaciones intra lote de electricidad,FISU,Terminado,"144,942,876.74",2023-04-04,100.00%
1798,Santa Fe,Rosario,La Lagunita,Rosario,OSC,POT,"Obras de conexiones e Instalaciones intra lote eléctricas, red peatonal, arbolado público y equipamiento urbano",FISU,Terminado,"45,657,142.85",2022-06-27,100.00%
150/1045,Buenos Aires,Mercedes,Geo/ Pampita,Gowland,OSC,POT,"Obras de conexiones e instalaciones intra lote eléctricas, red peatonal y arbolado público.",FISU,Terminado,"122,448,954.54",2022-06-24,100.00%
1469,Buenos Aires,Lanús,Eva Perón,Lanús Oeste,OSC,POT,"Obras de conexiones e instalaciones intra lote de agua, cloaca y electricidad",FISU,Terminado,"287,328,335.17",2023-02-02,100.00%
1371,Buenos Aires,José C. Paz,San Pantaleón III,José C. Paz,OSC,POT,Obras de intra eléctrica,FISU,Terminado,"156,040,198.41",2022-08-12,100.00%
1177,Buenos Aires,Merlo,Loma Grande,Merlo,OSC,POT,"Obras de red peatonal, arbolado público y equipamiento urbano",FISU,En ejecución,"137,521,507.46",2022-08-12,84.69%
397,Buenos Aires,San Isidro,Veinte de Junio,Beccar,OSC,POT,intra eléctrica + sum ,FISU,Terminado,"125,772,629.14",2022-05-02,100.00%
1126/1414,Buenos Aires,San Vicente/Almirante Brown,Mataderos/El Progreso,Alejandro Korn/Glew,OSC,POT,Obras de conexiones domiciliarias e instalaciones intra-lote de electricidad y cloaca,FISU,Terminado,"217,819,883.32",2022-10-20,100.00%
1088,Buenos Aires,La Plata,La Victoria,Arturo Seguí,OSC,POT,Red peatonal,FISU,En ejecución,"146,838,646.38",2022-09-19,81.64%
1078,Buenos Aires,Lobos,Hipódromo,Lobos,OSC,POT,"Obras de conexiones e instalaciones intra lote de agua, eléctricas y red
peatonal",FISU,Terminado,"103,301,422.97",2023-02-22,100.00%
1001/999,Buenos Aires,Berisso,Villa Nueva/Villa Arguello,Berisso,OSC,POT,Obras de red peatonal y equipamiento urbano,FISU,En ejecución,"209,253,307.70",2023-09-28,20.25%
4759,Buenos Aires,Olavarría,Matadero,Olavarría,OSC,POT,Obras de coneciones e instalaciones intralote de agua y electricidad,FISU,Terminado,"38,472,678.34",2022-10-25,100.00%
1180,Buenos Aires,Zárate,Reysol,Zárate,OSC,POT,Obras de equipamiento comunitario y playón deportivo,FISU,Terminado,"40,530,763.20",2022-08-23,100.00%
3204,Jujuy,Palpalá,Dieciocho de Noviembre,Palpalá,OSC,POT,Obras de equipamiento comunitario,FISU,En ejecución,"183,476,546.68",2023-01-18,67.97%
1349,Buenos Aires,La Matanza,Nicoll,Virrey Del Pino,OSC,POT,"Obras de conexiones e instalaciones intra lote de agua, red peatonal y arbolado público.",FISU,En ejecución,"320,941,334.08",2023-07-31,61.87%
1349,Buenos Aires,La Matanza,Nicoll,Virrey Del Pino,OSC,POT,Obras de equipamiento comunitario y playón deportivo,FISU,Terminado,"119,275,960.09",2022-08-29,100.00%
1328,Buenos Aires,La Matanza,Los Ceibos II,González Catán,OSC,POT,SUM + Playón  + Veredas,FISU,En ejecución,"190,070,269.10",2023-01-19,76.14%
1335,Buenos Aires,La Matanza,El Trébol,Rafael Castillo,OSC,POT,Obras de equipamiento comunitario y playon,FISU,En ejecución,"128,188,172.88",2022-12-16,61.36%
1324,Buenos Aires,La Matanza,Justo Villegas,San Justo,OSC,POT,Obras de Equipamiento comunitario,FISU,En ejecución,"151,545,963.08",2022-08-31,96.06%
928,Buenos Aires,Moreno,Veintitrés de Diciembre,Cuartel V,OSC,POT,"Obras de conexiones e instalaciones intra lote eléctricas, red peatonal y arbolado públicol",FISU,En ejecución,"127,220,630.49",2022-10-28,68.79%
1786,Santa Fe,Rosario,Los Pumitas,Rosario,OSC,POT,Obras de conexiones domiciliarias de electricidad a red e instalaciones intra-lote de electricidad,FISU,En ejecución,"155,846,432.03",2022-06-21,60.00%
2001,Misiones,Posadas,Chacra 158,Posadas,OSC,POT,Obras de intraconexiones electricas,FISU,Terminado,"90,643,743.37",2022-08-01,100.00%
1153,Buenos Aires,Tigre,Sagrada Familia,Los Troncos Del Talar,OSC,POT,Obra de equipamiento comunitario y playon deportivo,FISU,Terminado,"228,629,129.97",2022-10-31,100.00%
4580,Salta,Profesor Salvador Mazza,Veintiocho de Marzo,Profesor Salvador Mazza,OSC,POT,Obras de red peatonal y arbolado,FISU,En ejecución,"130,406,973.95",2023-02-17,100.00%
381,Buenos Aires,La Matanza,Hijos de Sarmiento,Ciudad Madero,OSC,POT,Obras de equipamiento comunitario y playón deportivo,FISU,En ejecución,"271,278,029.79",2022-10-18,99.00%
594,Buenos Aires,Tandil,Villa Laza,Tandil,OSC,POT,Obras de red peatonal ,FISU,En ejecución,"79,438,514.46",2023-01-09,60.18%
3379,Mendoza,Maipú,Unidos Por Una Esperanza,Rodeo Del Medio,OSC,POT,Obras de red peatonal y arbolado público,FISU,Terminado,"33,267,776.70",2022-05-23,100.00%
4296,Buenos Aires,General Pueyrredón,Santa Rosa del Mar,Mar Del Plata,OSC,POT,Obras de Equipamiento Comunitario: Ampliación y mejoramiento de comedor,FISU,En ejecución,"157,249,846.64",2023-05-29,87.66%
4549,Buenos Aires,General San Martín,Ocho de Mayo,Loma Hermosa,OSC,POT,Obras de conexiones e instalaciones intra lote de Cloaca y Agua,FISU,Terminado,"105,982,567.18",2022-07-21,100.00%
891,Buenos Aires,Hurlingham,San Damián,William Morris,OSC,POT,Obras de Integración Socio Urbana,FISU,En ejecución,"186,803,935.69",2022-11-14,66.86%
1522,Buenos Aires,Escobar,Villa Alegre,Escobar,Municipio,PEG,"Red vial, agua potable y desague pluvial",FISU,En ejecución,"687,188,245.55",2023-01-09,62.12%
384,Buenos Aires,Pehuajó,Barrio Cumba,Pehuajó,Municipio,PEG,Obras integración socio urbana,FISU,En ejecución,"405,025,382.22",2023-10-18,36.84%
644,Buenos Aires,General San Martín,Ciudad de Dios,José León Suárez,OSC,POT,"Obras de Espacios recreativos y deportivos, Red Peatonal y Alumbrado Público",FISU,En ejecución,"91,069,175.38",2022-04-28,50.00%
122,Buenos Aires,Avellaneda,Inflamable,Dock Sud,Municipio,POT,PAVIMENTO SOBRE CAMPANA ENTRE GENOVA Y LARROQUE.,FISU,Terminado,"58,896,009.04",2022-12-01,100.00%
680/526/1160/1130,Buenos Aires,San Vicente,San José I/San José 2/San José FFCC/ Versalles,Alejandro Korn,Municipio,POT,Obras de integración socio urbana,FISU,En ejecución,"5,554,365,583.14",2023-04-24,28.66%
1430/4242,Buenos Aires,Almirante Brown,Ciudad Oculta/Betharram,Burzaco,Municipio,POT,Obras de integración Urbana y Barrios Populares,FISU,En ejecución,"2,378,902,260.36",2023-03-15,59.44%
,Misiones,Montecarlo,,Montecarlo,Municipio,LOTES,Ejecución de infraestructura para 247 lotes con servicios,FISU,En ejecución,"553,794,768.19",2022-10-26,50.04%
4574,Buenos Aires,Merlo,Los Eucaliptus,Mariano Acosta,Municipio,POT,"Construcción de veredas, iluminación, colocación de mobiliario urbano y forestación en barrio Los Eucaliptos",FISU,En ejecución,"33,815,031.97",2023-04-28,55.16%
1198,Buenos Aires,Merlo,Samoré,Merlo,Municipio,POT,Obras de integración socio urbanas,FISU,En ejecución,"135,909,203.26",2023-04-28,39.20%
1195,Buenos Aires,Merlo,Santa Cecilia,Mariano Acosta,Municipio,POT,Obras de integración socio urbana,FISU,En ejecución,"50,017,833.38",2023-05-29,19.41%
852,Buenos Aires,General Pueyrredón,Las Heras,Mar Del Plata,OSC,POT,"Obras de conexiones e instalaciones intra lote a la red electrica, cloacal y agua y red peatonal",FISU,Terminado,"175,529,415.06",2022-02-07,100.00%
3644,Entre Ríos,Gualeguaychú,Asentamiento Norte Santiago Diaz y Federación,Gualeguaychú,Municipio,POT,Obras de integración socio urbanas,FISU,En ejecución,"385,620,426.21",2023-05-03,21.09%
,Buenos Aires,Olavarría,,Olavarría,Municipio,LOTES,Ejecución de infraestructura para 112 lotes con servicios,FISU,En ejecución,"285,092,915.30",2022-11-15,80.94%
4024,Santa Fe,Reconquista,Barrio Nuevo,Reconquista,Municipio,POT,Obras de Integración Socio Urbana,FISU,En ejecución,"737,319,582.22",2023-05-08,62.46%
3909/3910/3911,Misiones,Puerto Esperanza,Arroyito/Bergue/Rolon Varga,Puerto Esperanza,Municipio,POT,"Nexo de agua, tanques y extensión de red en los barrios",FISU,Terminado,"238,736,980.76",2022-08-01,100.00%
2114,Salta,Tartagal,Pablo Secretario,Tartagal,OSC,POT,"Obras de Conexiones e Instalaciones Intra-lote de Agua, Red Peatonal y Arbolado Público.",FISU,Terminado,"75,753,265.98",2022-06-22,100.00%
4128,Tucumán,Tafí Viejo,Barrio Calpini,Tafí Viejo,Municipio,POT,"Obra de Alumbrado Público, Conexiones eléctricas intra domiciliarias, Red de Agua Potable",FISU,En ejecución,"921,163,252.61",2023-04-03,33.46%
4549,Buenos Aires,General San Martín,Ocho de Mayo,Loma Hermosa,Municipio,POT,Plaza Mercedes Sosa y veredas aledañas ,FISU,En ejecución,"647,881,529.17",2023-01-26,64.43%
806,Buenos Aires,Presidente Perón,Las Lomas,Guernica,Municipio,POT,Alumbrado Público Barrio Las Lomas ,FISU,Terminado,"420,657,215.80",2022-07-04,100.00%
2736,Catamarca,San Fernando Del Valle De Catamarca,Loteo Suxe,San Fernando Del Valle De Catamarca,Provincia,POT,Integración Socio- Urbana  Loteo Sussex,FISU,En ejecución,"297,955,335.63",2022-12-08,50.77%
4259,San Juan,Ullum,Villa Santa Rosa,Ullum,OSC,POT,Obras de conexiones e instalaciones intra lote de electricidad y agua.,FISU,Terminado,"60,970,417.70",2022-07-15,100.00%
3743,Río Negro,El Bolsón,San José,El Bolsón,Municipio,POT,"Mensura, Extensión de red de agua, Conexiones e Instalaciones Intra lote de agua.Intralote de agua hasta tanque",FISU,En ejecución,"47,139,634.69",2022-06-24,100.00%
199,Buenos Aires,Malvinas Argentinas,La Gótica,Villa De Mayo,OSC,POT,"Obras de conexiones e instalaciones intra lote eléctricas, red peatonal, arbolado público y equipamiento urbano",FISU,Terminado,"36,770,185.49",2022-07-04,100.00%
2659/2645/2644/2643,Río Negro,San Carlos De Bariloche,San Cayetanito/ Villa Gas/ Mz 200/ Barda Este,San Carlos De Bariloche,OSC,POT,Obras de conexiones e instalaciones intra lote a la red electrica,FISU,Terminado,"253,932,105.04",2022-07-04,100.00%
4429,Mendoza,San Martín,Bonano,Chapanay,OSC,POT,Obras de Red peatonal y Arbolado Público,FISU,Terminado,"31,156,970.32",2022-06-10,100.00%
430,Buenos Aires,General Pueyrredón,Dos de Abril,Mar Del Plata,OSC,POT,Obras de conexiones e instalaciones intra lote a la red de agua y red electrica,FISU,Terminado,"84,933,900.70",2022-08-22,100.00%
3795,Chaco,General José de San Martín,La 12,General José de San Martín,OSC,POT,Obras de conexiones e instalaciones intra lote a la red de agua y red electrica,FISU,Terminado,"143,605,944.17",2022-06-16,100.00%
3256,Jujuy,Monterrico,San Martín,Monterrico,OSC,POT,Obras de Red Peatonal y Espacio Recreativo,FISU,Terminado,"61,623,265.50",2022-05-26,100.00%
322,Buenos Aires,La Plata,Cristo Rey,José Melchor Romero,OSC,POT,Obras de conexiones e instalaciones intra lote eléctricas,FISU,Terminado,"131,842,067.45",2022-08-06,100.00%
2570,Ciudad Autónoma de Buenos Aires,Ciudad Autónoma de Buenos Aires,Villa 21/24,Barracas,OSC,POT,Obras de conexiones e instalaciones intra lote a la red electrica,FISU,Terminado,"106,476,288.06",2022-09-05,100.00%
2399,Corrientes,Corrientes,La Tosquera,Corrientes,OSC,POT,Obras de conexiones e instalaciones intra lote a la red electrica,FISU,Terminado,"63,726,466.88",2022-04-04,100.00%
2493,Neuquén,Neuquén,Ruca Antu,Neuquén,OSC,POT,Obras de conexiones domiciliarias de electricidad a red e instalaciones intra-lote de electricidad,FISU,En ejecución,"188,203,975.92",2022-11-22,100.00%
3822,Chaco,Las Breñas,Quinta Ruiz,Las Breñas,OSC,POT,Obras de red peatonal y alumbrado público (etapa II),FISU,Terminado,"163,705,880.48",2022-08-08,100.00%
213,Buenos Aires,Baradero,La Igualdad,Baradero,Municipio,POT,"Intra de Agua, cloaca ",FISU,Terminado,"82,228,630.87",2022-08-25,100.00%
4310/4311,Buenos Aires,Baradero,Tobares/ Don Pedro,Baradero,Municipio,POT,"Intra de Agua, cloaca ",FISU,En ejecución,"121,724,321.08",2022-10-20,47.90%
2996,Santa Fe,Santa Fe,La Ranita,Santa Fe,OSC,POT,Obras de equipamiento comunitario,FISU,Terminado,"68,253,208.51",2022-04-08,100.00%
2458/2457/2451,Neuquén,Neuquén,Toma Argentina II/ Toma Obrador/ Toma La familia,Neuquén,OSC,POT,Obras de conexiones e instalaciones intra lote a la red electrica,FISU,Terminado,"63,123,115.67",2022-04-06,100.00%
2307,Chaco,Barranqueras,San Cayetano 2,Barranqueras,OSC,POT,Obras de red peatonal,FISU,Terminado,"37,419,559.03",2022-05-21,100.00%
4410,Tucumán,Tafí Viejo,Villa Muñecas Norte,Tafí Viejo,OSC,POT,Obras de red peatonal,FISU,Terminado,"37,570,820.76",2022-05-05,100.00%
1168,Buenos Aires,Lomas de Zamora,Diecisiete de Noviembre,Ingeniero Budge,OSC,POT,Obras de conexiones e instalaciones intra lote a la red electrica,FISU,Terminado,"119,094,172.09",2022-04-22,100.00%
273,Buenos Aires,Lomas de Zamora,Santa Catalina,Santa Catalina,OSC,POT,"Obras de Red Peatonal, Arbolado y Equipamiento urbano",FISU,Terminado,"59,740,291.52",2022-08-11,100.00%
1475,Buenos Aires,Pilar,El Manzanar,Villa Rosa,Municipio,POT,Cordón Cuneta y Veredas,FISU,En ejecución,"843,630,538.71",2023-02-06,100.00%
77,Buenos Aires,La Plata,Las Rosas,José Melchor Romero,Coop. de servicios,POT,Extensión de Red de Agua,FISU,En ejecución,"611,396,389.25",2022-09-01,81.86%
2199,Salta,Salta Capital,Barrio Ceferino,Salta Capital,OSC,POT,"Obras de conexiones e Instalaciones intra lote de agua, sistema de desagües pluviales, red peatonal, arbolado público y espacio recreativo,",FISU,En ejecución,"246,910,600.75",2022-07-27,85.21%
1867,Santa Fe,Pérez,Cabín 9,Pérez,Municipio,POT,"Red vial, desagües pluviales y red cloacal",FISU,En ejecución,"703,063,871.48",2022-09-19,91.98%
1911,Santa Fe,Pérez,Villa América,Pérez,Municipio,POT,Obras de Infraestructura vial y Servicios B° Villa América,FISU,En ejecución,"330,430,885.82",2022-06-10,78.42%
1788/1750,Santa Fe,Pérez,Barrio Jardín/El Fachinal,Pérez,Municipio,POT,Carpeta Asfáltica y Cordón Cuneta,FISU,En ejecución,"1,005,361,978.33",2023-06-21,12.74%
1787,Santa Fe,Pérez,Villa del Parque,Pérez,Municipio,POT,"Red Vial, desagüe pluvial superficial,  desagüe cloacal y alumbrado público",FISU,En ejecución,"366,625,437.89",2022-08-01,77.41%
4468,Buenos Aires,Azul,Villa Piazza Norte,Azul,Coop. de servicios,POT,Obras de infraestructura de energía eléctrica y Alumbrado Público,FISU,Terminado,"52,840,742.40",2022-03-14,100.00%
328,Buenos Aires,Zárate,Nueve de Julio,Lima,Coop. de servicios,POT,PROVISIÓN DE RED ELÉCTRICA Y ALUMBRADO PÚBLICO,FISU,Terminado,"44,251,240.08",2022-02-18,100.00%
1683,Córdoba,Río Cuarto,Las Delicias,Río Cuarto,Provincia,PEG,Obras de integración socio urbana,FISU,En ejecución,"1,458,686,293.67",2022-12-21,39.04%
3400/3401/3402,Mendoza,San Carlos,Valle Hermoso/Coronel Videla/Sin Nombre (Coronel Videla Oeste),San Carlos,Municipio,POT,"Urbanización, Red de Gas y Red de Agua",FISU,En ejecución,"515,875,295.11",2022-10-21,68.32%
602,Buenos Aires,Zárate,La Esperanza,Zárate,Coop. de servicios,POT,Provisión de Red Eléctrica y ALumbrado Público,FISU,Terminado,"112,733,676.90",2022-04-05,100.00%
4168,Entre Ríos,La Paz,Papa Francisco,La Paz,OSC,POT,Red de cloaca y estación elevadora – Construcción de núcleos húmedos y conexiones intradomiciliarias de cloaca y electricidad,FISU,Terminado,"171,523,938.68",2022-05-09,100.00%
358/1284/1142/1189,Buenos Aires,Mercedes,Marchetti │Marchetti II │Redes | Malvinas,Mercedes,Municipio,PEG,PEG Etapa I: Extensión de red de agua potable y apertura de calles,FISU,Terminado,"253,238,587.90",2022-09-05,100.00%
4268,Mendoza,Guaymallén,Los Hornos,El Sauce,OSC,POT,Obras de intra de electricidad ,FISU,Terminado,"39,068,869.11",2022-02-03,100.00%
2063/2077,Misiones,Garupá,Guadalupe/Villa del Barrio La Ripiera,Garupá,Provincia,PEG,Obras de Integracion Socio Urbana,FISU,En ejecución,"3,811,683,861.09",2023-06-06,40.96%
2502,Río Negro,Cipolletti,Obrero A y B,Cipolletti,OSC,POT,"Obras de conexiones domiciliarias a red
e instalaciones intra-lote de electricidad",FISU,En ejecución,"84,496,762.96",2022-05-16,100.00%
183,Buenos Aires,San Andrés de Giles,Estación Solís,Solís,OSC,POT,"Obra de Red Desague Pluvial, Red Vial, Red Peatonal, Red de Agua Potable con conexion domiciliaria y Espacio publico.",FISU,Terminado,"70,828,273.67",2022-02-25,100.00%
188,Buenos Aires,San Andrés de Giles,Scully,San Andrés De Giles,OSC,POT,"Obras de red de desagüe pluvial, vial, peatonal y espacio público",FISU,Terminado,"381,241,497.92",2022-05-06,100.00%
4254,Buenos Aires,General San Martín,Villa Hidalgo,José León Suárez,OSC,POT,Obras de conexiones e instalaciones intra lote a la red de agua,FISU,Terminado,"55,843,845.01",2022-01-10,100.00%
347,Buenos Aires,Zárate,Pecorena,Zárate,Coop. de servicios,POT,Provisión de Red Eléctrica y alumbrado público,FISU,Terminado,"74,384,135.42",2022-02-18,100.00%
3156,Entre Ríos,Concordia,Los Pájaros,Concordia,Municipio,POT,80 Conexiones a red eléctrica e instalaciones domiciliarias Barrio Los Pájaros,FISU,En ejecución,"24,021,567.64",2022-03-08,59.19%
315,Buenos Aires,Zárate,Los Pinos,Lima,Coop. de servicios,POT,Provisión de Red Eléctrica,FISU,Terminado,"54,492,297.43",2022-02-11,100.00%
314,Buenos Aires,Zárate,Ocho de Septiembre,Lima,Coop. de servicios,POT,Provisión de red eléctrica y alumbrado público,FISU,Terminado,"176,890,465.58",2022-06-29,100.00%
309,Buenos Aires,Exaltación de la Cruz,La Plegaria,Los Cardales,Municipio,POT,"“Proyecto hidráulico: cordón cuneta y Mejoramiento Vial”
",FISU,Terminado,"54,731,818.50",2022-04-25,100.00%
294,Buenos Aires,Zárate,La Ilusión,Zárate,Coop. de servicios,POT,Provisión de red eléctrica y alumbrado público,FISU,Terminado,"231,129,132.88",2022-05-02,100.00%
279,Buenos Aires,Zárate,La Ponderosa,Zárate,Coop. de servicios,POT,PROVISIÓN DE RED ELÉCTRICA Y ALUMBRADO PÚBLICO,FISU,Terminado,"50,953,709.13",2022-04-04,100.00%
2083,Salta,Salta Capital,La Cerámica,Salta Capital,Municipio,POT,Infraestructura urbana para el barrio La Ceramica,FISU,En ejecución,"1,019,973,369.57",2023-03-13,45.90%
4160,Tucumán,Famaillá,Kilómetro 102,Famaillá,Municipio,POT,"""Obras de Integración Socio Urbana- Red de agua potable , Red de
alumbrado Público, Red Vial, Módulos sanitarios, Cestos domiciliarios""",FISU,Terminado,"524,969,827.12",2022-05-27,100.00%
2989/3039,Santa Fe,Santa Fe,Transporte/Villa Elsa,Santa Fe,Municipio,POT,Obras de Agua Potable y Desagües Cloacales,FISU,En ejecución,"663,240,855.72",2022-06-11,62.32%
3878,Misiones,Puerto Esperanza,Bella Vista,Puerto Esperanza,Municipio,POT,Construcción de núcleos húmedos y conexiones intradomiciliarias,FISU,Terminado,"731,755,385.24",2022-03-17,100.00%
2506,Río Negro,General Roca,Barrio Fiske Menuco,General Roca,Municipio,PEG,Proyecto integral y Lotes con Servicios en Barrio Fiske Menuco - General Roca ,FISU,En ejecución,"1,659,886,479.31",2023-04-13,35.08%
,Misiones,Posadas,,Posadas,Municipio,LOTES,Ejecución de infraestructura para 278 lotes con servicios,FISU,En ejecución,"1,689,601,400.84",2023-06-26,17.46%
1848,Santa Fe,Rosario,Villa Tablada,Rosario,Municipio,POT,Mejoramiento en espacio público recreativo,FISU,Terminado,"56,082,774.28",2022-05-20,100.00%
4155/4153,Tucumán,Aguilares,Ampliación San Nicolás/ Chacarita,Aguilares,Municipio,POT,Obras de Integracion Socio urbana,FISU,En ejecución,"563,499,055.79",2022-10-03,100.00%
1656,Córdoba,Córdoba Capital,Villa Urquiza (La Favela),Córdoba Capital,Provincia,PEG,Obras de integración socio urbana,FISU,En ejecución,"403,939,547.05",2023-04-19,7.29%
4607,Buenos Aires,Almirante Brown,La Hermosa,Ministro Rivadavia,Municipio,POT,Obras de Integración Urbana – Barrios Populares – Barrio La Hermosa,FISU,Terminado,"508,355,748.25",2022-10-10,100.00%
4107,Tucumán,Arcadia,Palo Blanco,Arcadia,Municipio,POT,Obras de integración socio urbana,FISU,Terminado,"340,864,484.56",2022-08-29,100.00%
3637,Entre Ríos,Gualeguay,Evita,Gualeguay,Municipio,POT,INTERVENCIÓN INTEGRAL BARRIO EVITA,FISU,En ejecución,"180,277,621.21",2022-04-27,62.23%
4050,Tucumán,Tafí Viejo,La Nina,Tafí Viejo,Municipio,POT,Red de Agua Potable y Red Cloacal con conexiones domiciliarias,FISU,En ejecución,"170,014,690.67",2022-03-02,90.59%
2824,San Luis,San Luis,República,San Luis,Provincia,PEG,Proyecto Urbanismo Integral Colaborativo (PUIC). Barrio República - Ciudad de San Luis - Provincia de San Luis,FISU,En ejecución,"8,165,611,282.73",2022-06-22,90.60%
2924,Buenos Aires,Quilmes,IAPI,Bernal Oeste,Municipio,POT,Obras de veredas y arbolado,FISU,En ejecución,"213,655,140.43",2023-03-30,58.33%
,Buenos Aires,General Pueyrredón,,Mar Del Plata,OSC,LOTES,Ejecución de infraestructura para 64 lotes con servicios,FISU,Terminado,"209,713,125.77",2022-07-04,100.00%
,Catamarca,Belén,,Londres,Provincia,LOTES,Ejecución de infraestructura para 36 lotes con servicios,FISU,Terminado,"66,377,367.50",2022-06-06,100.00%
,Catamarca,Belén,,Belén,Provincia,LOTES,Ejecución de infraestructura para 28 lotes con servicios,FISU,Terminado,"65,954,783.82",2022-04-05,100.00%
4142,Tucumán,Monteros,Mataderos,Monteros,Municipio,POT,"INFRAESTRUCTURA Y OBRAS COMPLEMENTARIAS 
BARRIO MATADERO",FISU,En ejecución,"214,194,774.91",2022-03-10,100.00%
1512,Buenos Aires,Marcos Paz,Santa María,Marcos Paz,Municipio,POT,Obras de Integración Socio Urbana,FISU,Terminado,"552,018,994.74",2023-01-23,100.00%
1190,Buenos Aires,Marcos Paz,Martín Fierro,Marcos Paz,Municipio,POT,Obras de Integracion Socio Urbana,FISU,En ejecución,"1,627,872,542.81",2023-04-01,57.33%
677,Buenos Aires,Merlo,El Palomo,Pontevedra,OSC,POT,Construcción de Red Peatonal,FISU,Terminado,"101,092,740.07",2022-03-18,100.00%
1288,Buenos Aires,Lomas de Zamora,Tres de Febrero,Villa Albertina,OSC,POT,"Obras de red peatonal, arbolado público, equipamiento urbano, parquización, plaza, núcleos húmedos y feria",FISU,En ejecución,"142,575,599.06",2022-09-19,100.00%
3038,Santa Fe,Santa Fe,Villa Hipódromo,Santa Fe,OSC,POT,"Obras de Sistema de Red Peatonal, Equipamiento Urbano y Espacio Recreativo.",FISU,Terminado,"90,904,362.24",2022-02-03,100.00%
449,Buenos Aires,La Matanza,Primavera,González Catán,Municipio,POT,Obras de conexiones domiciliarias de agua a red e instalaciones intralote,FISU,Terminado,"41,341,330.77",2022-03-09,100.00%
,Mendoza,Maipú,,Fray Luis Beltrán,Municipio,LOTES,Ejecución de infraestructura para 41 lotes con servicios,FISU,En ejecución,"100,346,467.76",2023-01-02,100.00%
4167,Entre Ríos,Colón,TIro Sur,Colón,Municipio,POT,Proyecto de integración y activación barrial,FISU,En ejecución,"426,206,533.05",2023-01-16,43.48%
4297,Buenos Aires,Tres de Febrero,Maldonado,Ciudadela,Municipio,POT,Obras de Extension de Red de Agua y Cloaca-,FISU,En ejecución,"92,154,163.58",2022-11-16,41.28%
1227,Buenos Aires,Avellaneda,Villa Tranquila,Dock Sud,Municipio,POT," “PAVIMENTACIÓN, REPAVIMENTACIÓN, VEREDA,
RECONSTRUCCIÓN CONDUCTO PLUVIAL Y
READECUACIÓN DE ESTACIÓN DE BOMBEO
PLUVIAL CALLE D VILLA TRANQUILA - ETAPA 1”",FISU,En ejecución,"95,289,817.14",2023-06-01,0.51%
1837,Santa Fe,Rosario,Nuevo Alberdi Oeste,Rosario,Municipio,POT,Extensión de red de agua potable y conexiones domiciliarias,FISU,En ejecución,"312,830,010.24",2022-10-03,83.31%
3884,Misiones,Leandro N Alem,Espacio Verde,Leandro N Alem,Provincia,POT,"Obras Tempranas de “Red de agua potable y obras intra-lote, perforación y tanque de reserva, red eléctrica, alumbrado público y conexiones domiciliarias, red vial y desagües pluviales",FISU,En ejecución,"278,527,104.20",2022-05-17,95.29%
2055,Misiones,Posadas,Chacra 252,Posadas,Provincia,POT,PROYECTO DE INTEGRACIÓN SOCIO URBANA,FISU,En ejecución,"2,537,674,626.97",2023-12-11,1.46%
2024,Misiones,San Vicente,Veinticinco de Mayo,San Vicente,Municipio,POT,"Infraestructura red de agua, red eléctrica MT BT, red vial, Red desagüe pluvial, tanque elevado, intradomiciliaria cloacal y agua.",FISU,En ejecución,"975,699,498.26",2023-05-16,56.57%
1986/1995,Misiones,Posadas,8 de Diciembre / 30 de Octubre,Posadas,Municipio,POT,Red de agua y Red Eléctrica,FISU,En ejecución,"83,233,827.27",2023-07-29,36.79%
131,Buenos Aires,Avellaneda,Siete de Septiembre (Suipacha y Pinto),Villa Domínico,Municipio,POT,Construcción de Plaza Suipacha,FISU,Terminado,"16,211,765.79",2022-04-19,100.00%
122,Buenos Aires,Avellaneda,Inflamable,Dock Sud,Municipio,POT,Infraestructura pasaje sin nombre y Morse - Villa Inflamable,FISU,En ejecución,"7,160,614.05",2022-05-02,100.00%
426,Buenos Aires,Quilmes,La Resistencia,Ezpeleta,Municipio,POT,Obras de Infraestructura Urbana Barrio La Resistencia,FISU,En ejecución,"1,225,528,940.07",2023-01-13,23.57%
3362,Mendoza,Luján de Cuyo,Valle Encantado,Chacras De Coria,OSC,POT,"Obras de equipamiento comunitario, playón deportivo, red peatonal y arbolado público",FISU,En ejecución,"131,278,075.70",2023-06-12,79.01%
4445,Buenos Aires,Moreno,Tres de Febrero,Cuartel V,OSC,POT,Obra de Equipamiento comunitario,FISU,Terminado,"92,886,435.16",2023-06-26,100.00%
886,Buenos Aires,Lomas de Zamora,Soledad,Villa Fiorito,OSC,POT,Conexiones domiciliarias de agua e infraestructura,FISU,Terminado,"62,120,011.99",2022-09-01,100.00%
2867,Buenos Aires,General San Martín,Sarmiento II,Villa Ballester,OSC,POT,Obra de Equipamiento comunitario,FISU,Terminado,"41,317,636.45",2023-02-13,100.00%
5005,Buenos Aires,Lanús,Nueve de Julio,Lanús Oeste,OSC,POT,Obras de conexiones intradomiciliarias de agua y red peatonal,FISU,Terminado,"28,572,836.33",2022-06-13,100.00%
590,Buenos Aires,Almirante Brown,Los Pinos,Ministro Rivadavia,OSC,POT,Obras de conexiones e instalaciones intra-lote de agua y sistema de red peatonal,FISU,En ejecución,"119,746,177.23",2022-03-14,100.00%
1930,Misiones,Posadas,Lapachitos,Posadas,OSC,POT,"Obras de conexiones intradomiciliarias de agua, cloaca y electricidad",FISU,Terminado,"55,041,567.68",2022-03-07,100.00%
1495,Buenos Aires,Presidente Perón,La Yaya 1,Guernica,Municipio,POT,Rehabilitación de plaza de la educación en Barrio Los Pinos,FISU,Terminado,"104,059,924.34",2022-04-12,100.00%
1552,Buenos Aires,Merlo,Juancito,Pontevedra,OSC,POT,"Obras de equipamiento comunitario, red peatonal, arbolado público y equipamiento urbano",FISU,En ejecución,"60,503,014.50",2023-04-25,34.74%
2295,Chaco,Resistencia,Ex Campo Zampa,Resistencia,OSC,POT,"Obra de Conexiones domiciliarias de electricidad a red, instalaciones eléctricas intra-lote,
 red peatonal y parquización",FISU,Terminado,"28,028,318.02",2022-01-17,100.00%
2674,Entre Ríos,Paraná,Cuatro de Junio,Paraná,OSC,POT,Obras de conexiones intradomciliarias eléctricas y red peatonal,FISU,En ejecución,"38,450,236.98",2022-02-09,95.00%
3347,Mendoza,Guaymallén,Barrio San Jorge,Guaymallén,OSC,POT,"Obras de Equipamiento Comunitario, espacio recreativo y playón deportivo",FISU,En ejecución,"93,848,147.48",2022-06-05,80.09%
2408,Corrientes,Corrientes,Arazaty,Corrientes,OSC,POT,"Obra de conexiones e instalaciones intra lote a la red de agua, cloaca y red peatonal",FISU,Terminado,"62,381,096.51",2022-06-04,100.00%
3475,Mendoza,Capital,Barrio Cipolleti,Mendoza,OSC,POT,Obra de Equipamiento comunitario,FISU,Terminado,"198,000,052.14",2022-11-07,100.00%
3448,Mendoza,San Rafael,Estación Pedro Vargas,Cuadro Benegas,Municipio,POT,Conexiones domiciliarias de Agua Potable,FISU,Terminado,"9,470,483.24",2022-08-26,100.00%
3204,Jujuy,Palpalá,Dieciocho de Noviembre,Palpalá,OSC,POT,Obras de conexiones intradomiciliarias eléctricas y red peatonal,FISU,Terminado,"50,103,755.51",2022-02-14,100.00%
3076,Formosa,Formosa,Simon Bolívar,Formosa,Provincia,PEG,Programa de Mejoramiento Integral Socio Urbana - Barrio Simón Bolívar”,FISU,En ejecución,"3,442,577,831.60",2022-08-04,74.73%
2443,Neuquén,Neuquén,Sector Peumayén,Neuquén,OSC,POT,Obras de red peatonal,FISU,Terminado,"65,120,736.25",2022-02-10,100.00%
1320,Buenos Aires,San Vicente,Biocca,San Vicente,Provincia,POT,Proyecto Red de Agua Potable,FISU,En ejecución,"128,327,722.31",2022-12-02,79.45%
1061,Buenos Aires,Malvinas Argentinas,Eaton,Grand Bourg,OSC,POT,Obras de conexiones e instalaciones intra lote a la red electrica y red peatonal,FISU,Terminado,"109,784,174.62",2022-06-10,100.00%
72,Buenos Aires,Lomas de Zamora,Ocho de Diciembre,Villa Fiorito,OSC,POT,Obras de instalaciones intra-lote de Agua,FISU,Terminado,"106,796,269.94",2022-10-18,100.00%
4376,Mendoza,Luján de Cuyo,Vistas a la Cordillera,Mayor Drummond,Provincia,POT,"Infraestructura, urbanización y equipamiento urbano",FISU,Terminado,"82,705,029.75",2022-07-01,100.00%
4277,Córdoba,Córdoba Capital,Parque Las Rosas,Córdoba Capital,OSC,POT,Instalaciones intra-lote de agua potable y electricidad,FISU,Terminado,"66,944,861.13",2022-03-14,100.00%
2755/2753,Tucumán,San Miguel De Tucumán,San Cristóbal/ Nueva Vida,San Miguel De Tucumán,Provincia,POT,"Red de gas, conexiones domiciliarias e intervencion intralote",FISU,En ejecución,"247,596,643.25",2023-04-28,20.11%
2521/2538,Río Negro,Cipolletti,Dos de Febrero/Diez de Febrero,Cipolletti,Provincia,POT,"Obras de red de media y baja tensión, alumbrado público y conexiones domiciliarias",FISU,Terminado,"924,466,473.19",2022-05-24,100.00%
4199,Buenos Aires,Almirante Brown,Los Altos,Longchamps,Municipio,POT,Obras de integración urbana,FISU,En ejecución,"714,401,769.97",2022-05-10,99.66%
1181,Buenos Aires,Campana,Las Praderas,Campana,Municipio,POT,Plan Integral en  Barrio Las Praderas,FISU,Terminado,"319,398,701.59",2022-09-01,100.00%
1042,Buenos Aires,Avellaneda,El Fortín,Gerli,Municipio,POT,Remodelación Plaza Teofilo Iglesias ,FISU,Terminado,"21,829,504.29",2022-04-19,100.00%
1598,Córdoba,Córdoba Capital,Campo de La Ribera,Córdoba Capital,OSC,POT,Obras de equipamiento comunitario,FISU,Terminado,"56,535,651.07",2021-12-09,100.00%
,Buenos Aires,Mercedes,,Mercedes,Municipio,LOTES,Ejecución de infraestructura para 206 lotes con servicios,FISU,En ejecución,"689,962,631.89",2022-08-08,31.71%
4484,Buenos Aires,Cañuelas,La Pradera,Máximo Paz,OSC,POT,OBRAS DE EQUIPAMIENTO COMUNITARIO SUM,FISU,Terminado,"66,307,921.65",2021-11-15,100.00%
2745/2756/2792/2802,Tucumán,San Miguel De Tucumán,"Ate, Santa Ana, Bienestar y Potencia",San Miguel De Tucumán,Provincia,POT,"Extensión de Red de Gas Natural, Conexiones domiciliarias e Instalaciones intralote",FISU,En ejecución,"209,537,954.34",2022-02-18,96.79%
3948,Misiones,Montecarlo,Malvinas 6,Montecarlo,OSC,POT,"Obras de Conexiones domiciliarias de agua y electricidad a red e
Instalación intra-lote",FISU,Terminado,"15,550,573.97",2022-02-09,100.00%
1553,Buenos Aires,Lomas de Zamora,El Paredón,Villa Fiorito,OSC,POT,Obras de Equipamiento Comunitario y Red Peatonal,FISU,Terminado,"28,419,185.50",2021-11-08,100.00%
2284,Chaco,Puerto Vilelas,Aplomo,Puerto Vilelas,OSC,POT,Obra de Playón deportivo y red peatonal,FISU,Terminado,"54,635,916.87",2022-05-13,100.00%
3822,Chaco,Las Breñas,Quinta Ruiz,Las Breñas,OSC,POT,"Obras de conexiones domiciliarias de electricidad a red e instalación intra-lote, red peatonal y arbolado",FISU,Terminado,"68,216,323.76",2021-11-24,100.00%
2934,Buenos Aires,General San Martín,Barrio Independencia,José León Suárez,OSC,POT,Obras de conexiones e instalaciones intra lote a la red de agua y red electrica,FISU,En ejecución,"135,025,798.98",2022-06-06,80.00%
4352,Buenos Aires,General Pueyrredón,El Colmenar,Batán,OSC,POT,Obras de conexiones e instalaciones intra lote a la red de agua y red peatonal,FISU,En ejecución,"79,021,755.52",2023-01-02,44.46%
207,Buenos Aires,Ensenada,Mosconi,Ensenada,OSC,POT,"Obras de Equipamiento Comunitario SUM, Playón Deportivo cubierto, Veredas y Arbolado",FISU,Terminado,"120,109,706.55",2021-12-03,100.00%
1660,Córdoba,Córdoba Capital,Barrio San Jorge,Córdoba Capital,OSC,POT,Obras de playón deportivo y veredas,FISU,Terminado,"20,366,672.59",2022-10-12,100.00%
160,Buenos Aires,Chivilcoy,Barrio Speranza,Chivilcoy,OSC,POT,"Obras de playón deportivo, equipamiento comunitario y red peatonal",FISU,En ejecución,"57,717,250.95",2022-05-02,100.00%
2973,Santa Fe,San José Del Rincón,Villa Añati,San José Del Rincón,OSC,POT,Obras de Instalaciones intra-lote cloacales (sistema alternativo) y Red Peatonal.,FISU,Terminado,"30,889,871.42",2021-11-30,100.00%
1810,Santa Fe,Rosario,Parque Casas,Rosario,Municipio,POT,Mejoramiento y equipamiento de espacio público recreativo y deportivo Plazas Mercedes y Merceditas de San Martín,FISU,En ejecución,"59,259,083.01",2022-04-19,95.50%
4354,Santiago del Estero,Santiago Del Estero,La Católica,Santiago Del Estero,OSC,POT,"Obras de equipamiento comunitario y
espacio recreativo",FISU,Terminado,"116,852,518.69",2022-06-13,100.00%
,Buenos Aires,Luján,,Torres,Municipio,LOTES,Ejecución de infraestructura para 438 lotes con servicios,FISU,En ejecución,"1,168,499,971.45",2022-10-24,26.33%
,Buenos Aires,Luján,,Luján,Municipio,LOTES,Ejecución de infraestructura para 402 lotes con servicios,FISU,En ejecución,"2,676,216,789.37",2022-10-21,32.64%
2677,Entre Ríos,Paraná,B° Illia,Paraná,Municipio,PEG,PROYECTO DE RELOCALIZACIÓN DEL BARRIO ILLIA,FISU,Terminado,"689,605,257.23",2022-01-04,100.00%
397/1251,Buenos Aires,San Isidro,La Cava/La Cava Chica,Beccar,Municipio,POT,Obras de Integración Socio Urbana Barrio La Cava y Cava Chica,FISU,En ejecución,"1,265,295,022.86",2022-07-01,30.76%
297,Buenos Aires,Lomas de Zamora,Seis de Agosto,Santa Catalina,OSC,POT,Obras de instalaciones intra-lote de Agua,FISU,Terminado,"70,118,623.72",2022-12-12,100.00%
598,Buenos Aires,Luján,La Loma,Luján,Municipio,POT,Equipamiento comunitario,FISU,Terminado,"105,519,709.84",2023-06-16,100.00%
,Buenos Aires,La Matanza,,San Justo,Municipio,LOTES,Ejecución de infraestructura para 168 lotes con servicios,FISU,En ejecución,"328,669,104.80",2023-08-29,2.00%
1596,Córdoba,Córdoba Capital,Barrio San Alberto,Córdoba Capital,OSC,POT,Obras de equipamiento Comunitario y Sistema de red peatonal y parquización,FISU,Terminado,"103,713,490.17",2021-12-02,100.00%
544,Buenos Aires,San Nicolás,Doce de Marzo,San Nicolás De Los Arroyos,OSC,POT,"Obras de conexiones e instalaciones intra lote de Electricidad, Red peatonal y arbolado público",FISU,Terminado,"66,343,355.52",2022-06-27,100.00%
3659,Entre Ríos,Chajarí,Salto,Chajarí,Municipio,POT,"Obras de Equipamiento Comunitario, Playón Deportivo, veredas y arbolado",FISU,Terminado,"38,543,783.71",2022-01-28,100.00%
2985,Santa Fe,Santa Fe,Los Hornos,Santa Fe,Municipio,POT,Proyecto de Integración Socio Urbana Barrio Los Hornos,FISU,En ejecución,"604,083,759.08",2022-05-22,79.22%
2992,Santa Fe,Santa Fe,Veintinueve de Abril,Santa Fe,Municipio,PEG,Obras de Interación Socio Urbana y Viviendas,FISU,En ejecución,"1,965,411,373.44",2023-04-24,24.77%
2983,Santa Fe,Santa Fe,Varadero Sarsotti,Santa Fe,Municipio,POT,"Equipamiento Comunitario, Alumbrado y Espacio Público",FISU,En ejecución,"335,337,410.51",2023-03-21,31.99%
2170,Salta,Vaqueros,Villa Sara,Vaqueros,Provincia,PEG,Obras de Integración Socio-Urbana,FISU,En ejecución,"3,226,233,672.88",2023-06-21,12.76%
955,Buenos Aires,Florencio Varela,Paysandú,Santa Rosa,OSC,POT,"Sistema de red peatonal, mejoramiento pluvial y parquización",FISU,Terminado,"50,209,583.92",2022-01-14,100.00%
740,Buenos Aires,Bahía Blanca,Saladero,Ingeniero White,OSC,POT,"""Obras de Conexiones domiciliarias de agua a red e Instalación intra-lote y Sistema de Red Peatonal y Parquización""",FISU,Terminado,"60,999,566.73",2022-01-03,100.00%
4245,Buenos Aires,General Pueyrredón,Matadero,Mar Del Plata,OSC,POT,Obras de conexiones e instalaciones intra lote a la red electrica y agua y red peatonal,FISU,En ejecución,"34,178,934.56",2022-05-16,100.00%
4546,Buenos Aires,Merlo,Nueva Esperanza,Mariano Acosta,OSC,POT,Obras de  equipamiento comunitario y red peatonal,FISU,En ejecución,"89,579,540.88",2022-12-05,86.49%
2736,Catamarca,San Fernando Del Valle De Catamarca,Loteo Suxe,San Fernando Del Valle De Catamarca,OSC,POT,Obras de red peatonal,FISU,Terminado,"56,658,754.90",2022-05-12,100.00%
443,Buenos Aires,Escobar,Nueve de Julio,Matheu,OSC,POT,“Obras de accesibilidad (red peatonal)”,FISU,Terminado,"43,319,113.72",2022-04-25,100.00%
4295,Buenos Aires,General Pueyrredón,San Jacinto,Mar Del Plata,OSC,POT,Obras de Equipamiento Comunitario y Playón Deportivo,FISU,Terminado,"78,147,848.10",2021-12-15,100.00%
4181,Misiones,Apóstoles,Timbo,Apóstoles,OSC,POT,Obras de conexiones e instalaciones intra lote a la red de agua y red electrica,FISU,Terminado,"70,333,560.79",2022-07-15,100.00%
3883,Misiones,Leandro N Alem,Veinte de Junio,Leandro N Alem,OSC,POT,"Obras de Conexiones Domiciliarias a red e Instalación intra-lote de
Electricidad, Red Peatonal y Arbolado.",FISU,En ejecución,"93,446,762.85",2022-06-02,100.00%
3846,Chaco,Juan José Castelli,Chacra 5,Juan José Castelli,OSC,POT,“Obra de red peatonal y parquización”,FISU,Terminado,"40,695,010.56",2022-02-09,100.00%
1041,Buenos Aires,Zárate,Villa Negri,Zárate,Coop. de servicios,POT,PROVISIÓN DE RED ELÉCTRICA Y ALUMBRADO PÚBLICO ,FISU,En ejecución,"127,258,767.08",2022-07-19,87.44%
3802,Chaco,Juan José Castelli,Chacra 4,Juan José Castelli,OSC,POT,"Obras de Red Peatonal, Arbolado público, Parquización y Equipamiento Urbano",FISU,Terminado,"58,416,498.84",2022-07-07,100.00%
3514,Santiago del Estero,Quimili,Las 3 Rosas,Quimili,OSC,POT,"Obras de red peatonal, arbolado público, parquización y equipamiento urbano",FISU,Terminado,"112,976,171.37",2022-07-18,100.00%
3510,Santiago del Estero,Monte Quemado,El Triángulo,Monte Quemado,OSC,POT,"Obras de Conexiones e Instalaciones intra-lote de electricidad. Red Peatonal, Arbolado público, Parquización y Equipamiento Urbano.",FISU,Terminado,"76,445,911.94",2022-06-27,100.00%
3327/3324/3436/3326/4851,Mendoza,Godoy Cruz,"Razquin, La Quebrada Los Cerrillos, Barranco 1 y Cuatro de Julio",San Vicente,Provincia,PEG,"Obra de urbanizacion, infraestructura, Complementarias (estacion de bombeo y ampliacion de reserva), Equipamiento Urbano, Equipamiento Comunitario, Infraestructura privada (Conex. Intradomiciliarias), Nucleos humedos, Viviendas, Obras especiales y de Mitigacion.",FISU,En ejecución,"5,414,128,144.69",2023-11-27,27.06%
3265,Jujuy,San Pedro De Jujuy,Veinticinco de Mayo,San Pedro De Jujuy,OSC,POT,Obra de Equipamiento comunitario,FISU,En ejecución,"80,454,272.65",2022-02-09,96.52%
3217,Jujuy,San Salvador De Jujuy,Las Lagunas,San Salvador De Jujuy,OSC,POT,"Obras de Conexiones Domiciliarias de Cloaca y Electricidad a Red, Instalaciones Intra-lote, Red Peatonal y Arbolado Público",FISU,Terminado,"19,574,454.91",2022-05-03,100.00%
2914,Buenos Aires,General Pueyrredón,Parque Independencia,Mar Del Plata,OSC,POT,"Obras de Conexiones domiciliarias de agua, red peatonal y parquización",FISU,Terminado,"52,864,718.76",2021-11-01,100.00%
2646,Río Negro,San Carlos De Bariloche,Unión,San Carlos De Bariloche,OSC,POT,Obra de Equipamiento comunitario,FISU,En ejecución,"64,739,457.76",2022-08-30,60.05%
2531,Río Negro,General Fernández Oro,Costa Linda,General Fernández Oro,OSC,POT,"Obras de conexiones e instalaciones intra lote a la red de agua y red peatonal - Barrio Acería- Provincia de Santa Fe, Municipio de San José del Rincòn",FISU,Terminado,"100,436,424.43",2022-02-14,100.00%
1982,Misiones,Posadas,Itaberá,Posadas,OSC,POT,Conexiones intradomiciliarias de agua potable y cloaca y red petonal,FISU,Terminado,"122,128,681.23",2021-10-01,100.00%
1690,Córdoba,Córdoba Capital,Villa del Parque,Córdoba Capital,OSC,POT,"intra lote de electricidad, red peatonal,",FISU,Terminado,"18,204,542.91",2022-03-31,100.00%
1645,Córdoba,Córdoba Capital,Villa Capullo,Córdoba Capital,OSC,POT,"Obras de conexiones e instalaciones intra lote de electricidad, red peatonal, y núcleos húmedos.",FISU,En ejecución,"432,745,093.52",2023-08-11,62.20%
1607,Córdoba,Córdoba Capital,Bajada San José,Córdoba Capital,OSC,POT,"Obras de conexiones e instalaciones intra lote de agua y
electricidad",FISU,En ejecución,"86,626,074.20",2022-09-22,100.00%
1501,Buenos Aires,Pergamino,Jorge Newbery,Pergamino,OSC,POT,"Conexiones intra lote de agua potable, cloaca y cegado de pozos",FISU,Terminado,"26,704,328.57",2021-10-29,100.00%
1412,Buenos Aires,Almirante Brown,Catorce de Febrero,Longchamps,OSC,POT,Obras de Espacio recreativo y equipamiento urbano,FISU,En ejecución,"135,940,753.44",2023-05-05,55.97%
1370,Buenos Aires,José C. Paz,Roosevelt 1,José C. Paz,OSC,POT,Obra de Equipamiento Comunitario y Red peatonal,FISU,Terminado,"57,805,694.18",2022-01-11,100.00%
4222,Buenos Aires,La Matanza,Diecisiete de marzo,San Justo,OSC,POT,Obras de Equipamiento Comunitario y Playones Deportivos,FISU,Terminado,"82,968,082.64",2022-02-25,100.00%
3542,Chubut,Puerto Madryn,Pte. Juan Domingo Perón,Puerto Madryn,OSC,POT,Obra de Equipamiento comunitario,FISU,Terminado,"69,559,726.35",2022-05-10,100.00%
4277,Córdoba,Córdoba Capital,Parque Las Rosas,Córdoba Capital,Provincia,PEG,Proyecto de Urbanización Parque Las Rosas,FISU,En ejecución,"494,025,417.35",2022-09-08,56.76%
1282,Buenos Aires,Quilmes,Nueve de Agosto,Quilmes Oeste,OSC,POT,"Obras de intras agua, conexiones electricas y ampliacion equipamiento comunitario",FISU,Terminado,"33,845,745.96",2021-09-13,100.00%
4459,Buenos Aires,La Matanza,Bicentenario,Virrey Del Pino,OSC,POT,“Obras de Conexiones intra lote a la red de electricidad y núcleos húmedos”,FISU,Terminado,"70,951,914.19",2021-09-06,100.00%
3757,Río Negro,Viedma,El Progreso,Viedma,Municipio,POT,"Extensión de red de agua y red cloacal con conexiones domiciliarias
",FISU,Terminado,"33,691,120.91",2022-05-19,100.00%
2101,Salta,Tartagal,Parcela 37,Tartagal,Provincia,POT,Cordón Cuneta,FISU,Terminado,"494,082,016.29",2022-12-01,100.00%
3726,Río Negro,Viedma,Santa Clara,Viedma,Municipio,POT,"Extensión de red de agua y red cloacal con conexiones domiciliarias
",FISU,En ejecución,"26,243,489.76",2022-03-28,74.39%
969,Buenos Aires,Florencio Varela,Villa María,Santa Rosa,OSC,POT,Obra de red peatonal (veredas y arbolado) y mejoramiento pluvial,FISU,Terminado,"29,060,876.38",2021-11-26,100.00%
136,Buenos Aires,La Matanza,El Porvenir II,Rafael Castillo,Municipio,POT,Conexiones domiciliarias de agua a red e instalaciones intra-lote,FISU,Terminado,"41,864,221.65",2022-01-13,100.00%
5004,Buenos Aires,Lomas de Zamora,Fiorito 4,Villa Fiorito,OSC,POT,Obras de conexiones e instalaciones intra-lote de Agua y Cloaca,FISU,Terminado,"99,642,000.79",2022-02-04,100.00%
751,Buenos Aires,Esteban Echeverría,San Ignacio,El Jagüel,OSC,POT,Obras de  instalaciones intra-lote de Agua y Cloaca,FISU,Terminado,"43,508,257.41",2022-05-12,100.00%
555,Buenos Aires,La Matanza,Barrio Sarmiento,Virrey Del Pino,Municipio,POT,Obras de conexiones domiciliarias de agua a red e instalaciones intra-lote de agua y Alumbrado Público,FISU,En ejecución,"210,550,307.51",2023-02-13,61.19%
1307,Buenos Aires,Lomas de Zamora,Nueva Esperanza,Santa Catalina,OSC,POT,Obras de conexiones e instalaciones intralote de Agua,FISU,En ejecución,"136,020,146.83",2022-09-27,100.00%
2924,Buenos Aires,Quilmes,IAPI,Bernal Oeste,OSC,POT,Obras de conexiones domiciliarias de agua a red e instalaciones intra-lote de agua y cloaca,FISU,En ejecución,"74,734,440.99",2022-04-25,100.00%
1217,Buenos Aires,La Matanza,El Tambo,Isidro Casanova,OSC,POT,Obras de conexiones e instalaciones intra-lote de Agua y Cloacas,FISU,En ejecución,"124,901,377.84",2022-09-05,67.94%
480,Buenos Aires,La Matanza,Las Antenas,La Tablada,Municipio,POT,Obras de  instalaciones intra-lote de Agua y Cloaca,FISU,En ejecución,"62,533,375.19",2023-03-20,22.65%
1134,Buenos Aires,Quilmes,Luján,Quilmes,OSC,POT,Obras de Conexiones domiciliarias de agua a red e instalaciones intra-lote,FISU,Terminado,"42,428,121.75",2022-02-10,100.00%
574,Buenos Aires,Quilmes,El Tala,Quilmes Oeste,OSC,POT,Obras de conexiones e instalaciones intra-lote de Agua y Cloaca,FISU,Terminado,"105,693,183.74",2022-08-01,100.00%
1465,Buenos Aires,Quilmes,Monteverde,Villa La Florida,OSC,POT,Obras de conexiones domiciliarias de agua a red e instalaciones intra-lote de agua y cloaca,FISU,En ejecución,"105,422,541.82",2022-04-22,100.00%
5001/1438,Buenos Aires,Lomas de Zamora,Villa Urbana/Nuevo Horizonte,Villa Fiorito,OSC,POT,Obras de instalaciones intra lote de Agua y Cloaca,FISU,En ejecución,"380,121,435.08",2022-10-03,100.00%
349,Buenos Aires,Lomas de Zamora,Antártida Argentina,Santa Catalina,OSC,POT,Obras de instalaciones intra-lote de Agua,FISU,Terminado,"92,620,291.46",2022-11-14,100.00%
1291,Buenos Aires,Lomas de Zamora,Juan Manuel de Rosas II,Santa Catalina,OSC,POT,Obras de instalaciones intra-lote de Agua,FISU,En ejecución,"113,586,266.51",2023-02-22,100.00%
1328,Buenos Aires,La Matanza,Los Ceibos II,González Catán,OSC,POT,Obras de conexiones domiciliarias de agua a red e instalaciones intra-lote de agua,FISU,Terminado,"37,688,750.38",2022-02-18,100.00%
4222,Buenos Aires,La Matanza,Diecisiete de marzo,San Justo,OSC,POT,Conexiones domiciliarias de agua y cloaca e infraestructura,FISU,Terminado,"95,806,630.53",2022-04-08,100.00%
565,Buenos Aires,Quilmes,Barrio Primavera,Quilmes Oeste,OSC,POT,Conexiones domiciliarias de agua y cloaca e infraestructura,FISU,Terminado,"38,887,592.69",2022-02-17,100.00%
1437,Buenos Aires,La Matanza,José Luis Cabezas,Isidro Casanova,Municipio,POT,Obras de  instalaciones intra-lote de Agua y Cloaca,FISU,En ejecución,"39,127,192.03",2022-07-15,82.00%
1223,Buenos Aires,Quilmes,Iapi 1,Bernal Oeste,OSC,POT,Conexiones domiciliarias de agua y cloacas a red e Instalación intra-lote,FISU,Terminado,"27,176,833.05",2021-12-15,100.00%
30,Buenos Aires,Quilmes,Cañada,Bernal Oeste,OSC,POT,Obras de conexiones e instalaciones intra lote   de agua y cloaca,FISU,Terminado,"115,138,988.14",2022-08-12,100.00%
1327,Buenos Aires,La Matanza,San Alberto,Isidro Casanova,OSC,POT,Obras de conexiones domiciliarias de agua y cloaca a red e instalaciones intra-lote de agua y cloaca,FISU,Terminado,"69,963,194.22",2022-05-30,100.00%
491,Buenos Aires,La Matanza,Los Ceibos I,González Catán,OSC,POT,Conexiones domiciliarias de agua e infraestructura,FISU,Terminado,"277,415,832.00",2023-02-06,100.00%
1335,Buenos Aires,La Matanza,El Trébol,Rafael Castillo,OSC,POT,Conexiones domiciliarias de agua e infraestructura,FISU,Terminado,"58,784,014.80",2022-08-22,100.00%
780,Buenos Aires,La Matanza,Primavera II,González Catán,Municipio,POT,Obras de conexiones domiciliarias de agua a red e instalaciones intralote,FISU,Terminado,"40,005,125.45",2022-03-25,100.00%
762,Buenos Aires,Esteban Echeverría,San Agustín,Nueve De Abril,OSC,POT,Obras de conexiones e instalaciones intra-lotes de agua,FISU,En ejecución,"136,145,676.28",2022-07-04,100.00%
504,Buenos Aires,Lomas de Zamora,Centenario,Villa Centenario,OSC,POT,Obras de instalaciones intra lote de agua,FISU,En ejecución,"107,018,535.35",2022-12-12,100.00%
426,Buenos Aires,Quilmes,La Resistencia,Ezpeleta,OSC,POT,Obras de conexiones e instalaciones intra-lote de Agua,FISU,Terminado,"94,182,720.71",2022-07-15,100.00%
896,Buenos Aires,Quilmes,La Vera,Quilmes Oeste,OSC,POT,Obras de conexiones domiciliarias de agua a red e instalaciones intra-lote de agua y cloaca,FISU,Terminado,"48,546,907.10",2022-05-16,100.00%
1519,Buenos Aires,Lomas de Zamora,Diez de Abril,Villa Lamadrid,OSC,POT,Obras de instalaciones intra-lote de Agua,FISU,En ejecución,"191,898,209.31",2023-02-27,100.00%
725,Buenos Aires,La Matanza,San Mariano,Virrey Del Pino,Municipio,POT,Obras de conexiones domiciliarias de agua a red e instalaciones intra-lote de agua,FISU,En ejecución,"173,359,593.83",2023-03-29,79.92%
323,Buenos Aires,La Matanza,Los Álamos,Virrey Del Pino,OSC,POT,Obras de conexiones domiciliarias de agua a red e instalaciones intra-lote de agua,FISU,Terminado,"63,456,755.61",2022-08-08,100.00%
755,Buenos Aires,La Matanza,Cruz del Sur,Virrey Del Pino,Municipio,POT,"Alumbrado público, red peatonal, puente peatonal, equipamiento urbano, plaza",FISU,En ejecución,"793,578,588.96",2023-09-26,26.37%
1287,Buenos Aires,Esteban Echeverría,Santa Catalina,Luis Guillón,OSC,POT,Conexiones domiciliarias de agua e infraestructura,FISU,Terminado,"33,827,684.73",2022-02-01,100.00%
334,Buenos Aires,Lomas de Zamora,Treinta de Agosto,Santa Catalina,OSC,POT,Obras de conexiones domiciliarias de agua a red e instalaciones intra-lote de agua,FISU,Terminado,"88,076,171.74",2022-10-31,100.00%
1157,Buenos Aires,Lomas de Zamora,Dos de Mayo,Villa Fiorito,OSC,POT,Conexiones domiciliarias de agua e infraestructura,FISU,Terminado,"17,953,432.16",2021-10-18,100.00%
1165,Buenos Aires,Lomas de Zamora,Tres de Enero,Villa Fiorito,OSC,POT,Conexiones domiciliarias de agua e infraestructura,FISU,Terminado,"73,634,299.22",2022-04-01,100.00%
1139,Buenos Aires,Lomas de Zamora,El Progreso ETAPA 02,Villa Albertina,OSC,POT,Obras de conexiones domiciliarias de agua a red e instalaciones intra-lote de agua,FISU,Terminado,"41,549,575.90",2022-07-11,100.00%
1011,Buenos Aires,Lomas de Zamora,DAM,Villa Fiorito,OSC,POT,Conexiones domiciliarias de agua e infraestructura,FISU,Terminado,"44,063,438.94",2022-01-07,100.00%
551,Buenos Aires,Quilmes,San Ignacio,Bernal Oeste,OSC,POT,Obras de Conexiones domiciliarias de agua a red e instalaciones intra lote.,FISU,Terminado,"47,053,368.82",2022-01-24,100.00%
1351,Buenos Aires,La Matanza,El Dorado,González Catán,Municipio,POT,Obras de conexiones domiciliarias de agua a red e instalaciones intra-lote de agua,FISU,En ejecución,"33,968,972.77",2022-03-10,85.72%
34,Buenos Aires,Lomas de Zamora,Juan Domingo Perón,Santa Catalina,OSC,POT,Obras de instalaciones intra-lote de Agua,FISU,En ejecución,"81,822,862.46",2022-12-12,100.00%
1403,Buenos Aires,Esteban Echeverría,El Gaucho,Nueve De Abril,OSC,POT,Conexiones e instalaciones intra-lote de agua,FISU,Terminado,"92,720,166.44",2022-07-01,100.00%
1166,Buenos Aires,Lomas de Zamora,Primero de Octubre,Villa Fiorito,OSC,POT,Conexiones domiciliarias de agua e infraestructura,FISU,Terminado,"45,145,592.23",2021-11-19,100.00%
1113,Buenos Aires,Quilmes,Villa Luján I,Quilmes,OSC,POT,Obras de conexiones domiciliarias de agua a red e instalaciones intra-lote de agua,FISU,En ejecución,"75,902,693.31",2022-06-23,100.00%
708,Buenos Aires,La Matanza,San Nicolás,Virrey Del Pino,OSC,POT,Conexiones domiciliarias de agua e infraestructura,FISU,Terminado,"78,699,523.85",2022-04-01,100.00%
1101,Buenos Aires,La Matanza,Gauchito Gil,Ciudad Evita,Municipio,POT,Obras de  instalaciones intra-lote de Agua y Cloaca,FISU,En ejecución,"46,545,731.05",2022-10-03,73.29%
1308,Buenos Aires,Lomas de Zamora,Néstor Kirchner,Santa Catalina,OSC,POT,Obras de red peatonal y parquización,FISU,Terminado,"21,216,062.24",2022-08-11,100.00%
1305,Buenos Aires,Lomas de Zamora,Unión y Fuerza,Santa Catalina,OSC,POT,"Obras de instalaciones intra lote de agua, red peatonal y arbolado público",FISU,Terminado,"51,414,751.63",2022-09-19,100.00%
5003,Buenos Aires,Lomas de Zamora,Fiorito 3,Villa Fiorito,OSC,POT,Conexiones domiciliarias de agua e infraestructura,FISU,Terminado,"41,810,840.31",2022-05-14,100.00%
1162,Buenos Aires,Lomas de Zamora,Libertad,Villa Fiorito,OSC,POT,Conexiones domiciliarias de agua e infraestructura,FISU,Terminado,"59,305,527.23",2022-01-07,100.00%
1345/4476,Buenos Aires,La Matanza,Costa Azul/Yaraví,González Catán,OSC,POT,Obras de conexiones domiciliarias de agua a red e instalaciones intra-lote de agua,FISU,En ejecución,"72,365,078.48",2022-07-20,76.43%
2925,Buenos Aires,Quilmes,Santa María,Bernal Oeste,OSC,POT,Obras de  instalaciones intra-lote de Agua y Cloaca,FISU,Terminado,"24,553,383.33",2022-06-16,100.00%
1474,Buenos Aires,Quilmes,Villa Luján IV,Quilmes,OSC,POT,Conexiones intra domiciliarias de Agua,FISU,Terminado,"31,109,064.26",2022-02-17,100.00%
82/162/1359,Buenos Aires,La Matanza,Las Camelias/Los Pinos/Sarmiento,Virrey Del Pino,OSC,POT,Obras de instalaciones intra-lote de Agua y Cloaca,FISU,Terminado,"69,160,788.04",2022-01-17,100.00%
1363,Buenos Aires,La Matanza,El Porvenir,Rafael Castillo,Municipio,POT,"Conexiones domiciliarias de agua a red e instalaciones intra-lote"" en Barrio El Porvenir ",FISU,Terminado,"21,875,945.43",2022-02-01,100.00%
5002/1438,Buenos Aires,Lomas de Zamora,Fiorito 2/ Nuevo Horizonte,Villa Fiorito,OSC,POT,Obras de conexiones domiciliarias de agua a red e instalaciones intra-lote de agua y cloaca,FISU,Terminado,"111,553,026.20",2022-09-24,100.00%
698,Buenos Aires,Esteban Echeverría,Costa Esperanza,Luis Guillón,OSC,POT,Conexiones domiciliarias de agua y cloaca e infraestructura,FISU,Terminado,"32,556,477.04",2021-12-27,100.00%
570,Buenos Aires,Quilmes,La Paz II,Quilmes Oeste,OSC,POT,Obras de conexiones domiciliarias de agua a red e instalaciones intra-lote de agua,FISU,Terminado,"27,045,502.66",2022-04-04,100.00%
785,Buenos Aires,Esteban Echeverría,El Gauchito Gil,Nueve De Abril,OSC,POT,Conexiones domiciliarias de agua e infraestructura,FISU,Terminado,"23,924,531.70",2021-11-26,100.00%
1268,Buenos Aires,Quilmes,Dos de Abril,Ezpeleta,OSC,POT,Obras de conexiones domiciliarias de agua a red e instalaciones intra-lote de agua,FISU,Terminado,"36,473,587.82",2022-04-25,100.00%
768,Buenos Aires,Quilmes,Los Eucaliptos de Solano,San Francisco Solano,OSC,POT,Obras de conexiones domiciliarias de agua a red e instalaciones intra-lote de agua,FISU,Terminado,"33,818,805.70",2022-02-18,100.00%
,Buenos Aires,Luján,,Torres,SIN UE,LOTES (Adq.),Adquisición de predio para la construcción de 438 lotes con servicios,FISU,Terminado,0.00,,
,Buenos Aires,Luján,,Luján,SIN UE,LOTES (Adq.),Adquisición de predio para la construcción de 402 lotes con servicios,FISU,Terminado,0.00,,
1348,Buenos Aires,La Matanza,La Isla,Tapiales,Municipio,POT,Obras de conexiones domiciliarias de agua a red e instalaciones intra-lote de agua,FISU,En ejecución,"63,555,614.57",2023-02-24,22.00%
1294,Buenos Aires,La Matanza,2 de Abril II,Gregorio De Laferrere,OSC,POT,Conexiones domiciliarias de agua y cloaca a red e instalaciones int ra-lote ,FISU,En ejecución,"40,758,273.25",2022-02-21,89.54%
3407,Mendoza,Malargüe,Carbo Metal,Malargüe,Provincia,POT,"Obras de infraestructura y Mejoramiento de Barrio Carbometal - Localidad Malargue, Municipio de Malargüe.",FISU,En ejecución,"862,853,387.36",2023-09-07,27.78%
20,Buenos Aires,Quilmes,Laprida,Quilmes,OSC,POT,Obras de conexiones domiciliarias de agua a red e instalaciones intra-lote de agua y cloaca,FISU,Terminado,"28,422,593.39",2022-04-25,100.00%
,Buenos Aires,Merlo,,Merlo,SIN UE,LOTES (Adq.),Adquisición de predio para la construcción de 1347 lotes con servicios,FISU,Terminado,"839,606,681.47",,
2934,Buenos Aires,General San Martín,Barrio Independencia,José León Suárez,Municipio,POT,"Obras de equipamiento comunitario y recreativo: ""Parque escuela independencia y parque lineal Diagonal Artigas""",FISU,En ejecución,"469,990,033.04",2022-12-14,62.39%
471,Buenos Aires,Lomas de Zamora,Libre Amanecer,Villa Fiorito,OSC,POT,Obras de instalaciones intra lote de Agua,FISU,Terminado,"67,325,577.58",2022-09-19,100.00%
628,Buenos Aires,La Matanza,Concordia y Rufino Zado,Virrey Del Pino,OSC,POT,Obras de conexiones domiciliarias de agua a red e instalaciones intra-lote de agua + red peatonal,FISU,Terminado,"65,860,177.35",2022-08-22,100.00%
71,Buenos Aires,La Matanza,América,Rafael Castillo,Municipio,POT,Obras de conexiones e instalaciones intra-lote de Agua,FISU,Terminado,"22,616,786.13",2022-04-22,100.00%
4342,Buenos Aires,Pilar,Agustoni,Pilar,Municipio,POT,Obras de Cordón Cuneta y Veredas,FISU,En ejecución,"999,447,126.46",2022-09-28,99.33%
760,Buenos Aires,Esteban Echeverría,Parish Roberston,Monte Grande,OSC,POT,Obras de conexiones e instalaciones intra-lote de Agua - Cloaca y Red Peatonal (Veredas),FISU,Terminado,"22,306,421.21",2022-01-10,100.00%
1311/1139,Buenos Aires,Lomas de Zamora,El Chaparral/El Progreso etapa 01,Villa Albertina,OSC,POT,Obras de conexiones domiciliarias de agua a red e instalaciones intra-lote de agua,FISU,Terminado,"53,801,509.44",2022-01-24,100.00%
19,Buenos Aires,Almirante Brown,Campo Ramos,Longchamps,OSC,POT,"Obras de conexiones e instalaciones intra lote de electricidad, red peatonal, arbolado público y equipamiento urbano",FISU,En ejecución,"156,738,652.98",2023-01-30,62.87%
101/1289/192,Buenos Aires,Lomas de Zamora,Libertad/Ciudad Jardin Santa Catalina/Malvinas,Villa Albertina,OSC,POT,Obras de instalaciones intra-lote de Agua,FISU,Terminado,"46,294,597.76",2022-12-12,100.00%
566/963/25,Buenos Aires,Lomas de Zamora,Las Maderitas/Victoria/Laberinto/,Lavallol,OSC,POT,Conexiones domiciliarias de agua e infraestructura,FISU,Terminado,"26,716,565.02",2022-03-14,100.00%
776/1318/794,Buenos Aires,La Matanza,SAN JOSE/LA JUANITA/VILLA ADRIANA,Isidro Casanova/Rafael Castillo/Gregorio De Laferrere,OSC,POT,"Obras de conexiones e instalaciones intra-lote de Agua y Electricidad, y Sistema de Red Peatonal y Parquización",FISU,Terminado,"48,105,965.68",2022-03-22,100.00%
4475,Buenos Aires,La Matanza,Los Paraguayos,Rafael Castillo,OSC,POT,Conexiones e instalaciones intra-lote de Agua y Sistema de Red Peatonal y Arbolado,FISU,En ejecución,"46,483,968.18",2022-08-01,77.55%
212,Buenos Aires,Chascomús,Algarrobo,Chascomús,Municipio,POT,"""Saneamiento Hidráulico Barrio El Algarrobo""",FISU,En ejecución,"762,947,555.39",2023-12-01,0.07%
928,Buenos Aires,Moreno,Veintitrés de Diciembre,Cuartel V,OSC,POT,"Obras de Equipamiento Comunitario SUM, Playón Deportivo, Veredas y Arbolado",FISU,Terminado,"72,938,874.15",2022-01-17,100.00%
3228,Jujuy,San Salvador De Jujuy,17 Hectáreas,San Salvador De Jujuy,Provincia,POT,Obras de integración Socio Urbana,FISU,En ejecución,"40,582,079.73",2022-12-30,100.00%
2355,Chaco,Barranqueras,Villa Forestación,Barranqueras,Municipio,POT,Obras Hidráulicas y de Accesibilidad ,FISU,En ejecución,"224,348,671.30",2022-07-04,14.86%
1147,Buenos Aires,General Rodríguez,Parque Granaderos,General Rodríguez,Municipio,POT,"Pavimento, alcantarillado, veredas y luminarias",FISU,Terminado,"299,402,234.17",2022-06-07,100.00%
3519,Santiago del Estero,La Banda,Sarmiento,La Banda,Municipio,POT,Red de desagües pluviales y red cloacal,FISU,En ejecución,"436,506,571.85",2023-03-31,56.82%
788,Buenos Aires,Presidente Perón,Parque Americano,Guernica,Municipio,POT,"""Rehabilitacion de plaza recreativa en Parque Americano""",FISU,Terminado,"38,396,998.05",2021-12-15,100.00%
4477,Buenos Aires,Almirante Brown,Amancay,Glew,Municipio,POT,Obras de integración urbana,FISU,Terminado,"478,062,981.11",2021-11-15,100.00%
1077/1388,Buenos Aires,San Vicente,Nueva Esperanza/Villa Coll,Alejandro Korn,Municipio,POT,"Alumbrado Público, Consolidado, Zanjeo y Equipamiento Comunitario” en Barrio Villa Coll Y Nueva Esperanza- Localidad Alejandro Korn, Municipio San Vicent",FISU,Terminado,"587,450,893.20",2022-02-14,100.00%
3331/3332,Mendoza,Capital,Olivares/Flores,Mendoza,Provincia,POT,Conexiones Intradomiciliarias de Cloaca y Agua,FISU,Terminado,"82,988,307.44",2022-09-01,100.00%
3661/3663,Entre Ríos,Federación,Cristo Obrero/Camino al cementerio,Federación,Municipio,PEG,“Construcción de 159 viviendas en Quinta N° 137 - FEDERACIÓN,FISU,En ejecución,"3,048,286,401.50",2023-04-10,14.82%
2474,Neuquén,Neuquén,Tierras Nuevas Para Neuquén,Neuquén,Provincia,POT,"OBRAS DE CONSOLIDACIÓN SOCIO-URBANA, Bº TIERRAS NUEVAS PARA NEUQUÉN",FISU,Terminado,"50,723,710.47",2021-12-27,100.00%
715,Buenos Aires,San Pedro,La Tosquera,San Pedro,OSC,POT,"Obras de playón deportivo, equipamiento comunitario y red peatonal",FISU,Terminado,"109,677,950.70",2022-06-16,100.00%
4538,Buenos Aires,General Alvarado,Las Margaritas,Miramar,Municipio,POT,Obras de integración socio urbana,FISU,En ejecución,"153,916,915.85",2023-03-31,30.78%
4184,Santa Fe,Avellaneda,Don Pedro,Avellaneda,Municipio,PEG,Obras de Renovación Urbana Barrio Don Pedro,FISU,En ejecución,"920,883,422.49",2022-04-01,84.77%
4420,Tucumán,Bella Vista,El Zunchal,Bella Vista,Municipio,POT,Obras de Infraestructura básica en el Barrio Zunchal,FISU,Terminado,"169,718,847.15",2021-11-15,100.00%
3674,Entre Ríos,Concepción Del Uruguay,Villa Itapé,Concepción Del Uruguay,Municipio,PEG,Proyecto de integración socio urbana,FISU,En ejecución,"1,252,565,992.57",2023-04-10,47.83%
652,Buenos Aires,Bahía Blanca,Costa Blanca (Paloni),Bahía Blanca,Municipio,POT,Obras de Integracion Socio Urbana,FISU,En ejecución,"205,519,442.97",2023-04-17,72.75%
2267/2209,Chaco,Puerto Vilelas,Forestación sur/Ex Ferrocarril 1,Puerto Vilelas,Municipio,PEG,Obras de infraestructura y centro comunitario Barrio Villa Forestación Sur (PEG- ETAPA 01,FISU,En ejecución,"345,525,401.53",2022-04-04,90.55%
2082,Salta,Salta Capital,Juan Manuel de Rosas,Salta Capital,Municipio,POT,Conexiones domiciliarias e instalaciones intra - lote de red de agua potable y cloacales,FISU,Terminado,"112,072,113.15",2022-02-03,100.00%
3050,La Rioja,Capital,Primero de Diciembre,La Rioja,Provincia,POT,Equipamiento comunitario y Playón deportivo.,FISU,En ejecución,"200,364,104.22",2023-07-01,15.16%
3391,Mendoza,Maipú,Miranda Ávila (Milack Navira),San Roque,Municipio,POT,"Urbanización, Pavimentación, Desagües Pluviales y Red de Gas en Barrio Milack Navira",FISU,Terminado,"889,679,192.02",2022-09-05,100.00%
3462/3378/3481,Mendoza,Maipú,Estación Pedregal/Pedro Varela/5 de Diciembre,Rodeo Del Medio,Municipio,POT,"Obras de urbanización. cordón, cuneta, banquina y red vial en los barrios 5 de Diciembre y Pedro Varela y red vial para el barrio Estación Pedregal",FISU,En ejecución,"518,799,990.00",2023-09-01,23.95%
2141,Salta,Salta Capital,Veintitres de Agosto,Salta Capital,Municipio,POT,"Ampliación de tendido de red de distribución de agua y cloaca. pavimento y alumbrado público, equipamiento de plaza",FISU,Terminado,"189,534,937.76",2022-02-03,100.00%
4312,Salta,Rosario De Lerma,Islas Malvinas,Rosario De Lerma,Provincia,POT,Sistema de desagües pluviales (cordón cuneta + canal de desagüe) - Pavimentación en acceso al barrio,FISU,En ejecución,"481,573,814.64",2022-04-18,68.80%
3229,Jujuy,San Salvador De Jujuy,Barrio Imperio,San Salvador De Jujuy,Provincia,POT,Obras de Integración Socio Urbana,FISU,En ejecución,"210,114,383.45",2023-06-10,35.18%
4210/4212/4213/4218/4220/4221,Tierra del Fuego,Río Grande,"Prov Unidas, Los Fueguinos, MIRADOR , Fuerza Unida, El Milagro y 10 de Noviembre.",Río Grande,Provincia,POT,Obra de Instalaciones Intralote de Gas Natural en Barrios Zona Margen Sur,FISU,En ejecución,"360,460,676.83",2022-09-05,32.73%
2953/2954/2955/2956/2957,Tierra del Fuego,Ushuaia,Sector KYD: Barrio Obrero; Escondido; El mirador; Esperanza 2; El cañadon,Ushuaia,Municipio,PEG,PEG_ “Apertura y Mejoramiento de calles para la Integración Socio Urbana del Sector KyD_Etapa 2”,FISU,En ejecución,"237,690,703.27",2022-10-11,22.16%
3786,Chaco,Quitilipi,Fuerte Apache,Quitilipi,Municipio,POT,"Red peatonal, alumbrado y perfilado de zanjas",FISU,Terminado,"166,734,964.52",2022-09-09,100.00%
1848,Santa Fe,Rosario,Villa Tablada,Rosario,Municipio,PEG,Obras de integración socio urbana y Viviendas,FISU,En ejecución,"2,776,458,733.29",2024-11-21,1.56%
3203,Jujuy,El Carmen,El Tipal,El Carmen,Provincia,POT,Red de agua potable con conexiones domiciliarias y desagües pluviales,FISU,Terminado,"176,280,844.37",2023-01-30,100.00%
736,Buenos Aires,Tigre,San Lorenzo,Ricardo Rojas,OSC,POT,Obras de conexiones e instalaciones intra lote de electricidad (Etapa 2),FISU,En ejecución,"156,199,071.07",2023-02-16,26.76%
4045,Tucumán,San Isidro De Lules,Ahuala,San Isidro De Lules,Municipio,POT,Obras de Integración Socio Urbana,FISU,Terminado,"150,104,999.40",2022-06-02,100.00%
,Buenos Aires,Merlo,,Pontevedra,OSC,LOTES,Ejecución de infraestructura para 57 lotes con servicios,FISU,En ejecución,"173,621,620.60",2022-07-29,86.49%
4210/4212/4213/4214/4216/4217/4218,Tierra del Fuego,Río Grande,Mirador/Provincias Unidas/Los Fueguinos/Veintidós de Julio/Barrio Unido/Betel/Fuerza Unida,Río Grande,Municipio,POT,Obra de Pavimentación y Cordón Cuneta - Barrios Margen Sur,FISU,En ejecución,"338,187,343.54",2022-01-20,100.00%
320,Buenos Aires,Pehuajó,Talleres,Pehuajó,Municipio,PEG,Obras de Integración Socio-Urbana-Barrio Talleres,FISU,Terminado,"196,768,356.21",2022-04-06,100.00%
4337,Buenos Aires,Villarino,Veinticuatro de Septiembre,Hilario Ascasubi,Municipio,POT,Obras de Integración Socio Urbana,FISU,En ejecución,"152,971,383.16",2022-11-14,41.34%
1027,Buenos Aires,Villarino,Primavera,Mayor Buratóvich,Municipio,POT,"Cordón cuneta, Pavimento, Red de Gas y Veredas en Barrio Primavera
",FISU,En ejecución,"551,019,572.23",2022-06-06,94.12%
885,Buenos Aires,Villarino,Matadero,Pedro Luro,Municipio,POT,"“Cordón cuneta, veredas y red de gas en Barrio Matadero”",FISU,Terminado,"47,440,933.18",2022-01-14,100.00%
2235,Chaco,Resistencia,Los Aromitos,Resistencia,Provincia,POT,Equipamiento Comunitario,FISU,Terminado,"23,652,933.37",2021-12-27,100.00%
,Mendoza,Las Heras,,El Challao,OSC,LOTES,Ejecución de infraestructura para 120 lotes con servicios,FISU,Terminado,"74,219,222.61",2021-09-02,100.00%
1120,Buenos Aires,Carmen de Patagones,Villa del Carmen,Carmen De Patagones,Municipio,POT,"”infraestructura de red de agua, cloaca y electricidad con conexiones domiciliarias para Barrio Villa del Carmen”
",FISU,En ejecución,"563,178,565.65",2022-04-28,51.81%
3648,Entre Ríos,Gualeguaychú,Tropas,Gualeguaychú,Municipio,PEG,“Integración urbanística del barrio TROPAS- Asentamiento sur”,FISU,En ejecución,"184,440,600.42",2021-10-14,90.85%
2093,Salta,Salta Capital,Sanidad 2,Salta Capital,Municipio,POT,"""Cordón cuneta, badenes, conductos pluviales y enripiado"" Barrio Sanidad II – Localidad Salta, Municipio Salta""",FISU,Terminado,"79,048,301.55",2021-10-14,100.00%
3250,Jujuy,San Pedro De Jujuy,Mina Puloy,San Pedro De Jujuy,Provincia,POT,"Red cloacal con conexiones domiciliarias, cordón cuneta y red peatonal con equipamiento",FISU,En ejecución,"156,289,137.02",2023-08-31,92.00%
4599,Buenos Aires,Berazategui,San Blas + Zona aledaña,Guillermo Hudson,Municipio,PEG,"""Integración Socio Urbana Barrio “San Blas”",FISU,En ejecución,"197,094,611.27",2021-08-23,100.00%
550/552,Buenos Aires,Almirante Brown,El Ombú II/Villa París,Glew,Municipio,POT,"“Espacio verde público, veredas de conectividad peatonal, desagües pluviales complementarios, accesibilidad vial e iluminación” Barrios Villa París y el Ombú II”",FISU,En ejecución,"178,441,351.07",2021-06-24,95.06%
2643/2657,Río Negro,San Carlos De Bariloche,Barda Este/Vivero,San Carlos De Bariloche,Municipio,POT,“Extensión de Red de Agua y conexiones domiciliarias”,FISU,Terminado,"20,199,172.66",2021-07-05,100.00%
449,Buenos Aires,La Matanza,Primavera,González Catán,Municipio,POT,"""Iluminación vía pública, veredas, pavimento con cordón integral y puesta en valor plaza” en el Barrio Primavera - Localidad González Catán",FISU,Terminado,"137,721,916.37",2022-01-24,100.00%
2900,Buenos Aires,La Matanza,Millán,Ciudad Madero,Municipio,POT,Iluminación Vía Pública y Puesta en valor Plaza” - Barrio Millan,FISU,Terminado,"24,908,607.67",2022-01-24,100.00%
376,Buenos Aires,La Matanza,Las Achiras,Ciudad Madero,Municipio,POT,"Obras Temprana “Alumbrado público""",FISU,Terminado,"5,203,120.36",2022-01-18,100.00%
136,Buenos Aires,La Matanza,El Porvenir II,Rafael Castillo,Municipio,POT,"“Iluminación vía pública, Veredas, Pavimento Integral con cordón Integral y Obra Hidráulica”",FISU,Terminado,"147,604,648.78",2021-11-11,100.00%
1363,Buenos Aires,La Matanza,El Porvenir,Rafael Castillo,Municipio,POT,"""Iluminación vía pública y veredas""",FISU,Terminado,"28,340,051.92",2022-01-26,100.00%
1336,Buenos Aires,La Matanza,Doce de Octubre,Lomas Del Mirador,Municipio,POT,Proyecto de Alumbrado Público,FISU,Terminado,"3,551,982.49",2022-03-04,100.00%
1509,Buenos Aires,Escobar,Villa La Esperanza,Escobar,Municipio,POT,POT: Obra de extensiones de redes y conexiones domiciliarias internas y externas a las redes de agua potable y desagües cloacales. ,FISU,En ejecución,"53,454,651.88",2021-11-29,77.27%
2597,Ciudad Autónoma de Buenos Aires,Ciudad Autónoma de Buenos Aires,Ramón Carrillo,Villa Soldati,Provincia,POT,"Obra de admisión e impulsión, Estación de Bombeo en Barrio Ramón Carrillo",FISU,En ejecución,"51,271,953.28",2022-06-16,89.63%
2117/2195,Salta,Tartagal,Nueve de Julio/San Antonio,Tartagal,Provincia,POT,"Obras de Red Cloacal, Red Vial y Red de Desagües Pluviales",FISU,Terminado,"974,468,763.08",2022-08-01,100.00%
2119,Salta,San Ramón De La Nueva Orán,Libertad,San Ramón De La Nueva Orán,Provincia,POT,"Sistema de desagües pluviales (cordón cuneta + badenes) +  Equipamiento comunitario en Plaza, Cancha de básquet y SUM",FISU,Terminado,"769,252,584.90",2022-08-01,100.00%
3594,Corrientes,Santa Lucía,Bajo Sur,Santa Lucía,Municipio,POT,"Obras de cloaca, agua, vereda, calzada y alumbrado público",FISU,Terminado,"289,051,334.74",2021-12-23,100.00%
2457/2458,Neuquén,Neuquén,Toma Obrador/Toma Argentina II,Neuquén,Coop. de servicios,POT,"“Obras de infraestructura para el servicio público de Distribución Eléctrica en baja tensión, red de Alumbrado Público y pilares domiciliarios”",FISU,Terminado,"11,800,328.23",2021-09-13,100.00%
2451,Neuquén,Neuquén,Toma La Familia,Neuquén,Coop. de servicios,POT,ELECTRIFICACIÓN TOMA IGNACIO RIVAS,FISU,Terminado,"7,750,470.23",2021-09-13,100.00%
2493,Neuquén,Neuquén,Ruca Antu,Neuquén,Coop. de servicios,POT,"“Obras de infraestructura para el servicio público de Distribución Eléctrica en baja tensión, red de Alumbrado Público y pilares domiciliarios”",FISU,Terminado,"28,524,772.86",2021-09-13,100.00%
2322,Chaco,Fontana,Puerto Vicentini,Fontana,Municipio,POT,"“Conexiones domiciliarias, instalaciones intra-lote de red cloacal.”",FISU,Terminado,"43,500,158.01",2021-08-17,100.00%
2349/2350/2330,Chaco,Fontana,"Barrio Independencia 1 , 2 y 3",Fontana,Municipio,POT,"Alumbrado público, Línea de baja tensión, conexiones domiciliarias eléctricas, vereda, cordón cuneta, badén y ripio
",FISU,Terminado,"163,749,894.42",2022-08-16,100.00%
2234,Chaco,Fontana,Anunciación,Fontana,Municipio,POT,"“Red cloacal y conexiones domiciliarias e intralote, alumbrado público, red de baja tensión, veredas, cordón cuneta, baden y ripio” Barrio Anunciación
",FISU,Terminado,"252,669,616.38",2022-05-05,100.00%
4368/4367,La Pampa,25 De Mayo,Los Hornos│La Esperanza,25 De Mayo,Municipio,POT,“Extensión de red de suministro de agua”,FISU,En ejecución,"105,574,875.83",2023-03-02,74.95%
145,Buenos Aires,Avellaneda,Santa Catalina,Dock Sud,OSC,POT,Conexiones domiciliarias de electricidad a red e  instalaciones intra-lote,FISU,Terminado,"23,307,835.05",2021-12-23,100.00%
733,Buenos Aires,Almirante Brown,La Cumbre,Burzaco,OSC,POT,Obras de conexiones intradomiciliarias de electricidad y accesibilidad peatonal,FISU,Terminado,"24,388,321.89",2021-10-18,100.00%
4310/4311,Buenos Aires,Baradero,Tobares/ Don Pedro,Baradero,Municipio,POT,“Servicio de Cloacas (Cañería de impulsión y red Cloacal con sus correspondientes Conexiones Domiciliarias)”,FISU,Terminado,"20,633,316.23",2021-07-20,100.00%
3046,La Rioja,Capital,Loteo San Andrés,La Rioja,Municipio,POT,"""Veredas, Arbolado e Iluminación Urbana""",FISU,Terminado,"35,369,981.96",2021-10-22,100.00%
4238,Río Negro,El Bolsón,Tres de Mayo,El Bolsón,Municipio,POT,"“Alumbrado Público, red de baja tensión y conexiones de pilares domiciliarios.”
",FISU,Terminado,"8,181,595.03",2021-09-01,100.00%
374/174,Buenos Aires,Chivilcoy,Rojas/Barrio Blanco,Chivilcoy,Municipio,PEG,Red peatonal e intras electricas,FISU,Terminado,"69,114,947.80",2022-05-21,100.00%
2530,Río Negro,Allen,Zona Aero Club,Allen,OSC,POT,"Obras de Equipamiento Comunitario SUM, vereda y arbolado",FISU,Terminado,"37,867,582.63",2021-12-10,100.00%
819,Buenos Aires,General Pueyrredón,Parque Palermo,Mar Del Plata,OSC,POT,"Obras de conexiones e instalaciones
intra-lote de agua y electricidad",FISU,Terminado,"43,546,715.83",2022-03-23,100.00%
3767,Chaco,Presidencia Roque Sáenz Peña,MTD (Movimiento de Trabajadores Desocupados),Presidencia Roque Sáenz Peña,OSC,POT,Obras de Red Peatonal y Arbolado. Barrio MTD (Movimiento de Trabajadores Desocupados),FISU,Terminado,"62,307,422.80",2022-01-20,100.00%
191,Buenos Aires,Esteban Echeverría,Las Chacritas,Monte Grande,Municipio,PEG,Obras de Integración Socio Urbana,FISU,En ejecución,"1,596,934,425.04",2023-02-06,39.41%
3921,Misiones,San Pedro,Zona Industrial,San Pedro,Provincia,POT,"“Ampliación de redes de Agua Potable, Tanque Elevado, Red Eléctrica y Alumbrado Público”
público” Barrio Industrial de la ciudad de San Pedro, Municipio San Pedro",FISU,En ejecución,"65,585,267.32",2021-08-02,97.53%
1321,Buenos Aires,La Matanza,12 de Octubre (San José de Atalaya),González Catán,Municipio,POT,"Iluminación vía pública, veredas y calles",FISU,Terminado,"68,688,354.80",2021-06-24,100.00%
1333,Buenos Aires,La Matanza,San Cayetano II,Rafael Castillo,Municipio,POT,"""Iluminación vía pública y veredas""",FISU,Terminado,"8,154,333.91",2021-06-16,100.00%
780,Buenos Aires,La Matanza,Primavera II,González Catán,Municipio,POT,"""Iluminación vía pública y veredas""",FISU,Terminado,"17,036,608.88",2021-06-24,100.00%
1357,Buenos Aires,La Matanza,Palito,San Justo,Municipio,POT,"""Iluminación vía pública y veredas""",FISU,Terminado,"13,653,500.45",2021-07-12,100.00%
1334,Buenos Aires,La Matanza,La Lomita,González Catán,Municipio,POT,"""Iluminación vía pública y veredas""",FISU,Terminado,"24,640,445.68",2021-06-24,100.00%
865,Buenos Aires,La Matanza,El Torero,Rafael Castillo,Municipio,POT,"""Iluminación vía pública y veredas""",FISU,Terminado,"13,848,776.64",2021-06-16,100.00%
71,Buenos Aires,La Matanza,América,Rafael Castillo,Municipio,POT,"""Iluminación vía pública y veredas""",FISU,Terminado,"11,452,918.88",2021-06-24,100.00%
1171,Buenos Aires,Tigre,Colombia,El Talar,Municipio,POT,OBRAS DE INSTALACIONES INTRA-DOMICILIARIAS DE ELECTRICIDAD,FISU,Terminado,"34,325,710.06",2022-07-22,100.00%
3928,Misiones,Aristóbulo Del Valle,Barrio Nuevo,Aristóbulo Del Valle,Provincia,POT,"Proyecto de Obras Tempranas Ampliación de Redes de Agua Potable, Energía Eléctrica, alumbrado Público, Obras Complementarias y Equipamiento Urbano Bº Nuevo",FISU,Terminado,"74,373,299.36",2022-02-25,100.00%
2018,Misiones,San Vicente,San Cayetano,San Vicente,Provincia,POT,"Ampliación de redes de agua Potable, Red eléctrica, Alumbrado público, Red Vial y Pluvial",FISU,Terminado,"227,084,361.86",2022-02-07,100.00%
3614,Corrientes,Paso De Los Libres,Barrio Luján,Paso De Los Libres,Municipio,POT,"Construcción de Red de desague pluvial, Red Peatonal y Extensión de Red Cloacal",FISU,Terminado,"115,896,142.81",2021-10-14,100.00%
2278,Chaco,Resistencia,La Rubita,Resistencia,Provincia,PEG,“Proyecto  de integración Socio - Urbana - Etapa 1”,FISU,En ejecución,"3,833,026,681.32",2022-02-15,69.44%
4500/4584/4585,Misiones,San Antonio,Veinticinco de Mayo/Nueva Esperanza/Alecrin,San Antonio,Provincia,POT,"Red de Agua Potable, Perforación y Tanque de Reserva, Red Eléctrica, Conexiones Domiciliarias,
Alumbrado Público y Equipamiento Comunitario",FISU,Terminado,"193,134,409.06",2021-11-08,100.00%
1789,Santa Fe,Rosario,Cullen,Rosario,OSC,POT,"""Obras de Playón deportivo, Equipamiento Comunitario y veredas Barrio Cullen - Municipio Rosario""",FISU,Terminado,"63,459,000.88",2021-09-07,100.00%
2889,Buenos Aires,25 de Mayo,Villa Sandalio,Veinticinco De Mayo,Municipio,POT,“Desagües Pluviales y Pavimentación de Avenida 1” ,FISU,Terminado,"322,893,576.88",2021-10-15,100.00%
1387,Buenos Aires,Chascomús,San Cayetano,Chascomús,Municipio,POT,"""Centro de atención primaria de la Salud""",FISU,En ejecución,"20,787,060.32",2021-08-30,86.71%
889,Buenos Aires,General Pueyrredón,Malvinas Argentinas,Mar Del Plata,OSC,POT,"""Obras de Conexión eléctrica y red peatonal""",FISU,Terminado,"33,645,973.86",2021-08-31,100.00%
436,Buenos Aires,Tigre,San Jorge,Don Torcuato Este,OSC,POT,Obras de Conexiones Domiciliarias e Intra lote a la Red Eléctrica y Red Peatonal (Veredas y Arbolado) - Barrio San Jorge - Municipio Tigre,FISU,Terminado,"66,495,982.76",2021-09-02,100.00%
2272,Chaco,Puerto Vilelas,Paraje Las 3 Bocas,Puerto Vilelas,OSC,POT,Obra de espacio recreativo y deportivo”,FISU,En ejecución,"51,799,286.50",2022-04-08,93.32%
4161,Tucumán,El Manantial,María Reina de Los Niños,El Manantial,OSC,POT,"Obras de Conexiones domiciliarias de cloaca a red e instalaciones intra-lote, red peatonal, arbolado público y equipamiento urbano.",FISU,Terminado,"21,323,778.06",2022-01-03,100.00%
2923,Buenos Aires,Quilmes,La Loma,Bernal Oeste,OSC,POT,Obras de conexiones intradomiciliarias de electricidad y red peatonal,FISU,Terminado,"37,115,630.42",2021-10-18,100.00%
3026,Santa Fe,Santa Fe,La Fábrica Vieja,Santa Fe,OSC,POT,"Obras de Conexiones domiciliarias e instalación intra-lote a la Red Eléctrica, Red Peatonal y Equipamiento Urbano (contenedores, señalética y arbolado)",FISU,Terminado,"35,107,378.96",2021-12-16,100.00%
397/1174,Buenos Aires,San Isidro,La Cava/ Veinte de Junio,Beccar,OSC,POT,"Extensión Red de Cloaca, Conexiones domiciliarias y Vivienda Nueva",FISU,Terminado,"134,163,743.79",2022-04-28,100.00%
2994,Santa Fe,Santa Fe,Estanislao López,Santa Fe,OSC,POT,"Obra de Conexiones domiciliarias e instalación intra-lote a la Red Eléctrica, Red Peatonal y Equipamiento Urbano.",FISU,Terminado,"30,195,993.72",2022-01-17,100.00%
2467,Neuquén,Neuquén,Espartaco,Neuquén,OSC,POT,“ObrasVeredas arbolado y Conexiones Intradomiciliarias de Electricidad.”,FISU,Terminado,"20,333,876.66",2022-01-28,100.00%
1734/1705/1624,Córdoba,Córdoba Capital,El Pueblito/La Costa Canal/La Toma,Córdoba Capital,OSC,POT,"Obras de Conexiones intradomiciliarias eléctricas y Red peatonal Barrios El Pueblito, La Costa Canal y La Toma - Municipio Córdoba Capital",FISU,Terminado,"20,636,377.57",2021-10-18,100.00%
2180,Salta,Salta Capital,El Cambio,Salta Capital,OSC,POT,"Obras de Red peatonal, arbolado y espacio recreativo",FISU,Terminado,"64,572,682.40",2021-11-11,100.00%
696,Buenos Aires,La Plata,Altos del Sol,José Melchor Romero,OSC,POT,"Obras de conexiones e instalaciones intra
lote a la red eléctrica",FISU,Terminado,"58,830,640.52",2022-06-16,100.00%
2745,Tucumán,San Miguel De Tucumán,ATE,San Miguel De Tucumán,OSC,POT,Construcción de Nucleos Humedos,FISU,En ejecución,"712,630,606.89",2023-01-17,50.00%
3006,Santa Fe,San José Del Rincón,Acería,San José Del Rincón,OSC,POT,"Obras de conexiones e instalaciones intra lote a la red de agua y red peatonal - Barrio Acería- Provincia de Santa Fe, Municipio de San José del Rincòn",FISU,Terminado,"29,853,830.34",2021-10-11,100.00%
2984,Santa Fe,Santa Fe,Villa Oculta,Santa Fe,OSC,POT,"Obras de conexiones domiciliarias e instalación intra-lote a la Red Eléctrica, Red Peatonal, Pasarelas, Espacio Recreativo y Equipamiento Urbano",FISU,En ejecución,"105,742,918.68",2022-05-05,100.00%
2002,Misiones,Garupá,Gottchal,Garupá,Provincia,POT,"Obras Temprana “Ampliación de redes de agua Potable, Red eléctrica y alumbrado públicos",FISU,En ejecución,"174,820,355.04",2021-12-13,91.79%
3647,Entre Ríos,Concepción Del Uruguay,Cantera 25,Concepción Del Uruguay,Municipio,POT,"Obras de Infraestructura Barrio Cantera 25,",FISU,Terminado,"181,961,022.94",2022-01-06,100.00%
,Córdoba,Córdoba Capital,,Córdoba Capital,Provincia,LOTES,Ejecución de infraestructura para 671 lotes con servicios,FISU,En ejecución,"460,972,142.04",2021-04-20,96.20%
170,Buenos Aires,Lomas de Zamora,La Chanchería,Villa Albertina,OSC,POT,Obras de Instalaciones intradomiciliarias de agua y electricidad,FISU,Terminado,"36,790,671.11",2021-11-04,100.00%
2001,Misiones,Posadas,Chacra 158,Posadas,OSC,POT,"“Obra Temprana de Red Peatonal, Conexiones intra domiciliarias a la Red de electricidad y de agua”",FISU,Terminado,"35,315,731.51",2021-06-04,100.00%
407,Buenos Aires,Florencio Varela,Lujan,Gobernador Costa,OSC,POT,"""Centro Comunitario Mitaroga y Playón deportivo con equipamiento, Barrio Lujan, Localidad Gobernador Costa, Municipio de Florencio Varela"" ",FISU,Terminado,"36,894,881.06",2021-08-13,100.00%
3115,Salta,General Güemes,Nueva Esperanza 2,General Güemes,Provincia,POT,"Obras de conexión domiciliaria e intralote a la red de agua y conexión domiciliaria a la red eléctrica.
",FISU,En ejecución,"613,116,138.06",2022-07-06,88.35%
442,Buenos Aires,José C. Paz,Muñiz,José C. Paz,Municipio,POT,Equipamiento Comunitario - Playon deportivo,FISU,En ejecución,"61,192,533.52",2023-06-19,10.00%
2891,Buenos Aires,General Pueyrredón,Nuevo Golf,Mar Del Plata,OSC,POT,Obras de Conexiones domiciliarias de electricidad a red e Instalación intra-lote y Sistema de Red Peatonal y Parquización,FISU,Terminado,"43,025,690.91",2021-12-14,100.00%
4249,Buenos Aires,General Pueyrredón,Caribe,Mar Del Plata,OSC,POT,"Obras de Conexiones domiciliarias e intra lote a la red de agua y electricidad, Barrio El Caribe - Municipio General Pueyrredón",FISU,Terminado,"24,875,778.85",2021-09-28,100.00%
979/902/874,Buenos Aires,Hurlingham,Juan Pedro Rolón/Nuevo Parque Quirno/Parque Quirno II,Villa Tesei,OSC,POT,"Urbanización Barrio Pedro Rolón, Nuevo Parque Quirno y Parque Quirno II",FISU,Terminado,"411,583,180.41",2021-12-20,100.00%
482,Buenos Aires,Florencio Varela,Santa Ana II,Bosques,OSC,POT,Obras de conexiones domiciliarias de instalación eléctrica Barrio Santa Ana II,FISU,Terminado,"9,538,809.65",2021-11-23,100.00%
35,Buenos Aires,La Plata,San Cayetano,José Melchor Romero,OSC,POT,Obras de conexiones e instalaciones intra lote a la red electrica y red peatonal,FISU,Terminado,"63,583,878.00",2022-06-16,100.00%
2729,Catamarca,Valle Viejo,Los Plateados,San Isidro,OSC,POT,Obras de conexiones e instalaciones intra lote eléctricas y red peatonal.,FISU,En ejecución,"162,591,788.82",2022-10-20,48.23%
4043,Tucumán,Juan Bautista Alberdi,La Vía,Juan Bautista Alberdi,OSC,POT,Obras de conexiones e instalaciones intra lote a la red electrica y red peatonal,FISU,Terminado,"53,265,936.87",2022-05-20,100.00%
2681,Entre Ríos,Paraná,General Mosconi Viejo,Paraná,OSC,POT,“Red peatonal: Veredas y arbolado”,FISU,Terminado,"29,109,098.71",2021-06-10,100.00%
416,Buenos Aires,General Pueyrredón,Felix U Camet,Mar Del Plata,OSC,POT,Obras de Equipamiento Comunitario y Playón deportivo,FISU,En ejecución,"117,550,184.72",2022-06-16,100.00%
2650,Río Negro,San Carlos De Bariloche,Don Bosco,San Carlos De Bariloche,Municipio,POT,"“Extensión de red de gas y conexiones domiciliarias” Barrio Don Bosco, Municipio de San Carlos de Bariloche.",FISU,Terminado,"7,171,670.60",2021-10-14,100.00%
3815,Chaco,La Leonesa,Belgrano,La Leonesa,OSC,POT,"“Obras de Salón de usos múltiples, playón deportivo, red peatonal y arbolado”",FISU,Terminado,"93,818,198.82",2021-10-18,100.00%
3935,Misiones,Apóstoles,Chesni,Apóstoles,Provincia,POT,"“Ampliación de redes de agua Potable, Red eléctrica y alumbrado público”",FISU,En ejecución,"249,237,791.24",2021-12-06,92.95%
1149,Buenos Aires,San Miguel,Parque La Gloria,San Miguel,OSC,POT,"Obras de Equipamiento Comunitario, playón deportivo y módulo complementario",FISU,En ejecución,"74,700,631.64",2021-09-20,98.00%
2934,Buenos Aires,General San Martín,Barrio Independencia,José León Suárez,Municipio,POT,“Obra de Completamiento: Construcción Jardín Maternal Municipal Independencia”,FISU,Terminado,"35,050,574.48",2021-07-13,100.00%
1592,Córdoba,Alta Gracia,Primero de Mayo,Alta Gracia,Provincia,PEG,"""Ejecución de infraestructura para 295 lotes en asentamiento 1° de Mayo""",FISU,En ejecución,"470,386,103.57",2021-10-27,71.14%
828/1572,Buenos Aires,Ensenada,Eucaliptus/Villa Catella,El Dique,Municipio,POT,Veredas y Desagues pluviales ,FISU,En ejecución,"925,822,607.11",2022-10-24,60.29%
,Catamarca,San Fernando Del Valle De Catamarca,,San Fernando del Valle de Catamarca,Provincia,LOTES,Ejecución de infraestructura para 753 lotes con servicios,FISU,En ejecución,"1,008,904,712.18",2021-11-05,32.77%
2647,Río Negro,San Carlos De Bariloche,Eva Perón,San Carlos De Bariloche,Municipio,POT,"Obras de Infraestructura urbana (Red de Agua: grupo de presión, extensión de red presurizada y conexiones domiciliarias)",FISU,En ejecución,"16,757,163.35",2021-05-04,44.54%
1497,Buenos Aires,Cañuelas,Máximo Paz Oeste,Máximo Paz,OSC,POT,“Obra Temprana de Equipamiento Comunitario - SUM”,FISU,Terminado,"29,104,144.55",2021-06-18,100.00%
3364,Mendoza,Guaymallén,Estación Buena Nueva,Buena Nueva,OSC,POT,"Obras de Conexiones e Instalaciones Intra-lote de Electricidad, Red Peatonal y Arbolado Público.",FISU,Terminado,"129,784,993.07",2022-07-11,100.00%
3076,Formosa,Formosa,Simon Bolívar,Formosa,Provincia,POT,Extensión de Red Eléctrica de Media Tensión,FISU,Terminado,"24,442,431.42",2022-01-07,100.00%
3076,Formosa,Formosa,Simon Bolívar,Formosa,Provincia,POT,"""Extensión de la Red de Desagües Cloacales y Conexiones Domiciliarias""",FISU,Terminado,"400,159,444.52",2021-09-15,100.00%
2442/2444,Neuquén,Neuquén,Primero de Septiembre/Toma 9 de Febrero (HIBEPA),Neuquén,Municipio,PEG,“Infraestructura Básica” - Barrio HI.BE.PA,FISU,Terminado,"100,067,442.37",2021-06-17,100.00%
66,Buenos Aires,Cañuelas,El Ombú,Cañuelas,Municipio,POT,CONEXIONES DOMICILIARIAS E INSTALACIONES INTRADOMICILIARIAS DE AGUA Y ELECTRICIDAD Y VEREDAS,FISU,En ejecución,"77,809,083.48",2022-05-28,100.00%
2488/2483,Neuquén,Neuquén,26 de Agosto/Cuatro de Febrero,Neuquén,Municipio,PEG,PROYECTO INTEGRAL DE INTEGRACIÓN SOCIO URBANA,FISU,En ejecución,"134,082,597.42",2021-12-01,63.34%
417,Buenos Aires,Azul,San Francisco de Asís,Azul,Coop. de servicios,POT,"“Extensión de red de agua, cloaca y electricidad con conexiones domiciliarias y Alumbrado Público”",FISU,Terminado,"28,150,120.07",2021-09-14,100.00%
331,Buenos Aires,Punta Indio,Latorre,Verónica,Municipio,POT,"Obra de Red Vial, Red Desague Pluvial, Red Peatonal, Espacio Pubilco y Plaza",FISU,En ejecución,"1,024,451,292.41",2022-06-27,9.02%
4030/4027,Santa Fe,Reconquista,Virgen de Guadalupe Sur/ Guadalupe Oeste,Reconquista,Municipio,PEG,Obras de infraestrctura en Barrio Virgen de Guadalupe Sur y Guadalupe Oestey ejecución de infraestructura para 1309 lotes con servicios,FISU,En ejecución,"2,534,151,533.29",2023-08-22,10.34%
4202,Tierra del Fuego,Ushuaia,11 de Noviembre,Ushuaia,Provincia,POT,POT: Integración Socio Urbana - Barrio 11 de Noviembre,FISU,En ejecución,"140,729,134.25",2022-01-03,91.70%
4625,Córdoba,Córdoba Capital,Felipe Varela,Córdoba Capital,Provincia,PEG,Obras de Infraestructura y equipamiento para Barrio Cooperativa Felipe Varela / Loteo y Urbanización de 583 lotes,FISU,En ejecución,"663,851,693.31",2022-02-01,73.46%
480,Buenos Aires,La Matanza,Las Antenas,La Tablada,Municipio,POT,“Veredas y pavimento integral con cordón cuneta”,FISU,Terminado,"43,923,367.44",2021-09-16,100.00%
381,Buenos Aires,La Matanza,Hijos de Sarmiento,Ciudad Madero,Municipio,POT,“Obras Tempranas Barrio Hijos de Sarmiento - Iluminación en vía pública”,FISU,Terminado,"4,297,820.80",2021-07-12,100.00%
1351,Buenos Aires,La Matanza,El Dorado,González Catán,Municipio,POT,“Iluminación vía pública y veredas”,FISU,Terminado,"8,489,967.16",2021-07-12,100.00%
1063,Buenos Aires,La Matanza,Diecisiete de Noviembre,Ciudad Madero,Municipio,POT,“Obras Tempranas Barrio 17 de Noviembre - Iluminación en vía pública”,FISU,Terminado,"4,530,059.20",2021-07-21,100.00%
222,Buenos Aires,Malvinas Argentinas,La Hoya,Pablo Nogués,Municipio,POT,Obras de Infraestructura - Barrio La hoya,FISU,En ejecución,"991,370,854.58",2022-06-27,68.77%
225,Buenos Aires,Malvinas Argentinas,Alvear,Villa De Mayo,Municipio,POT,"""Proyecto: Calles Integradas I""",FISU,En ejecución,"447,046,399.44",2023-04-27,24.74%
213,Buenos Aires,Baradero,La Igualdad,Baradero,Municipio,POT,"""Obras de servicio de Cloaca para Barrio La Igualdad (id-.213) y barrios aledaños """,FISU,Terminado,"47,459,198.83",2021-07-20,100.00%
1969,Misiones,Oberá,Caballeriza,Oberá,Provincia,POT,"""Obras de Ampliación de redes de Agua Potable, Tanque Elevado, Red eléctrica y Alumbrado
público”",FISU,Terminado,"291,638,794.06",2021-10-06,100.00%
4027/4030,Santa Fe,Reconquista,Guadalupe Oeste/Virgen de Guadalupe Sur,Reconquista,Municipio,POT,RED ELÉCTRICA Y ALUMBRADO PÚBLICO,FISU,Terminado,"45,456,934.42",2021-12-02,100.00%
4128,Tucumán,Tafí Viejo,Barrio Calpini,Tafí Viejo,Municipio,POT,Proyecto Construcción de Vereda y Arbolado Barrio Calpini,FISU,Terminado,"28,344,155.27",2021-04-07,100.00%
4230,Córdoba,Villa María,La Calera,Villa María,Municipio,POT,Obras de Equipamiento Urbano (Centro Vecinal SUM) Barrio La Calera,FISU,Terminado,"58,129,232.05",2022-06-01,100.00%
4201,Tierra del Fuego,Ushuaia,Colombo,Ushuaia,Provincia,POT,"Integración Socio - Urbana, B° Colombo - Ushuaia.",FISU,En ejecución,"199,132,154.86",2023-03-31,6.33%
2660/4391,Río Negro,San Carlos De Bariloche,Nueva Jamaica/Wangelen,San Carlos De Bariloche,Municipio,POT,“Extensión de red de gas y conexiones domiciliarias”,FISU,Terminado,"42,402,208.02",2021-07-05,100.00%
1676/1677,Córdoba,Córdoba Capital,Doce de Julio/Nueva Esperanza (V. Cornú),Córdoba Capital,Provincia,PEG,"Construcción de Infraestructura, Regularización Dominial y Fortalecimiento Organizacional del Barrio Villa Cornu",FISU,Terminado,"372,078,527.49",2021-04-21,100.00%
424,Buenos Aires,Necochea,La Terminal,Necochea,Municipio,POT,"""Obras de Infraestructura básica en el Barrio “La Terminal”",FISU,En ejecución,"262,614,133.36",2023-01-09,37.31%
629,Buenos Aires,Necochea,Barrio Los Malvones,Necochea,Municipio,POT,"""Obras de Infraestructura básica en el Barrio “Los Malvones”",FISU,Terminado,"104,732,597.30",2021-09-24,100.00%
3374,Mendoza,Guaymallén,Luz de Vida,Rodeo De La Cruz,OSC,POT,"Playón deportivo ""Estrella roja"" y Equipamiento comunitario",FISU,Terminado,"26,039,814.33",2021-03-09,100.00%
938,Buenos Aires,Florencio Varela,Los Pilares,Villa Vatteone,Municipio,POT,Obras de Infraestructura básica y urbana,FISU,En ejecución,"337,482,880.00",2022-12-13,15.54%
2953/2954/2955/2956/2957,Tierra del Fuego,Ushuaia,Sector KYD: Barrio Obrero; Escondido; El mirador; Esperanza 2; El cañadon,Ushuaia,Municipio,PEG,"""Generación de Lotes con Servicios, apertura de Calles y módulos habitacionales para la Integración Socio Urbana Barrio Sector KYD""",FISU,En ejecución,"620,873,432.62",2021-09-01,60.45%
2683,Entre Ríos,Paraná,Humito,Paraná,Municipio,POT,“Conexiones intradomiciliarias de cloaca ”,FISU,Terminado,"18,178,506.19",2021-11-09,100.00%
191,Buenos Aires,Esteban Echeverría,Las Chacritas,Monte Grande,Municipio,POT,"""Obras de Veredas, Arbolado Público y Puente Peatonal""",FISU,Terminado,"28,781,360.28",2021-09-15,100.00%
3295,Mendoza,Lavalle,Loteo Oliva,Villa Tulumaya,Municipio,POT,"“Intervención integral urbana en Loteo Oliva – Lavalle, Mendoza”",FISU,En ejecución,"68,617,622.48",2021-10-18,45.14%
3388,Mendoza,Lavalle,Loteo Musri,Villa Tulumaya,Municipio,POT,"""Intervención integral urbana en Loteo Musri– Lavalle, Mendoza""",FISU,En ejecución,"38,513,827.36",2021-07-16,83.19%
3389,Mendoza,Lavalle,Loteo La Solita,Lavalle,Municipio,POT,"""Intervención integral urbana en Loteo La Solita""",FISU,En ejecución,"188,827,309.92",2021-07-16,18.36%
3294,Mendoza,Lavalle,Belgrano,Villa Tulumaya,Municipio,POT,"""Intervención integral urbana en B° Belgrano– Lavalle, Mendoza""",FISU,En ejecución,"148,715,836.24",2021-07-16,91.94%
2651,Río Negro,San Carlos De Bariloche,Nahuel Hue,San Carlos De Bariloche,Municipio,POT,"“Instalaciones intradomiciliarias de gas” Barrio Nahuel Hue, Pampa de Huenuleo, Municipio
de San Carlos de Bariloche.",FISU,Terminado,"24,752,682.04",2021-09-28,100.00%
594,Buenos Aires,Tandil,Villa Laza,Tandil,OSC,POT,“Obra Temprana de Equipamiento Comunitario y Conexiones intra domiciliarias a la Red de agua”,FISU,Terminado,"40,423,196.69",2021-06-11,100.00%
4254,Buenos Aires,General San Martín,Villa Hidalgo,José León Suárez,OSC,POT,“Conexiones intra-domiciliarias de agua”,FISU,Terminado,"37,132,790.50",2021-05-17,100.00%
611/4283,Buenos Aires,Tandil,Villa Gaucho/ Unión,Tandil,OSC,POT,Obras de coneciones e instalaciones intralote de agua y electricidad,FISU,Terminado,"58,543,539.14",2022-01-24,100.00%
999,Buenos Aires,Berisso,Villa Argüello,Berisso,OSC,POT,Obra de Conexiones domiciliarias de electricidad a red e Instalación intra-lote Barrio Villa Argüello,FISU,Terminado,"51,742,622.59",2021-11-23,100.00%
3379,Mendoza,Maipú,Unidos Por Una Esperanza,Rodeo Del Medio,OSC,POT,"Obras de Equipamiento Comunitario, playón deportivo",FISU,Terminado,"50,079,847.37",2021-09-10,100.00%
3961/3953,Neuquén,San Martín De Los Andes,Toma Colonia Maipú,San Martín De Los Andes,OSC,POT,Obras de integración Socio Urbana.,FISU,En ejecución,"229,818,102.62",2023-02-17,96.08%
1564,Buenos Aires,José C. Paz,Sol y Verde II,José C. Paz,OSC,POT,Conexiones domiciliarias de electricidad a red e Instalación intra-lote,FISU,Terminado,"46,674,018.81",2022-04-29,100.00%
2939,Buenos Aires,San Isidro,Sauce,Beccar,OSC,POT,Obras de Conexiones Intralote a la Red Eléctrica y Red Peatonal (Veredas),FISU,Terminado,"24,222,429.63",2021-08-25,100.00%
4296,Buenos Aires,General Pueyrredón,Santa Rosa del Mar,Mar Del Plata,OSC,POT,"Obras de Equipamiento Comunitario (Sum y Playón) y Red Peatonal (Veredas y
arbolado)",FISU,Terminado,"84,297,812.11",2021-10-10,100.00%
1699,Córdoba,Río Cuarto,Santa Rosa,Río Cuarto,OSC,POT,"""Equipamiento Comunitario y Playón deportivo""",FISU,Terminado,"13,649,522.31",2021-05-20,100.00%
736,Buenos Aires,Tigre,San Lorenzo,Ricardo Rojas,OSC,POT,Servicio de Agua: Obra de conexiones Intradomiciliarias de agua,FISU,Terminado,"37,218,894.58",2021-04-28,100.00%
736,Buenos Aires,Tigre,San Lorenzo,Ricardo Rojas,OSC,POT,Servicio de Electricidad: Obra de conexiones Intradomiciliarias de electricidad,FISU,Terminado,"32,321,294.16",2021-04-30,100.00%
417,Buenos Aires,Azul,San Francisco de Asís,Azul,OSC,POT,"""Obras de instalaciones intra-lote de cloaca, agua y electricidad""",FISU,Terminado,"23,914,038.90",2021-12-27,100.00%
987,Buenos Aires,Luján,San Fermín,Luján,OSC,POT,“Obras de conexión intradomiciliaria de Agua y Puesta en valor de Equipamiento Comunitario SUM”,FISU,Terminado,"26,924,158.43",2021-05-31,100.00%
1128,Buenos Aires,Pilar,Pinazo,La Lonja,OSC,POT,“Obras de Conexiones intra lote a la red de electricidad”,FISU,Terminado,"17,369,422.86",2021-08-30,100.00%
4549,Buenos Aires,General San Martín,Ocho de Mayo,Loma Hermosa,OSC,POT,"""Obras de conexión intra-domiciliaria de agua Barrio Ocho de mayo - Localidad Loma Hermosa, Municipio Gral. San Martín""",FISU,Terminado,"12,404,777.90",2021-07-26,100.00%
3313,Mendoza,Las Heras,Nueva Esperanza,Panquehua,OSC,POT,Obras de Red peatonal (veredas) y Arbolado Barrio Nueva Esperanza - Municipio Las Heras,FISU,Terminado,"5,838,678.90",2021-09-27,100.00%
3538,Chubut,Trelew,Moreira 4,Trelew,OSC,POT,Obras de Conexiones domiciliarias e intra lote a la red de electricidad,FISU,Terminado,"51,486,628.28",2021-12-07,100.00%
2278,Chaco,Resistencia,La Rubita,Resistencia,OSC,POT,Obras de conexiones domiciliarias e intra domiciliarias de electricidad y agua potable,FISU,Terminado,"39,028,988.22",2021-12-15,100.00%
4384,Buenos Aires,General Pueyrredón,Autódromo,Mar Del Plata,Provincia,POT,REDES CLOACALES BARRIO AUTÓDROMO – SEGUNDA ETAPA,FISU,En ejecución,"100,671,065.10",2022-09-19,100.00%
1032,Buenos Aires,Moreno,La Porteña,Moreno,OSC,POT,"Obras de Infraestructura Urbana conexiones e instalaciones intra lote de electricidad,
veredas y arbolado",FISU,Terminado,"57,497,807.36",2021-09-07,100.00%
3524,Santiago del Estero,La Banda,Independencia,La Banda,OSC,POT,Obras de Equipamiento Comunitario y Red Peatonal (Veredas y Arbolado)  ,FISU,Terminado,"53,767,435.92",2021-09-13,100.00%
429,Buenos Aires,San Vicente,Hospital,San Vicente,OSC,POT,"“Obras de red peatonal, arbolado y reductores de velocidad vehicular”",FISU,Terminado,"50,868,936.10",2021-11-26,100.00%
1293/5002,Buenos Aires,Lomas de Zamora,Gabriel Miró/Fiorito,Villa Fiorito 2,OSC,POT,"""Obras de infraestructura urbana (conexiones e instalaciones intra lote de agua) - Barrio Gabriel Miró y Fiorito 2 - Localidad Villa Fiorito - Municipio Lomas de Zamora""",FISU,Terminado,"115,773,905.25",2022-04-10,100.00%
1033,Buenos Aires,Tres de Febrero,Esperanza,Remedios De Escalada,OSC,POT,"""Obras de Equipamientos-SUM y Veredas en Barrio La Esperanza”",FISU,Terminado,"48,353,407.52",2021-07-22,100.00%
1553,Buenos Aires,Lomas de Zamora,El Paredón,Villa Fiorito,OSC,POT,"""Obra de infraestructura urbana (conexiones e instalaciones intra lote de electricidad y conexiones e instalaciones intra lotes de agua)”",FISU,Terminado,"35,354,584.64",2021-03-08,100.00%
4341,Salta,Salta Capital,Virgen de Urkupiña,Salta Capital,OSC,POT,"Obras de Conexiones Domiciliarias de Electricidad a Red e
Instalación Intra-lote, Red Peatonal y Equipamiento Urbano;",FISU,Terminado,"40,758,468.57",2022-04-08,100.00%
444/852,Buenos Aires,General Pueyrredón,El Martillo/Las Heras,Mar Del Plata,OSC,POT,"Conexiones domiciliarias e instalaciones intra-lote de agua, cloaca y electricidad y red peatonal (veredas).",FISU,Terminado,"69,663,519.07",2021-03-22,100.00%
1990/1966,Misiones,Posadas,El Mangal/San Onofre 2,Posadas,OSC,POT,"“Obra Temprana de  Red peatonal (veredas), arbolado público y entubado”",FISU,Terminado,"66,724,404.32",2021-07-14,100.00%
,Corrientes,Corrientes,,Corrientes,Provincia,LOTES,Ejecución de infraestructura para 678 lotes con servicios,FISU,En ejecución,"522,757,141.34",2021-08-27,89.39%
4265,Mendoza,Las Heras,Don Bosco,El Borbollón,OSC,POT,Obras de equipamiento comunitario y playón deportivo,FISU,Terminado,"70,320,175.53",2021-11-15,100.00%
2514,Río Negro,Cipolletti,Costa Esperanza,Balsa Las Perlas,OSC,POT,Obras de conexiones domiciliarias de instalación eléctrica y Red Peatonal y parquización,FISU,Terminado,"92,576,578.68",2021-12-13,100.00%
2374,Corrientes,Corrientes,Los Astilleros (barrio al lado Virgen de los dolores),Corrientes,OSC,POT,Obras de Equipamiento Comunitario y Playón deportivo,FISU,Terminado,"45,957,325.75",2021-11-17,100.00%
283,Buenos Aires,Zárate,Barrio H,Zárate,OSC,POT,“Obras de accesibilidad (red peatonal)”,FISU,Terminado,"115,820,534.27",2022-09-12,100.00%
2643/2657,Río Negro,San Carlos De Bariloche,Barda Este/Vivero,San Carlos De Bariloche,OSC,POT,Conexiones intra-domiciliarias de agua,FISU,Terminado,"25,265,295.20",2021-05-17,100.00%
1065,Buenos Aires,La Plata,B° 74 y 153 (Sin Nombre)pias,Los Hornos,OSC,POT,"""Obras de Intras eléctricas, Veredas y Mobiliario Urbano -Barrio 74 y 153""",FISU,Terminado,"31,121,611.21",2021-03-22,100.00%
4384,Buenos Aires,General Pueyrredón,Autódromo,Mar Del Plata,OSC,POT,"""Obras de Conexiones domiciliarias e intra lote a la Red Cloacal Barrio Autódromo - Municipio General Pueyrredón""",FISU,Terminado,"6,554,357.28",2021-09-01,100.00%
4507,Tucumán,San Miguel De Tucumán,Ampliación Muñecas III,San Miguel De Tucumán,OSC,POT,Obras de Conexiones intradomiciliarias eléctricas y veredas,FISU,Terminado,"53,167,025.15",2021-12-19,100.00%
601,Buenos Aires,San Miguel,Mitre,Santa María,Municipio,POT,"""Obras de Infraestructura urbana (Ampliación de red de gas, alumbrado público, pavimentos con cordón)""",FISU,Terminado,"47,175,085.07",2021-07-19,100.00%
1468,Buenos Aires,San Isidro,Santa Ana,Rodeo De La Cruz,Municipio,POT,"""Obras de Infraestructura urbana (Desague cloacal, desagüe pluvial, pavimentos, veredas y soluciones habitacionales: 22 viviendas nuevas)""",FISU,En ejecución,"160,233,105.02",2021-05-14,96.90%
547,Buenos Aires,Berisso,Santa Teresita II,Berisso,Municipio,POT,Obras de integración socio urbanas”,FISU,En ejecución,"787,627,738.48",2023-01-10,60.19%
3032,Santa Fe,Santa Fe,Playa Norte,Santa Fe,OSC,POT,Obra de Equipamiento comunitario,FISU,Terminado,"98,431,256.70",2022-04-16,100.00%
3533/3538,Chubut,Trelew,Moreira 3/Moreira 4,Trelew,Municipio,PEG,Obras de Integración Socio Urbana,FISU,En ejecución,"2,675,548,897.31",2022-11-18,6.92%
462,Buenos Aires,Escobar,Villa Bote,Escobar,OSC,POT,"""Construcción de un SUM - Villa Bote""",FISU,Terminado,"13,235,310.80",2021-05-18,100.00%