Provincia,Municipio,ID RENABAP,Barrio,Nombre de la obra,Unidad Ejecutora,Estado,Inversión total,Familias beneficiarias,Avance físico
Buenos Aires,Necochea,629,Barrio Los Malvones,"Veredas, Cordón cuneta, Pluviales, Alumbrado, Red de agua, Conexiones de agua, Red cloacal en Barrio Los Malvones",Municipio,Terminado,104732597.29999995,96,1.00002
Buenos Aires,Tandil,4282/608,Movediza I y II,"Veredas, Conexiones eléctricas, Conexiones de agua, Conexiones a la cloaca en Movediza I y II",OSC,Terminado,225958394.26,193,1
Chaco,Resistencia,2235,Los Aromitos,Centro comunitario en Los Aromitos,Provincia,Terminado,23652933.369999997,30,1
Buenos Aires,Castelli,4518,Frigorífico,"Calles, Veredas, Cordón cuneta en Frigorífico",Municipio,Terminado,19769542.39,13,1
Buenos Aires,General Pueyrredón,4296,Santa Rosa del Mar,"Veredas, Centro comunitario + Centro de recreación y deporte en Santa Rosa del Mar",OSC,Terminado,84297812.11,150,1
Buenos Aires,General San Martín,4549,Ocho de Mayo,Conexiones de agua en Ocho de Mayo,OSC,Terminado,105982567.18,51,1
Chaco,Fontana,2349/2350/2330,"Barrio Independencia 1 , 2 y 3","Calles, Veredas, Cordón cuneta, Alumbrado, Conexiones eléctricas en Barrio Independencia 1 , 2 y 3",Municipio,Terminado,163749894.42000002,106,1
Buenos Aires,San Isidro,2939,Sauce,"Veredas, Conexiones eléctricas en Sauce",OSC,Terminado,24222429.630000003,150,1
Tucumán,San Miguel De Tucumán,2779,Ciudadela Norte,"Red de agua, Conexiones de agua, Red cloacal en Ciudadela Norte",Provincia,Terminado,189517374.5,290,1
Buenos Aires,José C. Paz,1564,Sol y Verde II,Conexiones eléctricas en Sol y Verde II,OSC,Terminado,46674018.809999995,131,1
Chaco,Las Breñas,3822,Quinta Ruiz,"Veredas, Conexiones eléctricas en Quinta Ruiz",OSC,Terminado,68216323.76,178,1
Jujuy,Palpalá,3236,San Roque,"Veredas, Pluviales, Conexiones eléctricas en San Roque",OSC,Terminado,307461863.14,181,1
Chaco,Resistencia,2295,Ex Campo Zampa,Conexiones eléctricas en Ex Campo Zampa,OSC,Terminado,28028318.02,50,1
Buenos Aires,General San Martín,1173,Costa del Lago,"Conexiones de agua, Conexiones a la cloaca en Costa del Lago",OSC,Terminado,108896281.77000001,101,1
Santiago del Estero,Santiago Del Estero,4354,La Católica,"Mejoramientos de vivienda en Santiago Del Estero, Santiago del Estero",OSC,Terminado,21761846.51,30,1
Buenos Aires,Berisso,999,Villa Argüello,Conexiones eléctricas en Villa Argüello,OSC,Terminado,51742622.589999996,315,1
Santiago del Estero,La Banda,3524,Independencia,"Veredas, Centro comunitario en Independencia",OSC,Terminado,53767435.92,125,1
Buenos Aires,Tandil,611/4283,Villa Gaucho/ Unión,"Conexiones eléctricas, Conexiones de agua en Villa Gaucho/ Unión",OSC,Terminado,58543539.14,138,1
Santiago del Estero,Quimili,3514,Las 3 Rosas,"Veredas, Espacio verde, en Las 3 Rosas",OSC,Terminado,112976171.36999999,100,1
Buenos Aires,Moreno,4445,Tres de Febrero,Centro comunitario en Tres de Febrero,OSC,Terminado,92886435.16,195,1
Buenos Aires,Lobos,1078,Hipódromo,"Veredas, Conexiones eléctricas, Conexiones de agua en Hipódromo",OSC,Terminado,103301422.97,79,1
Buenos Aires,Quilmes,1282,Nueve de Agosto,"Centro comunitario, Conexiones eléctricas, Conexiones de agua en Nueve de Agosto",OSC,Terminado,172958695.89000002,82.2,1
Buenos Aires,La Matanza,1335,El Trébol,Conexiones de agua en El Trébol,OSC,Terminado,58784014.8,142,1
Formosa,Formosa,3059,Virgen de Pompeya,Conexiones eléctricas en Virgen de Pompeya,OSC,Terminado,194387053.39000002,80,1
Salta,Salta Capital,2082,Juan Manuel de Rosas,Pluviales en Juan Manuel de Rosas,Municipio,Terminado,347171729.93999994,780,1
Buenos Aires,Baradero,213,La Igualdad,"Conexiones de agua, Conexiones a la cloaca en La Igualdad",Municipio,Terminado,82228630.87,124,1
Río Negro,El Bolsón,4238,Tres de Mayo,"Red eléctrica, Conexiones eléctricas en Tres de Mayo",Municipio,Terminado,8181595.029999999,69,1
Buenos Aires,General Pueyrredón,4295,San Jacinto,"Veredas, Centro comunitario + Centro de recreación y deporte en San Jacinto",OSC,Terminado,78147848.10000001,153,1
Buenos Aires,San Vicente,429,Hospital,Veredas en Hospital,OSC,Terminado,50868936.1,25,1
Buenos Aires,La Matanza,1363,El Porvenir,Conexiones de agua en El Porvenir,Municipio,Terminado,21875945.43,78,1
Buenos Aires,Tigre,436,San Jorge,"Veredas, Conexiones eléctricas en San Jorge",OSC,Terminado,66495982.76,200,1
Santa Fe,Villa Constitución,4193/4194,Santa Teresita y Prefectura,Cordón cuneta en Santa Teresita y Prefectura,Municipio,Terminado,4771398.93,193,1
Buenos Aires,Pilar,4342,Agustoni,"Veredas, Pluviales, Alumbrado en Agustoni",Municipio,Terminado,131351698.32,1460,1
Chaco,Fontana,2234,Anunciación,"Calles, Veredas, Cordón cuneta, Red eléctrica, Conexiones eléctricas, Red cloacal, Conexiones a la cloaca en Anunciación",Municipio,Terminado,252669616.38,104,1
Misiones,Oberá,1969,Caballeriza,"Alumbrado, Red eléctrica, Red de agua, Conexiones de agua, Red cloacal, Conexiones a la cloaca en Caballeriza",Provincia,Terminado,291638794.06,339,1
Buenos Aires,Lomas de Zamora,273,Santa Catalina,"Mejoramientos de vivienda en Lomas de Zamora, Buenos Aires",OSC,Terminado,20132220.49,28,1
Buenos Aires,Exaltación de la Cruz,309,La Plegaria,"Calles, Pluviales en La Plegaria",Municipio,Terminado,54731818.5,20,1
Tucumán,San Miguel De Tucumán,2745,ATE,"Conexiones eléctricas, Conexiones de agua, Conexiones a la cloaca, Núcleos húmedos en ATE",OSC,Terminado,181914384.23,51,1
Buenos Aires,Florencio Varela,482,Santa Ana II,Conexiones eléctricas en Santa Ana II,OSC,Terminado,9538809.649999999,50,1
Buenos Aires,Florencio Varela,1192,Barrio Paraná,"Mejoramientos de vivienda en Florencio Varela, Buenos Aires",OSC,Terminado,24423533,31,1
Córdoba,Villa María,4230,La Calera,Centro comunitario en La Calera,Municipio,Terminado,58129232.05,42,1
Santa Fe,Rosario,1848,Villa Tablada,"Espacio verde,  Centro de recreación y deporte en Villa Tablada",Municipio,Terminado,56082774.28,315,1
Buenos Aires,Quilmes,551,San Ignacio,Conexiones de agua en San Ignacio,OSC,Terminado,47053368.82,172,1
Mendoza,San Martín,4552,Palmira Crece,Veredas en Palmira Crece,OSC,Terminado,46959829.92,30,1
Buenos Aires,Lomas de Zamora,1311/1139,El Chaparral/El Progreso etapa 01,Conexiones de agua en El Chaparral/El Progreso etapa 01,OSC,Terminado,53801509.44,172,1
Buenos Aires,Almirante Brown,733,La Cumbre,"Veredas, Conexiones eléctricas en La Cumbre",OSC,Terminado,24388321.89,93,1
Buenos Aires,Mercedes,1159,Agote,"Veredas, Pluviales, Espacio verde,  Alumbrado en Agote",Municipio,Terminado,14652868.86,46,1
Santiago del Estero,Santiago Del Estero,4354,La Católica,Centro de recreación y deporte en La Católica,OSC,Terminado,116852518.69,360,1
Santa Fe,Santa Fe,3032,Playa Norte,Centro comunitario + Centro de recreación y deporte en Playa Norte,OSC,Terminado,98431256.7,42,1
Salta,Salta Capital,2146,Ampliación 20 de Junio,"Veredas, Espacio verde,  Alumbrado en Ampliación 20 de Junio",Municipio,Terminado,98876015.94,165,1
Buenos Aires,Tres de Febrero,4297,Maldonado,"Mejoramientos de vivienda en Tres de Febrero, Buenos Aires",OSC,Terminado,25179574,36,1
Buenos Aires,Ensenada,198/1570,Arenero y El Zanjón,Conexiones eléctricas en Arenero y El Zanjón,OSC,Terminado,144942876.74,149,1
Chaco,Resistencia,2213,Edison,"Conexiones eléctricas, Conexiones de agua en Edison",OSC,Terminado,172853866.43,126,1
Córdoba,Córdoba Capital,4277,Parque Las Rosas,Núcleos húmedos en Parque Las Rosas,OSC,Terminado,231326755.47,40,1
Río Negro,San Carlos De Bariloche,2643/2657,Barda Este/Vivero,Conexiones de agua en Barda Este/Vivero,OSC,Terminado,25265295.2,117,1
Corrientes,Santa Lucía,3594,Bajo Sur,"Calles, Veredas, Cordón cuneta, Red eléctrica, Red de agua, Conexiones de agua, Red cloacal en Bajo Sur",Municipio,Terminado,289051334.74,114,1
Santa Fe,San José Del Rincón,2973,Villa Añati,"Veredas, Conexiones a la cloaca en Villa Añati",OSC,Terminado,30889871.419999994,46,1
Buenos Aires,Zárate,602,La Esperanza,"Alumbrado, Red eléctrica en La Esperanza",Coop. de servicios,Terminado,112733676.9,110,1
Misiones,Apóstoles,4181,Timbo,"Conexiones eléctricas, Conexiones de agua en Timbo",OSC,Terminado,70333560.78999999,82,1
Buenos Aires,Merlo,677,El Palomo,Veredas en El Palomo,OSC,Terminado,101092740.07000001,225,1
Santa Fe,Rosario,1807,Barrio Alvear,"Mejoramientos de vivienda en Rosario, Santa Fe",OSC,Terminado,48316840.63,56,1
Buenos Aires,Malvinas Argentinas,1061,Eaton,"Veredas, Conexiones eléctricas en Eaton",OSC,Terminado,109784174.62,97,1
Misiones,Eldorado,2044,Barrio Parque Schwelm,Conexiones eléctricas en Barrio Parque Schwelm,OSC,Terminado,164087491.48,158,1
Buenos Aires,Luján,598,La Loma,"Calles, Centro de recreación y deporte en La Loma",Municipio,Terminado,105519709.84,33,1
San Luis,San Luis,2833,La Vecindad,"Veredas, Conexiones eléctricas, Conexiones de agua en La Vecindad",OSC,Terminado,74739025.58,48,1
Buenos Aires,La Matanza,4459,Bicentenario,"Veredas, Conexiones eléctricas, Conexiones de agua, Núcleos húmedos en Bicentenario",OSC,Terminado,70951914.19,100,1
Buenos Aires,Tres de Febrero,1033,Esperanza,"Veredas, Centro comunitario en Esperanza",OSC,Terminado,48353407.52,148,1
Buenos Aires,La Matanza,1328,Los Ceibos II,Conexiones de agua en Los Ceibos II,OSC,Terminado,37688750.38,93,1
Santa Fe,Villa Gobernador Gálvez,1830,Triángulo,"Mejoramientos de vivienda en Villa Gobernador Gálvez, Santa Fe",OSC,Terminado,33814471.72,51,1
Buenos Aires,La Matanza,323,Los Álamos,Conexiones de agua en Los Álamos,OSC,Terminado,63456755.61,121,1
Río Negro,San Carlos De Bariloche,2648,Alun Ruca,Conexiones eléctricas en Alun Ruca,OSC,Terminado,642571995.01,400,1
Buenos Aires,Lomas de Zamora,1308,Néstor Kirchner,Veredas en Néstor Kirchner,OSC,Terminado,21216062.24,170,1
Neuquén,Neuquén,2459,Barrio 7 de Mayo,"Mejoramientos de vivienda en Neuquén, Neuquén",OSC,Terminado,28555070.3,35,1
Buenos Aires,La Matanza,1357,Palito,"Veredas, Espacio verde,  Alumbrado en Palito",Municipio,Terminado,4594709.56,290,1
Neuquén,Neuquén,2493,Ruca Antu,Alumbrado en Ruca Antu,Coop. de servicios,Terminado,28524772.86,300,1
Buenos Aires,General Rodríguez,1147,Parque Granaderos,"Calles, Veredas en Parque Granaderos",Municipio,Terminado,299402234.17,125,1
Buenos Aires,La Matanza,449,Primavera,"Calles, Veredas, Cordón cuneta, Conexiones eléctricas en Primavera",Municipio,Terminado,137721916.37,805,1
Jujuy,Palpalá,3204,Dieciocho de Noviembre,Conexiones eléctricas en Dieciocho de Noviembre,OSC,Terminado,50103755.510000005,94,1
Buenos Aires,La Matanza,1357,Palito,Veredas en Palito,Municipio,Terminado,13653500.45,290,1
Salta,Salta Capital,2141,Veintitres de Agosto,"Calles, Cordón cuneta, Pluviales, Espacio verde,  Alumbrado, Red eléctrica, Red de agua, Conexiones de agua, Red cloacal en Veintitres de Agosto",Municipio,Terminado,189534937.76,126,1
Buenos Aires,Almirante Brown,584,Pueblo Unido,Centro comunitario en Pueblo Unido,OSC,Terminado,14187167.28,39,1
Chaco,Barranqueras,2307,San Cayetano 2,Veredas en San Cayetano 2,OSC,Terminado,37419559.03,25,1
Formosa,Formosa,3076,Simon Bolívar,"Red cloacal, Conexiones a la cloaca en Simon Bolívar",Provincia,Terminado,400159444.52,2161,1
Buenos Aires,25 de Mayo,2889,Villa Sandalio,"Calles, Cordón cuneta, Pluviales en Villa Sandalio",Municipio,Terminado,322893576.88,130,1
Varios,Varios,-,Varios,Viviendas en Varios,OSC,Terminado,277703232.94,21,1
Santa Fe,Coronda,3983,Santa María,"Calles, Conexiones de agua, Conexiones a la cloaca en Santa María",OSC,Terminado,87015587.75,158,1
Entre Ríos,Concordia,3118/3160,80 Viviendas 3 (Lopez)/80 Viviendas,"Red de agua, Conexiones de agua, Red cloacal, Conexiones a la cloaca en 80 Viviendas 3 (Lopez)/80 Viviendas",Municipio,Terminado,58205736.29,124,1
Chaco,Resistencia,2295,Ex Campo Zampa,Conexiones eléctricas en Ex Campo Zampa,OSC,Terminado,144419389.55,176,1
Buenos Aires,Baradero,213,La Igualdad,"Red cloacal, Conexiones a la cloaca en La Igualdad",Municipio,Terminado,47459198.83,346,1
Buenos Aires,Quilmes,1270,Santa Lucia,Conexiones de agua en Santa Lucia,OSC,Terminado,299319375.53000003,211,1
Buenos Aires,La Matanza,1063,Diecisiete de Noviembre,Alumbrado en Diecisiete de Noviembre,Municipio,Terminado,4530059.2,1500,1
Santa Fe,Villa Gobernador Gálvez,1748,Tablita 1,"Mejoramientos de vivienda en Villa Gobernador Gálvez, Santa Fe",OSC,Terminado,15248894.1,23,1
Entre Ríos,Chajarí,3659,Salto,"Veredas, Centro comunitario + Centro de recreación y deporte en Salto",Municipio,Terminado,38543783.71,30,1
Varios,Varios,-,Varios,Viviendas en Varios,OSC,Terminado,193855717,30,1
Entre Ríos,La Paz,4178,La Milagrosa Norte,Conexiones eléctricas en La Milagrosa Norte,OSC,Terminado,148543537.01,154,1
Santa Fe,San José Del Rincón,2973,Villa Añati,"Red de agua, Conexiones de agua en Villa Añati",Coop. de servicios,Terminado,15814809.669999998,62,1
Entre Ríos,Paraná,2714,El Sol,"Veredas, Conexiones eléctricas en El Sol",OSC,Terminado,324892954.33,148,1
Buenos Aires,Zárate,316,San Sebastián,"Alumbrado, Red eléctrica en San Sebastián",Coop. de servicios,Terminado,285733556.25,75,1
Buenos Aires,Presidente Perón,806,Las Lomas,"Veredas, Alumbrado, Red eléctrica, Conexiones eléctricas en Las Lomas",Municipio,Terminado,420657215.8,1000,1
Córdoba,Córdoba Capital,4277,Parque Las Rosas,"Conexiones eléctricas, Conexiones de agua en Parque Las Rosas",OSC,Terminado,66944861.13,114,1
Buenos Aires,Escobar,462,Villa Bote,Centro comunitario en Villa Bote,OSC,Terminado,13235310.8,57,1
Tucumán,San Miguel De Tucumán,4507,Ampliación Muñecas III,"Veredas, Conexiones eléctricas en Ampliación Muñecas III",OSC,Terminado,53167025.150000006,225,1
Buenos Aires,General San Martín,4254,Villa Hidalgo,Conexiones de agua en Villa Hidalgo,OSC,Terminado,55843845.01,223,1
Río Negro,Viedma,3757,El Progreso,Cordón cuneta en El Progreso,Municipio,Terminado,6761013.2700000005,50,1
Corrientes,Corrientes,2399,La Tosquera,Conexiones eléctricas en La Tosquera,OSC,Terminado,63726466.88,76,1
Río Negro,Allen,2530,Zona Aero Club,"Veredas, Centro comunitario en Zona Aero Club",OSC,Terminado,37867582.63,30,1
Corrientes,Corrientes,2411,Dr. Montaña,"Viviendas, Lotes en Dr. Montaña",Provincia,Terminado,537078730.51,50,1
Buenos Aires,Presidente Perón,788,Parque Americano,"Veredas, Cordón cuneta, Centro de recreación y deporte en Parque Americano",Municipio,Terminado,38396998.05,1200,1
Buenos Aires,La Plata,1065,B° 74 y 153 (Sin Nombre)pias,"Veredas, Conexiones eléctricas en B° 74 y 153 (Sin Nombre)pias",OSC,Terminado,31121611.21,285,1
Misiones,Posadas,2001,Chacra 158,Conexiones eléctricas en Chacra 158,OSC,Terminado,90643743.36999999,79,1
Buenos Aires,Avellaneda,1042,El Fortín,"Veredas, Espacio verde,  Centro de recreación y deporte en El Fortín",Municipio,Terminado,21829504.29,100,1
Santa Fe,Santa Fe,2995,La Villa,"Veredas, Conexiones eléctricas en La Villa",OSC,Terminado,365580800.78999996,100,1
Corrientes,Corrientes,2400/4804/4807,La Olla/Pan Bich/Asentamiento Parque Balneario,Conexiones eléctricas en La Olla/Pan Bich/Asentamiento Parque Balneario,OSC,Terminado,347969657,311,1
Río Negro,Cipolletti,2521/2538,Dos de Febrero/Diez de Febrero,"Calles, Alumbrado, Conexiones eléctricas en Dos de Febrero/Diez de Febrero",Provincia,Terminado,924466473.19,1054,1
Buenos Aires,Bahía Blanca,740,Saladero,Conexiones de agua en Saladero,OSC,Terminado,60999566.73,133,1
Buenos Aires,San Isidro,397,La Cava,Conexiones eléctricas en La Cava,OSC,Terminado,512562838.37,500,1
Córdoba,Río Cuarto,1699,Santa Rosa,Centro de recreación y deporte en Santa Rosa,OSC,Terminado,13649522.31,30,1
Buenos Aires,Azul,4359,Villa Piazza Sur,Red eléctrica en Villa Piazza Sur,Coop. de servicios,Terminado,122626963.78999999,35,1
Buenos Aires,Esteban Echeverría,751,San Ignacio,"Conexiones de agua, Conexiones a la cloaca en San Ignacio",OSC,Terminado,43508257.41,133,1
Río Negro,General Roca,4329/4446,Alta Barda Ladrilleros/Los Hornos,Conexiones eléctricas en Alta Barda Ladrilleros/Los Hornos,OSC,Terminado,164305418.79000002,203,1
Mendoza,Guaymallén,3374,Luz de Vida,"Espacio verde,  Centro comunitario + Centro de recreación y deporte en Luz de Vida",OSC,Terminado,26039814.33,90,1
Mendoza,Las Heras,-,Gral. San Martín,"Calles, Veredas, Cordón cuneta, Pluviales, Alumbrado, Red eléctrica, Red de agua, Red cloacal, Lotes en Gral. San Martín",OSC,Terminado,74219222.61,120,1
Buenos Aires,Quilmes,1223,Iapi 1,"Conexiones de agua, Conexiones a la cloaca en Iapi 1",OSC,Terminado,27176833.05,73,1
Catamarca,Valle Viejo,2743,La Costanera,"Veredas, Conexiones eléctricas en La Costanera",OSC,Terminado,82279810.59,63,1
Buenos Aires,Quilmes,426,La Resistencia,Conexiones de agua en La Resistencia,OSC,Terminado,94182720.71,134,1
Buenos Aires,Moreno,1032,La Porteña,"Veredas, Pluviales, Conexiones eléctricas en La Porteña",OSC,Terminado,57497807.36,157,1
Buenos Aires,Lomas de Zamora,1157,Dos de Mayo,Conexiones de agua en Dos de Mayo,OSC,Terminado,17953432.16,130,1
Chaco,Charata,3785,Centenario,Conexiones eléctricas en Centenario,OSC,Terminado,184305702.21,202,1
Buenos Aires,Lomas de Zamora,1166,Primero de Octubre,Conexiones de agua en Primero de Octubre,OSC,Terminado,45145592.230000004,242,1
Tucumán,Juan Bautista Alberdi,4043,La Vía,"Veredas, Conexiones eléctricas en La Vía",OSC,Terminado,53265936.87,30,1
Córdoba,Córdoba Capital,4277,Parque Las Rosas,Centro de recreación y deporte en Parque Las Rosas,OSC,Terminado,13229195.75,30,1
Chaco,La Leonesa,3815,Belgrano,"Veredas, Espacio verde,  Centro comunitario + Centro de recreación y deporte en Belgrano",OSC,Terminado,93818198.82,45,1
Buenos Aires,Esteban Echeverría,785,El Gauchito Gil,Conexiones de agua en El Gauchito Gil,OSC,Terminado,23924531.700000003,163,1
Buenos Aires,General San Martín,1561,La Carcova,"Conexiones eléctricas, Núcleos húmedos en La Carcova",OSC,Terminado,121737562.31,111,1
Buenos Aires,La Matanza,628,Concordia y Rufino Zado,"Veredas, Conexiones de agua en Concordia y Rufino Zado",OSC,Terminado,65860177.35,59,1
Mendoza,Las Heras,3429,Sueño de María,Conexiones eléctricas en Sueño de María,OSC,Terminado,141934318.84,118,1
Buenos Aires,La Matanza,776/1318/794,SAN JOSE/LA JUANITA/VILLA ADRIANA,"Veredas, Conexiones eléctricas, Conexiones de agua en SAN JOSE/LA JUANITA/VILLA ADRIANA",OSC,Terminado,48105965.68000001,145,1
Buenos Aires,Luján,987,San Fermín,"Centro comunitario, Conexiones de agua en San Fermín",OSC,Terminado,26924158.43,174,1
Buenos Aires,San Pedro,715,La Tosquera,"Veredas, Centro comunitario + Centro de recreación y deporte en La Tosquera",OSC,Terminado,109677950.7,210,1
Buenos Aires,Villarino,885,Matadero,"Veredas, Cordón cuneta, Red de gas en Matadero",Municipio,Terminado,47440933.18,30,1
Neuquén,Plottier,2466,Colonia Evita,Conexiones eléctricas en Colonia Evita,OSC,Terminado,98994400.47,100,1
Buenos Aires,La Matanza,1363,El Porvenir,Veredas en El Porvenir,Municipio,Terminado,28340051.919999998,120,1
Salta,Tartagal,2117/2195,"Nueve de Julio/San Antonio ","Cordón cuneta, Red cloacal, Conexiones a la cloaca en Nueve de Julio/San Antonio ",Provincia,Terminado,974468763.08,349,1
Córdoba,Córdoba Capital,1659,Pueblos Unidos,"Veredas, Conexiones eléctricas en Pueblos Unidos",OSC,Terminado,510181967.97,300,1
Salta,Salta Capital,2093,Sanidad 2,"Calles, Cordón cuneta, Pluviales en Sanidad 2",Municipio,Terminado,79048301.55000001,153,1
Buenos Aires,Tigre,1171,Colombia,Conexiones eléctricas en Colombia,Municipio,Terminado,34325710.06,93,1
Santa Fe,Rosario,1789,Cullen,"Veredas, Centro comunitario + Centro de recreación y deporte en Cullen",OSC,Terminado,63459000.879999995,325,1
Buenos Aires,Merlo,2933,Belgrano/Merlo,"Conexiones eléctricas, Conexiones de agua, Conexiones a la cloaca en Belgrano/Merlo",OSC,Terminado,8666239.64,37,1
Chaco,Puerto Vilelas,2284,Aplomo,Centro comunitario en Aplomo,OSC,Terminado,54635916.87,30,1
Buenos Aires,Lomas de Zamora,1288,Tres de Febrero,"Conexiones eléctricas, Conexiones de agua en Tres de Febrero",OSC,Terminado,20083303.92,145,1
Chaco,Juan José Castelli,3846,Chacra 5,Veredas en Chacra 5,OSC,Terminado,40695010.56,100,1
Formosa,Formosa,3088,El Palomar,"Mejoramientos de vivienda en Formosa, Formosa",OSC,Terminado,23466359.75,36,1
Ciudad Autónoma de Buenos Aires,Ciudad Autónoma de Buenos Aires,2586,Barrio Fátima,Conexiones eléctricas en Barrio Fátima,OSC,Terminado,155748676.37,207,1
Buenos Aires,Zárate,1074,Nueva Esperanza,Red eléctrica en Nueva Esperanza,Coop. de servicios,Terminado,78226091.16,40,1
Jujuy,Monterrico,3256,San Martín,Veredas en San Martín,OSC,Terminado,61623265.5,95,1
Formosa,Formosa,3072,San Martín,"Espacio verde, en San Martín",Municipio,Terminado,24762670.66,10,1
Chaco,Quitilipi,3786,Fuerte Apache,"Calles, Veredas, Alumbrado en Fuerte Apache",Municipio,Terminado,166734964.52,125,1
Entre Ríos,Paraná,2681,General Mosconi Viejo,Veredas en General Mosconi Viejo,OSC,Terminado,29109098.709999997,250,1
Buenos Aires,La Matanza,71,América,Veredas en América,Municipio,Terminado,11452918.879999999,60,1
Tucumán,San Miguel de Tucumán,2760/2762,Los Vazquez y Autopista Sur,"Veredas, Espacio verde,  Red de agua en Los Vazquez y Autopista Sur",Provincia,Terminado,85219806.34,578,1
Buenos Aires,General Pueyrredón,822,Parque Hermoso,Conexiones eléctricas en Parque Hermoso,OSC,Terminado,98880425.32999998,129,1
Ciudad Autónoma de Buenos Aires,Ciudad Autónoma de Buenos Aires,2583,Villa 15,Conexiones eléctricas en Villa 15,OSC,Terminado,137600695.64000002,179,1
Buenos Aires,General Pueyrredón,819,Parque Palermo,"Conexiones eléctricas, Conexiones de agua en Parque Palermo",OSC,Terminado,43546715.83,77,1
Ciudad Autónoma de Buenos Aires,Ciudad Autónoma de Buenos Aires,2570,Villa 21/24,Conexiones eléctricas en Villa 21/24,OSC,Terminado,106476288.05999999,125,1
Buenos Aires,Presidente Perón,1495,La Yaya 1,"Mejoramientos de vivienda en Presidente Perón, Buenos Aires",OSC,Terminado,23655907,31,1
Buenos Aires,Zárate,287,Los Rosales,"Red eléctrica, Conexiones eléctricas en Los Rosales",Coop. de servicios,Terminado,73085326.71000001,140,1
Buenos Aires,La Plata,42,Las Palmeras,"Veredas, Conexiones eléctricas en Las Palmeras",OSC,Terminado,151686844.69,335,1
Buenos Aires,Lanús,1469,Eva Perón,"Conexiones eléctricas, Conexiones de agua, Conexiones a la cloaca en Eva Perón",OSC,Terminado,287328335.16999996,148,1
Salta,Salta Capital,2180,El Cambio,Conexiones eléctricas en El Cambio,OSC,Terminado,104933270.25,198,1
Buenos Aires,San Vicente/Almirante Brown,1126/1414,Mataderos/El Progreso,"Conexiones eléctricas, Conexiones a la cloaca en Mataderos/El Progreso",OSC,Terminado,217819883.32,308,1
Buenos Aires,Avellaneda,2947,El Dínamo,"Conexiones eléctricas, Conexiones de agua en El Dínamo",OSC,Terminado,106893435.47,93,1
Buenos Aires,Olavarría,4759,Matadero,"Conexiones eléctricas, Conexiones de agua en Matadero",OSC,Terminado,38472678.34,33,1
Neuquén,Neuquén,4817,Sector La Laguna,Red eléctrica en Sector La Laguna,Coop. de servicios,Terminado,8772857.99,9,1
Entre Ríos,Paraná,2677,B° Illia,"Calles, Veredas, Cordón cuneta, Pluviales, Alumbrado, Red eléctrica, Conexiones eléctricas, Red de agua, Conexiones de agua, Conexiones a la cloaca, Viviendas, Lotes en B° Illia",Municipio,Terminado,689605257.23,70,1
Buenos Aires,Berisso,999,Villa Arguello,"Conexiones eléctricas, Conexiones de agua en Villa Arguello",OSC,Terminado,424859620.43,212,1
Buenos Aires,Tigre,1153,Sagrada Familia,"Pluviales, Espacio verde,  Centro de recreación y deporte, Red de agua, Red cloacal en Sagrada Familia",OSC,Terminado,228629129.97,125,1
Buenos Aires,Almirante Brown,415,Nuevo Sol II,"Mejoramientos de vivienda en Almirante Brown, Buenos Aires",OSC,Terminado,23195050,30,1
Misiones,Posadas,1990/1966,El Mangal/San Onofre 2,"Veredas, Pluviales en El Mangal/San Onofre 2",OSC,Terminado,66724404.32,600,1
Chaco,Presidencia Roque Sáenz Peña,3767,MTD (Movimiento de Trabajadores Desocupados),Veredas en MTD (Movimiento de Trabajadores Desocupados),OSC,Terminado,62307422.800000004,295,1
Tucumán,Alderetes,4073,Julio Abraham,Conexiones eléctricas en Julio Abraham,OSC,Terminado,122973737.77,187,1
Buenos Aires,La Matanza,332,Don Juan,"Mejoramientos de vivienda en La Matanza, Buenos Aires",OSC,Terminado,25990876.67,36,1
Buenos Aires,Cañuelas,1497,Máximo Paz Oeste,Centro comunitario en Máximo Paz Oeste,OSC,Terminado,29104144.55,174.29999999999998,1
Río Negro,San Carlos De Bariloche,2651,Nahuel Hue,Conexiones de gas en Nahuel Hue,Municipio,Terminado,24752682.04,100,1
Córdoba,Córdoba Capital,1693,Parque Liceo Segunda Sección,"Veredas, Conexiones eléctricas en Parque Liceo Segunda Sección",OSC,Terminado,83437085.82,83,1
Misiones,San Antonio,4500/4584/4585,Veinticinco de Mayo/Nueva Esperanza/Alecrin,"Centro comunitario, Alumbrado, Red eléctrica, Red de agua, Conexiones de agua en Veinticinco de Mayo/Nueva Esperanza/Alecrin",Provincia,Terminado,193134409.05999997,360,1
Buenos Aires,General Pueyrredón,430,Dos de Abril,"Conexiones eléctricas, Conexiones de agua en Dos de Abril",OSC,Terminado,84933900.7,107,1
Buenos Aires,Azul,417,San Francisco de Asís,"Conexiones eléctricas, Conexiones de agua, Conexiones a la cloaca en San Francisco de Asís",OSC,Terminado,23914038.900000002,35,1
Buenos Aires,Lomas de Zamora,1168,Diecisiete de Noviembre,Conexiones eléctricas en Diecisiete de Noviembre,OSC,Terminado,119094172.09,141,1
Varios,Varios,-,Varios,Viviendas en Varios,OSC,Terminado,272522404,50,1
Buenos Aires,Azul,4468,Villa Piazza Norte,"Alumbrado, Red eléctrica en Villa Piazza Norte",Coop. de servicios,Terminado,52840742.400000006,15,1
Chubut,Trelew,3537,Ahoni Ken + Barrio Dos de Agosto,"Alumbrado, Red eléctrica en Ahoni Ken + Barrio Dos de Agosto",Coop. de servicios,Terminado,37013108.64,30,1
Buenos Aires,San Andrés de Giles,183,Estación Solís,"Veredas, Cordón cuneta, Pluviales, Espacio verde,  Red de agua, Conexiones de agua en Estación Solís",OSC,Terminado,70828273.67,70,1
Misiones,Posadas,1982,Itaberá,"Veredas, Conexiones de agua, Conexiones a la cloaca en Itaberá",OSC,Terminado,122128681.23,200,1
Buenos Aires,Zárate,315,Los Pinos,"Alumbrado, Red eléctrica, Conexiones eléctricas en Los Pinos",Coop. de servicios,Terminado,54492297.43,146,1
Chubut,Trelew,3533/3538,Moreira 3/Moreira 4,"Conexiones eléctricas, Conexiones de agua en Moreira 3/Moreira 4",OSC,Terminado,456117517.99,266,1
Buenos Aires,Zárate,279,La Ponderosa,"Alumbrado, Conexiones eléctricas en La Ponderosa",Coop. de servicios,Terminado,50953709.129999995,135,1
Misiones,Posadas,1930,Lapachitos,"Conexiones eléctricas, Conexiones de agua, Conexiones a la cloaca en Lapachitos",OSC,Terminado,55041567.68,153,1
Buenos Aires,Marcos Paz,1512,Santa María,"Veredas, Pluviales, Red de agua, Conexiones de agua en Santa María",Municipio,Terminado,552018994.74,331,1
Chubut,Puerto Madryn,3542,Pte. Juan Domingo Perón,"Espacio verde,  Centro comunitario + Centro de recreación y deporte en Pte. Juan Domingo Perón",OSC,Terminado,69559726.35,150,1
Buenos Aires,La Matanza,449,Primavera,Conexiones de agua en Primavera,Municipio,Terminado,41341330.769999996,141,1
Buenos Aires,Tres de Febrero,1026/1028,Rayito de Sol/Puerta 8,Conexiones eléctricas en Rayito de Sol/Puerta 8,OSC,Terminado,149678814.13,138,1
Buenos Aires,General Pueyrredón,4384,Autódromo,Conexiones a la cloaca en Autódromo,OSC,Terminado,6554357.28,38,1
La Rioja,Capital,3046,Loteo San Andrés,"Veredas, Alumbrado en Loteo San Andrés",Municipio,Terminado,35369981.96,39,1
Buenos Aires,General San Martín,2867,Sarmiento II,"Espacio verde,  Centro comunitario, Conexiones a la cloaca en Sarmiento II",OSC,Terminado,41317636.45,528,1
Buenos Aires,Zárate,747,Anta,Red eléctrica en Anta,Coop. de servicios,Terminado,19013783.830000002,10,1
Corrientes,Riachuelo,2420,Rincón Roa,"Conexiones eléctricas, Conexiones de agua en Rincón Roa",OSC,Terminado,120338784.66,106,1
Buenos Aires,Lomas de Zamora,1011,DAM,"Mejoramientos de vivienda en Lomas de Zamora, Buenos Aires",OSC,Terminado,21566662.05,30,1
Buenos Aires,La Plata,35,San Cayetano,"Veredas, Pluviales, Conexiones eléctricas en San Cayetano",OSC,Terminado,63583878,110,1
Misiones,Posadas,1980,Belén,"Veredas, Centro comunitario + Centro de recreación y deporte en Belén",OSC,Terminado,173285561.1,270,1
Buenos Aires,Cañuelas,4484,La Pradera,Centro comunitario en La Pradera,OSC,Terminado,66307921.65,195,1
Buenos Aires,General San Martín,1561,La Carcova,"Conexiones eléctricas, Núcleos húmedos en La Carcova",OSC,Terminado,341935801.17,148,1
Buenos Aires,Ensenada,207,Mosconi,"Veredas, Centro comunitario + Centro de recreación y deporte en Mosconi",OSC,Terminado,120109706.55,95,1
Misiones,Garupá,2047,Punta Alta,"Conexiones eléctricas, Conexiones de agua en Punta Alta",OSC,Terminado,108558927.88,80,1
Córdoba,Córdoba Capital,1607,Bajada San José,"Mejoramientos de vivienda en Córdoba Capital, Córdoba",OSC,Terminado,8301930.25,13,1
Ciudad Autónoma de Buenos Aires,Ciudad Autónoma de Buenos Aires,4942/4941,El Pescadito/Zanchetti,Conexiones eléctricas en El Pescadito/Zanchetti,OSC,Terminado,45921145.28,58,1
Buenos Aires,San Nicolás,544,Doce de Marzo,Conexiones eléctricas en Doce de Marzo,OSC,Terminado,66343355.519999996,11,1
Río Negro,San Carlos De Bariloche,2659/2645/2644/2643,San Cayetanito/ Villa Gas/ Mz 200/ Barda Este,Conexiones eléctricas en San Cayetanito/ Villa Gas/ Mz 200/ Barda Este,OSC,Terminado,253932105.04000002,149,1
Buenos Aires,General Pueyrredón,2891,Nuevo Golf,"Veredas, Conexiones eléctricas en Nuevo Golf",OSC,Terminado,43025690.91,77,1
Buenos Aires,Moreno,928,Veintitrés de Diciembre,"Veredas, Espacio verde,  Centro comunitario + Centro de recreación y deporte en Veintitrés de Diciembre",OSC,Terminado,72938874.15,435,1
Buenos Aires,General Pueyrredón,2914,Parque Independencia,"Veredas, Conexiones de agua en Parque Independencia",OSC,Terminado,52864718.76,315,1
Buenos Aires,General Pueyrredón,444/852,El Martillo/Las Heras,"Veredas, Conexiones eléctricas, Conexiones de agua, Conexiones a la cloaca en El Martillo/Las Heras",OSC,Terminado,69663519.07,475,1
Buenos Aires,La Matanza,4222,Diecisiete de marzo,Centro comunitario + Centro de recreación y deporte en Diecisiete de marzo,OSC,Terminado,82968082.64,135,1
Buenos Aires,Almirante Brown,1530,Sakura,"Mejoramientos de vivienda en Almirante Brown, Buenos Aires",OSC,Terminado,23743170.58,31,1
Buenos Aires,La Matanza,136,El Porvenir II,Conexiones de agua en El Porvenir II,Municipio,Terminado,41864221.65,161,1
Mendoza,Maipú,3379,Unidos Por Una Esperanza,"Veredas, Centro comunitario + Centro de recreación y deporte en Unidos Por Una Esperanza",OSC,Terminado,50079847.37,30,1
Buenos Aires,Lomas de Zamora,1553,El Paredón,"Conexiones eléctricas, Conexiones de agua en El Paredón",OSC,Terminado,35354584.64,126,1
Tucumán,San Isidro De Lules,4045,Ahuala,"Calles, Veredas, Cordón cuneta, Red eléctrica, Conexiones eléctricas, Red de agua, Conexiones de agua, Red cloacal, Conexiones a la cloaca en Ahuala",Municipio,Terminado,150104999.4,45,1
Buenos Aires,Quilmes,1134,Luján,Conexiones de agua en Luján,OSC,Terminado,42428121.75,118,1
San Juan,Ullum,4260,Loteo Municipal,"Conexiones eléctricas, Conexiones de agua en Loteo Municipal",OSC,Terminado,109011377.03999999,79,1
Buenos Aires,Lomas de Zamora,349,Antártida Argentina,Conexiones de agua en Antártida Argentina,OSC,Terminado,92620291.46,189,1
Tucumán,Tafí Viejo,4128,Barrio Calpini,"Veredas, Espacio verde, en Barrio Calpini",Municipio,Terminado,28344155.270000003,23,1
Buenos Aires,Quilmes,565,Barrio Primavera,"Conexiones de agua, Conexiones a la cloaca en Barrio Primavera",OSC,Terminado,38887592.69,86,1
Mendoza,Capital,3331/3332,Olivares/Flores,"Conexiones de agua, Conexiones a la cloaca en Olivares/Flores",Provincia,Terminado,82988307.44,203,1
Buenos Aires,La Matanza,1327,San Alberto,"Conexiones de agua, Conexiones a la cloaca en San Alberto",OSC,Terminado,69963194.22,126,1
Salta,Salta Capital,4341,Virgen de Urkupiña,"Veredas, Conexiones eléctricas en Virgen de Urkupiña",OSC,Terminado,40758468.57,80,1
Buenos Aires,La Matanza,1331,Veinte de Diciembre,Conexiones eléctricas en Veinte de Diciembre,OSC,Terminado,80071035.78999999,50,1
Mendoza,San Rafael,3448,Estación Pedro Vargas,Conexiones de agua en Estación Pedro Vargas,Municipio,Terminado,9470483.24,100,1
Mendoza,Capital,3475,Barrio Cipolleti,"Veredas, Centro de recreación y deporte + Centro de recreación y deporte en Barrio Cipolleti",OSC,Terminado,198000052.14,100,1
Buenos Aires,General San Martín,625,Costa Esperanza,"Mejoramientos de vivienda en General San Martín, Buenos Aires",OSC,Terminado,17543725.09,30,1
Buenos Aires,Esteban Echeverría,1287,Santa Catalina,Conexiones de agua en Santa Catalina,OSC,Terminado,33827684.730000004,99,1
Buenos Aires,Tigre,436,San Jorge,"Mejoramientos de vivienda en Tigre, Buenos Aires",OSC,Terminado,41607129,65,1
Buenos Aires,Lomas de Zamora,1139,El Progreso ETAPA 02,Conexiones de agua en El Progreso ETAPA 02,OSC,Terminado,41549575.900000006,88,1
Neuquén,Neuquén,2467,Espartaco,"Veredas, Conexiones eléctricas en Espartaco",OSC,Terminado,20333876.660000004,28,1
Mendoza,Maipú,3379,Unidos Por Una Esperanza,Veredas en Unidos Por Una Esperanza,OSC,Terminado,33267776.7,15,1
Buenos Aires,San Miguel,1464,Gallo Rojo,"Mejoramientos de vivienda en San Miguel, Buenos Aires",OSC,Terminado,21648006.48,33,1
Buenos Aires,La Matanza,708,San Nicolás,Conexiones de agua en San Nicolás,OSC,Terminado,78699523.85,191,1
Neuquén,San Martín de los Andes,3953,Esperanza Arriba,"Mejoramientos de vivienda en San Martín de los Andes, Neuquén",OSC,Terminado,24405483.79,31,1
Buenos Aires,Lomas de Zamora,5003,Fiorito 3,Conexiones de agua en Fiorito 3,OSC,Terminado,41810840.31,97,1
Buenos Aires,General San Martín,4549,Ocho de Mayo,Conexiones de agua en Ocho de Mayo,OSC,Terminado,12404777.9,121,1
Buenos Aires,Quilmes,1474,Villa Luján IV,Conexiones de agua en Villa Luján IV,OSC,Terminado,31109064.26,74,1
Buenos Aires,Lomas de Zamora,471,Libre Amanecer,Conexiones de agua en Libre Amanecer,OSC,Terminado,67325577.58,140,1
Buenos Aires,Esteban Echeverría,698,Costa Esperanza,"Conexiones de agua, Conexiones a la cloaca en Costa Esperanza",OSC,Terminado,32556477.04,92,1
Buenos Aires,Tres de Febrero,1026,Rayito de Sol,"Mejoramientos de vivienda en Tres de Febrero, Buenos Aires",OSC,Terminado,20336006.08,31,1
Buenos Aires,Quilmes,768,Los Eucaliptos de Solano,Conexiones de agua en Los Eucaliptos de Solano,OSC,Terminado,33818805.699999996,68,1
Neuquén,Neuquén,2442/2444,Primero de Septiembre/Toma 9 de Febrero (HIBEPA),"Calles, Cordón cuneta, Alumbrado, Red eléctrica, Conexiones eléctricas, Red de agua, Conexiones de agua, Red cloacal, Conexiones a la cloaca, Red de gas, Conexiones de gas en Primero de Septiembre/Toma 9 de Febrero (HIBEPA)",Municipio,Terminado,100067442.37,73,1
Córdoba,Córdoba Capital,1734/1705/1624,El Pueblito/La Costa Canal/La Toma,"Veredas, Conexiones eléctricas en El Pueblito/La Costa Canal/La Toma",OSC,Terminado,20636377.57,375,1
Buenos Aires,Quilmes,509,Finexcor,Veredas en Finexcor,OSC,Terminado,135332843.87,405,1
Tucumán,Bella Vista,4420,El Zunchal,"Calles, Veredas, Cordón cuneta, Pluviales, Espacio verde,  Centro de recreación y deporte, Alumbrado, Conexiones eléctricas, Red de agua, Conexiones de agua, Red cloacal, Conexiones a la cloaca en El Zunchal",Municipio,Terminado,169718847.14999998,60,1
Buenos Aires,Quilmes,20,Laprida,Conexiones de agua en Laprida,OSC,Terminado,28422593.39,61,1
Buenos Aires,Lomas de Zamora,101/1289/192,Libertad/Ciudad Jardin Santa Catalina/Malvinas,Conexiones de agua en Libertad/Ciudad Jardin Santa Catalina/Malvinas,OSC,Terminado,46294597.760000005,81,1
La Rioja,Capital,3051,Autódromo Norte,"Conexiones eléctricas, Conexiones de agua en Autódromo Norte",OSC,Terminado,109096118.6,74,1
La Rioja,Capital,3046,Loteo San Andrés,"Calles, Veredas, Cordón cuneta, Espacio verde,  Alumbrado en Loteo San Andrés",Municipio,Terminado,197887497.46,39,1
Neuquén,Neuquén,2457/2458,Toma Obrador/Toma Argentina II,"Alumbrado, Red eléctrica en Toma Obrador/Toma Argentina II",Coop. de servicios,Terminado,11800328.23,20,1
Buenos Aires,Almirante Brown,4477,Amancay,"Calles, Veredas, Pluviales, Espacio verde,  Centro de recreación y deporte en Amancay",Municipio,Terminado,478062981.11,250,1
Jujuy,San Salvador De Jujuy,3267,Obrero,"Mejoramientos de vivienda en San Salvador De Jujuy, Jujuy",OSC,Terminado,21510829.78,33,1
Córdoba,Córdoba Capital,1596,Barrio San Alberto,"Veredas, Centro comunitario en Barrio San Alberto",OSC,Terminado,103713490.17,115,1
Córdoba,Córdoba Capital,1598,Campo de La Ribera,Centro comunitario en Campo de La Ribera,OSC,Terminado,56535651.07000001,30,1
Jujuy,El Carmen,3203,"El Tipal ","Cordón cuneta, Pluviales, Red de agua, Conexiones de agua en El Tipal ",Provincia,Terminado,176280844.36999997,45,1
Buenos Aires,Berazategui,4599,San Blas + Zona aledaña,"Calles, Veredas, Pluviales, Espacio verde,  Centro comunitario, Conexiones eléctricas, Red de agua, Conexiones de agua, Red cloacal, Conexiones a la cloaca en San Blas + Zona aledaña",Municipio,Terminado,197094611.26999998,119,1
Salta,San Ramón De La Nueva Orán,2119,Libertad,"Calles, Veredas, Cordón cuneta, Centro comunitario + Centro de recreación y deporte en Libertad",Provincia,Terminado,769252584.9000001,200,1
Buenos Aires,La Matanza,376,Las Achiras,Conexiones eléctricas en Las Achiras,Municipio,Terminado,5203120.36,32,1
Buenos Aires,Tigre,736,San Lorenzo,Conexiones eléctricas en San Lorenzo,OSC,Terminado,32321294.16,143,1
Buenos Aires,Quilmes,1272,Kilómetro 13,"Veredas, Cordón cuneta, Espacio verde,  Conexiones eléctricas en Kilómetro 13",Municipio,Terminado,52708410.47,105,1
Chaco,Las Breñas,3822,Quinta Ruiz,Veredas en Quinta Ruiz,OSC,Terminado,163705880.48,50,1
Buenos Aires,Chivilcoy,374/174,Rojas/Barrio Blanco,"Veredas, Conexiones eléctricas en Rojas/Barrio Blanco",Municipio,Terminado,69114947.8,130,1
Buenos Aires,Tigre,736,San Lorenzo,Conexiones de agua en San Lorenzo,OSC,Terminado,37218894.58,223,1
Buenos Aires,La Matanza,1333,San Cayetano II,Veredas en San Cayetano II,Municipio,Terminado,8154333.91,195,1
Santiago del Estero,La Banda,3498,Finca de Ramos,Conexiones de agua en Finca de Ramos,OSC,Terminado,94044004.50999999,68,1
Buenos Aires,La Matanza,865,El Torero,Veredas en El Torero,Municipio,Terminado,13848776.64,105,1
Buenos Aires,Coronel de Marina Leonardo Rosales,638,Gaudi,"Conexiones eléctricas, Conexiones a la cloaca en Gaudi",OSC,Terminado,107315944.51,158,1
Buenos Aires,Avellaneda,1036,Azul,Centro comunitario + Centro de recreación y deporte en Azul,Municipio,Terminado,35586740.01,103,1
Buenos Aires,La Matanza,1353,Puerta de Hierro,Centro comunitario en Puerta de Hierro,OSC,Terminado,25775030.79,96,1
Buenos Aires,San Isidro,397/1174,La Cava/ Veinte de Junio,"Red cloacal, Conexiones a la cloaca, Viviendas, Lotes en La Cava/ Veinte de Junio",OSC,Terminado,134163743.79,1150,1
Chaco,Juan José Castelli,3802,Chacra 4,Veredas en Chacra 4,OSC,Terminado,58416498.84,45,1
Buenos Aires,La Matanza,4475,Los Paraguayos,Conexiones de agua en Los Paraguayos,OSC,Terminado,2146427.33,10,1
Salta,Salta Capital,2082,Juan Manuel de Rosas,"Red de agua, Conexiones de agua, Red cloacal, Conexiones a la cloaca en Juan Manuel de Rosas",Municipio,Terminado,112072113.15,780,1
Buenos Aires,La Matanza,1319,René Salamanca,Centro comunitario + Centro de recreación y deporte en René Salamanca,OSC,Terminado,26473032.540000003,48,1
Buenos Aires,Moreno,944,Santa Paula II,"Conexiones eléctricas, Conexiones de agua, Conexiones a la cloaca en Santa Paula II",OSC,Terminado,8191740.62,33,1
Santiago del Estero,Santiago Del Estero,4354,La Católica,"Mejoramientos de vivienda en Santiago Del Estero, Santiago del Estero",OSC,Terminado,22249858.63,33,1
Buenos Aires,La Plata,696,Altos del Sol,Conexiones eléctricas en Altos del Sol,OSC,Terminado,58830640.52,57,1
Salta,Tartagal,2101,Parcela 37,"Calles, Veredas, Cordón cuneta, Red eléctrica, Conexiones eléctricas, Red de agua, Conexiones de agua, Red cloacal, Conexiones a la cloaca en Parcela 37",Provincia,Terminado,494082016.29,108,1
Tucumán,Tafí Viejo,4050,La Nina,"Veredas, Espacio verde, en La Nina",Municipio,Terminado,14786076.93,20,1
Buenos Aires,Moreno,1032,La Porteña,Veredas en La Porteña,OSC,Terminado,74449832.48,108,1
Santa Fe,Rosario,1798,La Lagunita,Conexiones eléctricas en La Lagunita,OSC,Terminado,45657142.85,34,1
Buenos Aires,General San Martín,4254,Villa Hidalgo,Conexiones de agua en Villa Hidalgo,OSC,Terminado,37132790.5,182,1
Buenos Aires,La Matanza,4459,Bicentenario,"Veredas, Conexiones de agua, Núcleos húmedos en Bicentenario",OSC,Terminado,22960065.470000003,100,1
Formosa,Formosa,3076,Simon Bolívar,Alumbrado en Simon Bolívar,Provincia,Terminado,24442431.419999998,1300,1
Buenos Aires,La Matanza,1336,Doce de Octubre,Alumbrado en Doce de Octubre,Municipio,Terminado,3551982.4899999998,85,1
Salta,Tartagal,2114,Pablo Secretario,"Calles, Cordón cuneta, Alumbrado, Red de agua, Conexiones de agua, Conexiones a la cloaca en Pablo Secretario",OSC,Terminado,75753265.98,110,1
Chaco,Villa Ángela,3826,Sargento Cabral,Veredas en Sargento Cabral,OSC,Terminado,67068078.31999999,63,1
Buenos Aires,Vicente López,180,Las Flores,Alumbrado en Las Flores,Municipio,Terminado,41139856.73,712,1
Jujuy,San Salvador De Jujuy,3218,Cuatro de Agosto 2,Conexiones eléctricas en Cuatro de Agosto 2,OSC,Terminado,249070317.15,264,1
Entre Ríos,Paraná,2683,Humito,Conexiones a la cloaca en Humito,Municipio,Terminado,18178506.189999998,109,1
Buenos Aires,General Pueyrredón,889,Malvinas Argentinas,"Veredas, Conexiones eléctricas en Malvinas Argentinas",OSC,Terminado,33645973.86,119,1
Entre Ríos,Concepción Del Uruguay,3647,Cantera 25,"Calles, Veredas, Cordón cuneta, Espacio educativo en Cantera 25",Municipio,Terminado,181961022.93999997,125,1
Buenos Aires,La Matanza,780,Primavera II,Veredas en Primavera II,Municipio,Terminado,17036608.88,335,1
Buenos Aires,Tandil,594,Villa Laza,"Centro comunitario, Conexiones de agua en Villa Laza",OSC,Terminado,40423196.69,35,1
Santa Fe,Santa Fe,2995,La Villa,"Veredas, Centro comunitario + Centro de recreación y deporte en La Villa",OSC,Terminado,117252766.3,60,1
Buenos Aires,Esteban Echeverría,191,Las Chacritas,Veredas en Las Chacritas,Municipio,Terminado,28781360.28,100,1
Buenos Aires,Quilmes,1282,Nueve de Agosto,"Conexiones eléctricas, Conexiones de agua en Nueve de Agosto",OSC,Terminado,9485677.5,30,1
Buenos Aires,Pilar,1475,El Manzanar,"Calles, Pluviales, Espacio verde, en El Manzanar",Municipio,Terminado,484461821.3,425,1
Buenos Aires,La Matanza,1334,La Lomita,Veredas en La Lomita,Municipio,Terminado,24640445.68,176,1
Entre Ríos,La Paz,4168,Papa Francisco,Espacio educativo en Papa Francisco,OSC,Terminado,12862063.680000002,30,1
Chaco,Resistencia,2278,La Rubita,"Mejoramientos de vivienda en Resistencia, Chaco",OSC,Terminado,23765067.46,31,1
Buenos Aires,Pilar,1128,Pinazo,Conexiones eléctricas en Pinazo,OSC,Terminado,17369422.86,114,1
Santa Fe,San José Del Rincón,3006,Acería,"Conexiones eléctricas, Conexiones a la cloaca en Acería",OSC,Terminado,60686908.37,38,1
Buenos Aires,Lanús,2932,Villa de La Fe,Veredas en Villa de La Fe,OSC,Terminado,40467455.05,400,1
Santa Fe,Santa Fe,2996,La Ranita,Centro comunitario + Centro de recreación y deporte en La Ranita,OSC,Terminado,68253208.50999999,105,1
Buenos Aires,Avellaneda,2871,La Tierrita,"Conexiones eléctricas, Conexiones de agua en La Tierrita",OSC,Terminado,111304543.83,114,1
Buenos Aires,La Matanza,1321,12 de Octubre (San José de Atalaya),"Calles, Veredas en 12 de Octubre (San José de Atalaya)",Municipio,Terminado,68688354.8,545,1
Tucumán,Arcadia,4107,Palo Blanco,"Calles, Veredas, Cordón cuneta, Alumbrado en Palo Blanco",Municipio,Terminado,340864484.56,38,1
Buenos Aires,Avellaneda,145,Santa Catalina,Conexiones eléctricas en Santa Catalina,OSC,Terminado,23307835.05,121,1
Buenos Aires,Mercedes,150/1045,Geo/ Pampita,"Calles, Veredas, Conexiones eléctricas en Geo/ Pampita",OSC,Terminado,122448954.53999999,79,1
Santa Fe,Rosario,1824,Barrio Alvear,"Pluviales, Centro comunitario, Red de agua, Red cloacal, Red de gas en Barrio Alvear",OSC,Terminado,83440408.36000001,200,1
Buenos Aires,José C. Paz,1371,San Pantaleón III,Conexiones eléctricas en San Pantaleón III,OSC,Terminado,156040198.41,96,1
Santiago del Estero,Monte Quemado,3510,El Triángulo,Conexiones eléctricas en El Triángulo,OSC,Terminado,76445911.94,82,1
Buenos Aires,San Isidro,397,Veinte de Junio,"Centro comunitario, Conexiones eléctricas en Veinte de Junio",OSC,Terminado,125772629.13999999,84,1
Buenos Aires,Baradero,4310/4311,Tobares/ Don Pedro,Red cloacal en Tobares/ Don Pedro,Municipio,Terminado,20633316.229999997,70,1
Buenos Aires,La Matanza,1351,El Dorado,"Calles, Veredas en El Dorado",Municipio,Terminado,8489967.16,170,1
Jujuy,Humahuaca,3224/3225,Veinte de Julio/San Isidro,Pluviales en Veinte de Julio/San Isidro,Municipio,Terminado,79001152.17,50,1
Buenos Aires,La Matanza,381,Hijos de Sarmiento,Veredas en Hijos de Sarmiento,Municipio,Terminado,4297820.8,1000,1
Santa Fe,Fray Luis Beltrán,1887,Granaderos,Veredas en Granaderos,OSC,Terminado,191209307.01,355,1
Buenos Aires,Zárate,1180,Reysol,Centro comunitario en Reysol,OSC,Terminado,40530763.2,30,1
Buenos Aires,General San Martín,1561,Carcova,"Mejoramientos de vivienda en General San Martín, Buenos Aires",OSC,Terminado,25821895.89,33,1
Buenos Aires,La Matanza,1349,Nicoll,Centro de recreación y deporte en Nicoll,OSC,Terminado,119275960.09,450,1
Neuquén,Neuquén,4816,Ferroviario,Red eléctrica en Ferroviario,Coop. de servicios,Terminado,25835235.46,28,1
Buenos Aires,La Matanza,480,Las Antenas,"Calles, Veredas en Las Antenas",Municipio,Terminado,43923367.44,850,1
Buenos Aires,La Matanza,2900,Millán,"Espacio verde,  Conexiones eléctricas en Millán",Municipio,Terminado,24908607.67,200,1
Entre Ríos,La Paz,4168,Papa Francisco,"Red eléctrica, Red cloacal, Núcleos húmedos en Papa Francisco",OSC,Terminado,171523938.68,38,1
Santa Fe,Santa Fe,3017,Alto Verde,"Calles, Veredas, Conexiones eléctricas en Alto Verde",OSC,Terminado,150403820.28,1500,1
Buenos Aires,Azul,417,San Francisco de Asís,"Alumbrado, Red de agua, Conexiones de agua, Red cloacal en San Francisco de Asís",Coop. de servicios,Terminado,28150120.07,65,1
Jujuy,San Salvador De Jujuy,3217,Las Lagunas,"Veredas, Conexiones eléctricas, Conexiones a la cloaca en Las Lagunas",OSC,Terminado,19574454.91,16,1
Chaco,Fontana,2322,Puerto Vicentini,Conexiones a la cloaca en Puerto Vicentini,Municipio,Terminado,43500158.010000005,294,1
Buenos Aires,La Matanza,136,El Porvenir II,"Calles, Veredas, Pluviales en El Porvenir II",Municipio,Terminado,147604648.78,820,1
Río Negro,El Bolsón,3728,Alma Fuerte,"Mejoramientos de vivienda en El Bolsón, Río Negro",OSC,Terminado,23512911.08,33,1
Buenos Aires,Pehuajó,320,Talleres,"Espacio verde,  Red de agua, Conexiones de agua, Red cloacal, Conexiones a la cloaca en Talleres",Municipio,Terminado,21238407.1,100,1
Entre Ríos,Paraná,2678,Bajada Grande,Veredas en Bajada Grande,OSC,Terminado,70943984.21000001,550,1
Buenos Aires,La Matanza,1349,Nicoll,"Mejoramientos de vivienda en La Matanza, Buenos Aires",OSC,Terminado,24418116.1,32,1
Buenos Aires,Avellaneda,122,Inflamable,"Calles, Veredas, Pluviales, Alumbrado en Inflamable",Municipio,Terminado,58896009.04,750,1
Río Negro,Cipolletti,2514,Costa Esperanza,"Veredas, Conexiones eléctricas en Costa Esperanza",OSC,Terminado,92576578.68,225,1
Corrientes,Corrientes,2374,Los Astilleros (barrio al lado Virgen de los dolores),"Veredas, Centro comunitario + Centro de recreación y deporte en Los Astilleros (barrio al lado Virgen de los dolores)",OSC,Terminado,45957325.75,305,1
Misiones,Posadas,2001,Chacra 158,"Veredas, Conexiones eléctricas, Conexiones de agua en Chacra 158",OSC,Terminado,35315731.51,140,1
Corrientes,Paso De Los Libres,3614,Barrio Luján,"Veredas, Cordón cuneta, Pluviales, Red cloacal en Barrio Luján",Municipio,Terminado,115896142.81,38,1
Santa Fe,Santo Tomé,3010,Santo Tomás de Aquino,"Veredas, Conexiones eléctricas en Santo Tomás de Aquino",OSC,Terminado,92000777.87,79,1
Buenos Aires,General Pueyrredón,852," Las Heras","Veredas, Conexiones eléctricas, Conexiones de agua, Conexiones a la cloaca en  Las Heras",OSC,Terminado,175529415.06,475,1
Buenos Aires,Gral. Pueyrredón,4295,San Jacinto,"Mejoramientos de vivienda en Gral. Pueyrredón, Buenos Aires",OSC,Terminado,25366765.2,36,1
Tucumán,San Miguel De Tucumán,2781,Once de Enero,"Veredas, Conexiones eléctricas en Once de Enero",OSC,Terminado,110334595.85000001,125,1
Río Negro,San Carlos De Bariloche,2660/4391,Nueva Jamaica/Wangelen,"Red de gas, Conexiones de gas en Nueva Jamaica/Wangelen",Municipio,Terminado,42402208.02,197,1
Buenos Aires,Malvinas Argentinas,199,La Gótica,"Veredas, Conexiones eléctricas en La Gótica",OSC,Terminado,36770185.489999995,50,1
Buenos Aires,San Isidro,397,La Cava,"Mejoramientos de vivienda en San Isidro, Buenos Aires",OSC,Terminado,9319475.4,12,1
Buenos Aires,La Plata,322,Cristo Rey,Conexiones eléctricas en Cristo Rey,OSC,Terminado,131842067.45000002,173,1
Córdoba,Córdoba Capital,1660,Barrio San Jorge,Conexiones eléctricas en Barrio San Jorge,OSC,Terminado,20366672.59,14,1
Corrientes,Corrientes,2408,Arazaty,"Conexiones de agua, Conexiones a la cloaca en Arazaty",OSC,Terminado,62381096.51,81,1
Chubut,Comodoro Rivadavia,3558,Extensión Stella Maris 2,"Red eléctrica, Red de agua, Conexiones de agua, Red cloacal en Extensión Stella Maris 2",Coop. de servicios,Terminado,92218292.81,42,1
Buenos Aires,Lomas de Zamora,273,Santa Catalina,Veredas en Santa Catalina,OSC,Terminado,59740291.519999996,3925,1
Santa Fe,Reconquista,4027/4030,Guadalupe Oeste/Virgen de Guadalupe Sur,"Alumbrado, Red eléctrica, Conexiones eléctricas en Guadalupe Oeste/Virgen de Guadalupe Sur",Municipio,Terminado,45456934.42,350,1
Buenos Aires,General San Martín,2934,Barrio Independencia,Espacio educativo en Barrio Independencia,Municipio,Terminado,35050574.480000004,1050,1
Misiones,Aristóbulo Del Valle,3928,Barrio Nuevo,"Calles, Veredas, Cordón cuneta, Alumbrado, Red de agua, Conexiones de agua en Barrio Nuevo",Provincia,Terminado,74373299.36,83,1
Buenos Aires,Zárate,328,Nueve de Julio,"Alumbrado, Red eléctrica en Nueve de Julio",Coop. de servicios,Terminado,44251240.08,75,1
Buenos Aires,Esteban Echeverría,1407,La Paz,"Espacio verde, en La Paz",Municipio,Terminado,3562900.93,250,1
Buenos Aires,Mercedes,358/1284/1142/1189,Marchetti │Marchetti II │Redes | Malvinas,"Calles, Red de agua, Conexiones de agua en Marchetti │Marchetti II │Redes | Malvinas",Municipio,Terminado,253238587.9,793,1
Buenos Aires,Azul,115/418,San Martín de Porres / Villa Giamatolo,"Red eléctrica, Red de agua, Conexiones de agua en San Martín de Porres / Villa Giamatolo",Coop. de servicios,Terminado,130824556.34,188,1
Buenos Aires,San Andrés de Giles,188,Scully,"Calles, Veredas, Cordón cuneta, Pluviales en Scully",OSC,Terminado,381241497.92,23,1
Neuquén,Neuquén,2458/2457/2451,Toma Argentina II/ Toma Obrador/ Toma La familia,Conexiones eléctricas en Toma Argentina II/ Toma Obrador/ Toma La familia,OSC,Terminado,63123115.67,59,1
Buenos Aires,Zárate,347,Pecorena,"Alumbrado, Red eléctrica en Pecorena",Coop. de servicios,Terminado,74384135.42,240,1
Río Negro,San Carlos De Bariloche,2650,Don Bosco,"Red de gas, Conexiones de gas en Don Bosco",Municipio,Terminado,7171670.6,38,1
Buenos Aires,Zárate,314,Ocho de Septiembre,"Alumbrado, Red eléctrica, Conexiones eléctricas en Ocho de Septiembre",Coop. de servicios,Terminado,176890465.57999998,471,1
Santa Fe,Santa Fe,3026,La Fábrica Vieja,"Veredas, Conexiones eléctricas en La Fábrica Vieja",OSC,Terminado,35107378.96,77,1
Buenos Aires,Zárate,294,La Ilusión,"Red eléctrica, Conexiones eléctricas en La Ilusión",Coop. de servicios,Terminado,231129132.88,582,1
Misiones,Montecarlo,3948,Malvinas 6,"Conexiones eléctricas, Conexiones de agua en Malvinas 6",OSC,Terminado,15550573.969999999,28,1
Buenos Aires,Almirante Brown,4607,La Hermosa,"Calles, Veredas, Pluviales en La Hermosa",Municipio,Terminado,508355748.25,20,1
Río Negro,Cipolletti,2502,Obrero A y B,Conexiones eléctricas en Obrero A y B,OSC,Terminado,26539833.47,159,1
Buenos Aires,General Pueyrredón,-,Fortunato de la Plaza,"Calles, Veredas, Cordón cuneta, Espacio verde,  Centro comunitario + Centro de recreación y deporte, Alumbrado, Red eléctrica, Red de agua, Red cloacal, Red de gas, Lotes en Fortunato de la Plaza",OSC,Terminado,209713125.77,64,1
Buenos Aires,San Miguel,601,Mitre,"Calles, Alumbrado, Red de gas en Mitre",Municipio,Terminado,47175085.07,1500,1
Corrientes,Monte Caseros,3603/3604,Gauchito Gil/Juan Esteban Martínez,"Calles, Veredas, Cordón cuneta, Pluviales, -, Alumbrado, Red eléctrica, Conexiones eléctricas, Red de agua, Conexiones de agua, Red cloacal, Conexiones a la cloaca, Núcleos húmedos en Gauchito Gil/Juan Esteban Martínez",OSC,Terminado,2294166391.29,186,1
Buenos Aires,Pehuajó,320,Talleres,"Calles, Veredas, Pluviales, Red de agua, Red cloacal, Conexiones a la cloaca, Red de gas, Conexiones de gas en Talleres",Municipio,Terminado,196768356.21,104,1
Misiones,Puerto Esperanza,3878,Bella Vista,Núcleos húmedos en Bella Vista,Municipio,Terminado,731755385.2399998,192,1
Buenos Aires,Berisso,999,Villa Argüello,"Conexiones de agua, Conexiones a la cloaca en Villa Argüello",OSC,Terminado,244818588.60000002,204,1
Corrientes,Monte Caseros,3605,Barrio 9,"Calles, Veredas, Pluviales, Centro de recreación y deporte, Alumbrado, Red eléctrica, Conexiones eléctricas, Red de agua, Conexiones de agua, Conexiones a la cloaca, Núcleos húmedos, Viviendas, Lotes en Barrio 9",OSC,Terminado,734879038.63,48,1
Chaco,Las Breñas,3820,Bicentenario,"Veredas, Conexiones de agua en Bicentenario",OSC,Terminado,255243723.16,157,1
Buenos Aires,Avellaneda,131,Siete de Septiembre (Suipacha y Pinto),"Veredas, Espacio verde, en Siete de Septiembre (Suipacha y Pinto)",Municipio,Terminado,16211765.79,60,1
Buenos Aires,Azul,115/418,San Martín de Porres / Villa Giamatolo,"Alumbrado, Red eléctrica en San Martín de Porres / Villa Giamatolo",Coop. de servicios,Terminado,270281153.3,49,1
Corrientes,Riachuelo,2415,Barrio Santa Margarita,Conexiones eléctricas en Barrio Santa Margarita,OSC,Terminado,79149021.11000001,169,1
Mendoza,Luján de Cuyo,4464,Tierras Vivas,Conexiones eléctricas en Tierras Vivas,OSC,Terminado,142504328.31,156,1
Buenos Aires,Lomas de Zamora,886,"Soledad ","Conexiones de agua en Soledad ",OSC,Terminado,62120011.989999995,120,1
Buenos Aires,Azul,417,San Francisco de Asís,"Veredas, Conexiones eléctricas, Conexiones de agua, Conexiones a la cloaca en San Francisco de Asís",OSC,Terminado,207389544.17000002,65,1
Buenos Aires,Lanús,5005,Nueve de Julio,Conexiones de agua en Nueve de Julio,OSC,Terminado,28572836.330000002,70,1
Santa Fe,Santa Fe,3038,Villa Hipódromo,"Calles, Veredas, Centro de recreación y deporte en Villa Hipódromo",OSC,Terminado,90904362.24000001,250,1
Buenos Aires,Presidente Perón,1495,La Yaya 1,"Veredas, Cordón cuneta, Espacio verde, en La Yaya 1",Municipio,Terminado,104059924.34,500,1
Santa Fe,Rosario,4692/1906/1801,Tio Rolo/Bella Vista/Tío Rolo,"Calles, Pluviales, Red de agua en Tio Rolo/Bella Vista/Tío Rolo",Municipio,Terminado,165668535.44,457,1
Misiones,Puerto Esperanza,3909/3910/3911,Arroyito/Bergue/Rolon Varga,"Red de agua, Conexiones de agua en Arroyito/Bergue/Rolon Varga",Municipio,Terminado,238736980.76,264,1
Chubut,Trelew,3538,Moreira 4,Conexiones eléctricas en Moreira 4,OSC,Terminado,51486628.279999994,201,1
Buenos Aires,Lomas de Zamora,72,Ocho de Diciembre,Conexiones de agua en Ocho de Diciembre,OSC,Terminado,106796269.94,244,1
Misiones,Posadas,1958/1945,San Lucas/Prosol 2,Veredas en San Lucas/Prosol 2,OSC,Terminado,49359703.04,142,1
Buenos Aires,Campana,1181,Las Praderas,"Calles, Pluviales, Red de agua, Conexiones de agua en Las Praderas",Municipio,Terminado,319398701.59,275,1
Río Negro,San Carlos De Bariloche,2643/2657,Barda Este/Vivero,"Red de agua, Conexiones de agua en Barda Este/Vivero",Municipio,Terminado,20199172.66,108,1
Corrientes,Corrientes,2421,Barrio Jardín/ Verdes soles,Conexiones eléctricas en Barrio Jardín/ Verdes soles,OSC,Terminado,68258582.35,58,1
Buenos Aires,Hurlingham,4576,Roca,"Veredas, Centro comunitario en Roca",OSC,Terminado,34349005.15,30,1
Buenos Aires,Lomas de Zamora,1553,El Paredón,"Veredas, Centro comunitario en El Paredón",OSC,Terminado,28419185.5,110,1
Buenos Aires,Malvinas Argentinas,240,Santa Mónica,Veredas en Santa Mónica,OSC,Terminado,74010236.74,15,1
Buenos Aires,Hurlingham,979/902/874,Juan Pedro Rolón/Nuevo Parque Quirno/Parque Quirno II,"Calles, Veredas, Cordón cuneta, Pluviales, Espacio verde, en Juan Pedro Rolón/Nuevo Parque Quirno/Parque Quirno II",OSC,Terminado,411583180.40999997,115,1
Río Negro,Viedma,3757,El Progreso,"Red de agua, Conexiones de agua, Red cloacal, Conexiones a la cloaca en El Progreso",Municipio,Terminado,33691120.91,115,1
Buenos Aires,Hurlingham,177,Ceamse,"Veredas, Red de agua, Conexiones de agua en Ceamse",OSC,Terminado,35510783.62,90,1
Buenos Aires,Malvinas Argentinas,222,La Hoya,Conexiones eléctricas en La Hoya,OSC,Terminado,181124817.7,115,1
Buenos Aires,General Pueyrredón,4249,Caribe,"Conexiones eléctricas, Conexiones de agua en Caribe",OSC,Terminado,24875778.85,101,1
Río Negro,General Fernández Oro,2531,Costa Linda,"Conexiones eléctricas, Conexiones de agua en Costa Linda",OSC,Terminado,100436424.43,41,1
Buenos Aires,Lomas de Zamora,297,Seis de Agosto,Conexiones de agua en Seis de Agosto,OSC,Terminado,70118623.72,142,1
Buenos Aires,San Vicente,1077/1388,Nueva Esperanza/Villa Coll,"Calles, Veredas, Espacio verde,  Centro comunitario + Centro de recreación y deporte, Alumbrado, Red de agua en Nueva Esperanza/Villa Coll",Municipio,Terminado,587450893.1999999,463,1
Córdoba,Cordoba Capital,1619,Nuevo Progreso,"Mejoramientos de vivienda en Cordoba Capital, Córdoba",OSC,Terminado,36725363.52,51,1
Misiones,Posadas,1923,Chacra 159,"Veredas, Conexiones eléctricas en Chacra 159",OSC,Terminado,178695508.59,171,1
Buenos Aires,Florencio Varela,955,Paysandú,"Veredas, Pluviales en Paysandú",OSC,Terminado,50209583.92,60,1
Neuquén,Neuquén,2474,Tierras Nuevas Para Neuquén,"Veredas, Conexiones de agua, Red de gas en Tierras Nuevas Para Neuquén",Provincia,Terminado,50723710.47,32,1
Buenos Aires,Pilar,1224/4595,El Descanso / Alcazabal,"Red de agua, Conexiones de agua en El Descanso / Alcazabal",Municipio,Terminado,128397934.11,131,1
Buenos Aires,Zárate,283,Barrio H,"Veredas, Pluviales en Barrio H",OSC,Terminado,115820534.27,65,1
Buenos Aires,Escobar,443,Nueve de Julio,Veredas en Nueve de Julio,OSC,Terminado,43319113.72,43,1
Buenos Aires,Lomas de Zamora,566/963/25,Las Maderitas/Victoria/Laberinto/,Conexiones de agua en Las Maderitas/Victoria/Laberinto/,OSC,Terminado,26716565.020000003,78,1
Buenos Aires,General San Martín,4254,Villa Hidalgo,Conexiones de agua en Villa Hidalgo,OSC,Terminado,148588307.13,348,1
Misiones,Garupá,1947,Santa Clara 3,"Veredas, Conexiones eléctricas, Conexiones de agua, Núcleos húmedos en Santa Clara 3",OSC,Terminado,411525220.01,330,1
Buenos Aires,Pergamino,1501,Jorge Newbery,"Conexiones de agua, Conexiones a la cloaca en Jorge Newbery",OSC,Terminado,26704328.57,139,1
Río Negro,Balsa Las Perlas,2545,Puente Santa Mónica,Conexiones eléctricas en Puente Santa Mónica,OSC,Terminado,71985462.76,95,1
Buenos Aires,José C. Paz,1370,Roosevelt 1,"Veredas, Centro comunitario en Roosevelt 1",OSC,Terminado,57805694.17999999,40,1
Mendoza,Las Heras,4265,Don Bosco,"Veredas, Centro comunitario + Centro de recreación y deporte en Don Bosco",OSC,Terminado,70320175.53,75,1
Buenos Aires,Quilmes,1282,Nueve de Agosto,"Centro comunitario, Conexiones eléctricas, Conexiones de agua en Nueve de Agosto",OSC,Terminado,33845745.96,82.2,1
Tucumán,San Miguel De Tucumán,2757,Alejandro Heredia,"Veredas, Espacio verde,  Conexiones eléctricas en Alejandro Heredia",OSC,Terminado,314075422.72,1250,1
Buenos Aires,Florencio Varela,969,Villa María,"Veredas, Pluviales en Villa María",OSC,Terminado,29060876.38,50,1
Mendoza,Las Heras,3313,Nueva Esperanza,Veredas en Nueva Esperanza,OSC,Terminado,5838678.9,22,1
Buenos Aires,Lomas de Zamora,5004,Fiorito 4,"Conexiones de agua, Conexiones a la cloaca en Fiorito 4",OSC,Terminado,99642000.79,236,1
Santa Fe,San José Del Rincón,3006,Acería,"Veredas, Conexiones de agua en Acería",OSC,Terminado,29853830.34,40,1
Córdoba,Córdoba Capital,1676/1677,Doce de Julio/Nueva Esperanza (V. Cornú),"Calles, Veredas, Cordón cuneta, Alumbrado, Red de agua, Conexiones de agua en Doce de Julio/Nueva Esperanza (V. Cornú)",Provincia,Terminado,372078527.49,873,1
San Juan,Ullum,4259,Villa Santa Rosa,"Conexiones eléctricas, Conexiones de agua en Villa Santa Rosa",OSC,Terminado,60970417.699999996,44,1
Buenos Aires,General San Martín,630,Eucaliptus,Conexiones de agua en Eucaliptus,OSC,Terminado,84898762.72,146,1
Chaco,Resistencia,2278,La Rubita,"Conexiones eléctricas, Conexiones de agua en La Rubita",OSC,Terminado,39028988.22,198,1
Tucumán,Tafí Viejo,4410,Villa Muñecas Norte,Veredas en Villa Muñecas Norte,OSC,Terminado,37570820.76,125,1
Buenos Aires,Lomas de Zamora,1293/5002,Gabriel Miró/Fiorito,Conexiones de agua en Gabriel Miró/Fiorito,OSC,Terminado,115773905.25,212,1
Buenos Aires,Quilmes,574,El Tala,"Conexiones de agua, Conexiones a la cloaca en El Tala",OSC,Terminado,105693183.74,170,1
Neuquén,Neuquén,2451,Toma La Familia,Alumbrado en Toma La Familia,Coop. de servicios,Terminado,7750470.23,25,1
Río Negro,El Bolsón,3756,Barrio Obrero,Red eléctrica en Barrio Obrero,Provincia,Terminado,41171161.2,12,1
Buenos Aires,San Isidro,545,Nueva Esperanza,Espacio educativo en Nueva Esperanza,OSC,Terminado,243398537.54000002,30,1
Mendoza,Guaymallén,3364,Estación Buena Nueva,"Veredas, Conexiones eléctricas en Estación Buena Nueva",OSC,Terminado,129784993.07,146,1
Catamarca,San Fernando Del Valle De Catamarca,2736,Loteo Suxe,Veredas en Loteo Suxe,OSC,Terminado,56658754.900000006,15,1
Buenos Aires,La Matanza,4222,Diecisiete de marzo,"Conexiones de agua, Conexiones a la cloaca en Diecisiete de marzo",OSC,Terminado,95806630.53,190,1
Mendoza,Maipú,3391,Miranda Ávila (Milack Navira),"Calles, Veredas, Cordón cuneta, Pluviales, Red de gas, Conexiones de gas en Miranda Ávila (Milack Navira)",Municipio,Terminado,889679192.0200001,236,1
Buenos Aires,Florencio Varela,407,Lujan,Centro comunitario + Centro de recreación y deporte en Lujan,OSC,Terminado,36894881.06,120,1
Río Negro,San Antonio Oeste,4240,La Toma/Veintitrés de Septiembre,Red de gas en La Toma/Veintitrés de Septiembre,Provincia,Terminado,76874402.14,10,1
Buenos Aires,Quilmes,30,Cañada,"Conexiones de agua, Conexiones a la cloaca en Cañada",OSC,Terminado,115138988.13999999,167,1
Mendoza,Luján de Cuyo,4376,Vistas a la Cordillera,"Calles, Veredas, Cordón cuneta, Pluviales, Espacio verde,  Alumbrado, Conexiones eléctricas, Red de agua, Conexiones de agua, Red cloacal, Conexiones a la cloaca en Vistas a la Cordillera",Provincia,Terminado,82705029.75,8,1
Buenos Aires,La Matanza,491,Los Ceibos I,Conexiones de agua en Los Ceibos I,OSC,Terminado,277415832,230,1
Tucumán,Famaillá,4160,Kilómetro 102,"Calles, Cordón cuneta, Red de agua, Conexiones de agua, Núcleos húmedos en Kilómetro 102",Municipio,Terminado,524969827.12,235,1
Buenos Aires,La Matanza,780,Primavera II,Conexiones de agua en Primavera II,Municipio,Terminado,40005125.45,131,1
Buenos Aires,San Nicolás,673,Provincianos,Centro comunitario en Provincianos,OSC,Terminado,252347711.31,50,1
Buenos Aires,Florencio Varela,487,La Esperanza,"Mejoramientos de vivienda en Florencio Varela, Buenos Aires",OSC,Terminado,21392455.17,30,1
Santa Fe,Rosario,1797,Cañaveral,Centro comunitario + Centro de recreación y deporte en Cañaveral,OSC,Terminado,27258695.89,90,1
Buenos Aires,Quilmes,896,La Vera,"Conexiones de agua, Conexiones a la cloaca en La Vera",OSC,Terminado,48546907.1,99,1
Río Negro,El Bolsón,3753/3729/3741/3728,"El Renoval, Los Ñires, Veintiuno de Septiembre y Almafuerte","Conexiones eléctricas en El Renoval, Los Ñires, Veintiuno de Septiembre y Almafuerte",OSC,Terminado,96006732.37,130,1
Buenos Aires,Lomas de Zamora,170,La Chanchería,"Conexiones eléctricas, Conexiones de agua en La Chanchería",OSC,Terminado,36790671.11,88,1
Mendoza,Las Heras,-,Gral. San Martín - Etapa 2 Red de gas,"Red de gas, Lotes en Gral. San Martín - Etapa 2 Red de gas",OSC,Terminado,25186008.78,120,1
Córdoba,Córdoba Capital,1630,Complejo Yapeyú,Conexiones eléctricas en Complejo Yapeyú,OSC,Terminado,49350464.019999996,66,1
Ciudad Autónoma de Buenos Aires,Ciudad Autónoma de Buenos Aires,2592,Villa 20,Espacio educativo en Villa 20,OSC,Terminado,72835165.21000001,3900,1
Buenos Aires,Lomas de Zamora,334,Treinta de Agosto,Conexiones de agua en Treinta de Agosto,OSC,Terminado,88076171.74000001,198,1
Catamarca,Belén,-,Loteo Huaco Norte/28 Viviendas,"Calles, Veredas, Cordón cuneta, Espacio verde,  Alumbrado, Red eléctrica, Red de agua, Red cloacal, Lotes en Loteo Huaco Norte/28 Viviendas",Provincia,Terminado,65954783.82,28,1
Buenos Aires,Lomas de Zamora,1165,Tres de Enero,Conexiones de agua en Tres de Enero,OSC,Terminado,73634299.22,242,1
Mendoza,Guaymallén,4268,Los Hornos,"Veredas, Conexiones eléctricas en Los Hornos",OSC,Terminado,39068869.11000001,77,1
Buenos Aires,Lomas de Zamora,1011,DAM,Conexiones de agua en DAM,OSC,Terminado,44063438.94,140,1
Buenos Aires,La Matanza,71,América,"Conexiones eléctricas, Conexiones de agua en América",Municipio,Terminado,22616786.13,79,1
Mendoza,San Martín,4429,Bonano,Veredas en Bonano,OSC,Terminado,31156970.32,12,1
Salta,San Ramón De La Nueva Orán,4526,San Cayetano,"Mejoramientos de vivienda en San Ramón De La Nueva Orán, Salta",OSC,Terminado,14619770.91,24,1
Buenos Aires,Esteban Echeverría,1403,El Gaucho,"Veredas, Conexiones de agua en El Gaucho",OSC,Terminado,92720166.44,250,1
Buenos Aires,Esteban Echeverría,760,Parish Roberston,"Veredas, Conexiones de agua, Conexiones a la cloaca en Parish Roberston",OSC,Terminado,22306421.21,25,1
Mendoza,Las Heras,4531,Cordón de Bonilla,Conexiones eléctricas en Cordón de Bonilla,OSC,Terminado,39358925.7,34,1
Buenos Aires,Presidente Perón,1517,Agrocolonias,Alumbrado en Agrocolonias,Municipio,Terminado,353830365.54,100,1
Córdoba,Córdoba Capital,1639,Doce de Septiembre,Centro comunitario en Doce de Septiembre,OSC,Terminado,26405164.689999998,96,1
Catamarca,Belén,-,Loteo 36 Viviendas,"Calles, Veredas, Cordón cuneta, Espacio verde,  Alumbrado, Red eléctrica, Red de agua, Lotes en Loteo 36 Viviendas",Provincia,Terminado,66377367.5,36,1
Buenos Aires,Lomas de Zamora,1305,Unión y Fuerza,"Veredas, Conexiones de agua en Unión y Fuerza",OSC,Terminado,51414751.629999995,165,1
Buenos Aires,Hurlingham,862,Villegas,"Veredas, Espacio verde,  Centro comunitario, Alumbrado en Villegas",OSC,Terminado,81228882.26,30,1
Buenos Aires,Lomas de Zamora,1162,Libertad,Conexiones de agua en Libertad,OSC,Terminado,59305527.23,195,1
Neuquén,Neuquén,2459,Barrio 7 de Mayo,"Mejoramientos de vivienda en Neuquén, Neuquén",OSC,Terminado,19533090.74,24,1
Buenos Aires,Quilmes,2925,Santa María,"Conexiones de agua, Conexiones a la cloaca en Santa María",OSC,Terminado,24553383.330000002,39,1
Buenos Aires,Pilar,1128,Pinazo,"Veredas, Conexiones eléctricas en Pinazo",OSC,Terminado,344892552.63,603,1
Buenos Aires,La Matanza,82/162/1359,Las Camelias/Los Pinos/Sarmiento,"Conexiones de agua, Conexiones a la cloaca en Las Camelias/Los Pinos/Sarmiento",OSC,Terminado,69160788.03999999,194,1
Santa Fe,Santa Fe,2994,Estanislao López,"Veredas, Conexiones eléctricas en Estanislao López",OSC,Terminado,30195993.72,77,1
Buenos Aires,Lomas de Zamora,5002/1438,Fiorito 2/ Nuevo Horizonte,"Conexiones de agua, Conexiones a la cloaca en Fiorito 2/ Nuevo Horizonte",OSC,Terminado,111553026.2,240,1
Mendoza,Maipú,3373,San Francisco,Calles en San Francisco,Municipio,Terminado,17263180.6,80,1
Buenos Aires,Quilmes,570,La Paz II,Conexiones de agua en La Paz II,OSC,Terminado,27045502.66,72,1
Salta,Pichanal,2134,Pepito,"Mejoramientos de vivienda en Pichanal, Salta",OSC,Terminado,21059575.2,31,1
Buenos Aires,Quilmes,1268,Dos de Abril,Conexiones de agua en Dos de Abril,OSC,Terminado,36473587.82,87,1
Córdoba,Córdoba Capital,1690,Villa del Parque,"Veredas, Conexiones eléctricas en Villa del Parque",OSC,Terminado,18204542.91,25,1
Buenos Aires,Quilmes,2923,La Loma,"Veredas, Conexiones eléctricas en La Loma",OSC,Terminado,37115630.419999994,118,1
Córdoba,Córdoba Capital,1639,Doce de Septiembre,Conexiones eléctricas en Doce de Septiembre,OSC,Terminado,105455694.44,224,1
Chaco,General José de San Martín,3795,La 12,"Conexiones eléctricas, Conexiones de agua en La 12",OSC,Terminado,143605944.17000002,116,1
Salta,Salta Capital,2180,El Cambio,"Veredas, Espacio verde, en El Cambio",OSC,Terminado,64572682.39999999,125,1
Neuquén,Neuquén,2443,Sector Peumayén,Veredas en Sector Peumayén,OSC,Terminado,65120736.25,176,1
Buenos Aires,Vicente López,180,Las Flores,Conexiones eléctricas en Las Flores,OSC,Terminado,65805695.5,117,1
Tucumán,El Manantial,4161,María Reina de Los Niños,"Veredas, Conexiones a la cloaca en María Reina de Los Niños",OSC,Terminado,21323778.060000002,80,1
Córdoba,Córdoba Capital,1607,Bajada San José,"Conexiones eléctricas, Conexiones de agua en Bajada San José",OSC,En ejecución,86626074.19999999,98,1
Tucumán,Aguilares,4155/4153,Ampliación San Nicolás/ Chacarita,"Veredas, Centro comunitario + Centro de recreación y deporte, Alumbrado, Red eléctrica, Conexiones eléctricas, Red de agua, Conexiones de agua, Red cloacal, Conexiones a la cloaca, Viviendas, Lotes en Ampliación San Nicolás/ Chacarita",Municipio,En ejecución,563499055.79,170,1
Tucumán,Tafí Viejo,4140,Hipólito Yrigoyen,"Alumbrado, Red eléctrica, Conexiones eléctricas en Hipólito Yrigoyen",Municipio,En ejecución,81895239.21,100,1
Buenos Aires,Tandil,4283,Unión,"Red de agua, Conexiones de agua en Unión",Municipio,En ejecución,22300000.05,138,1
Buenos Aires,Quilmes,1113,Villa Luján I,Conexiones de agua en Villa Luján I,OSC,En ejecución,75902693.31,168,1
Buenos Aires,Lomas de Zamora,34,Juan Domingo Perón,Conexiones de agua en Juan Domingo Perón,OSC,En ejecución,81822862.46,162,1
Córdoba,Córdoba Capital,1596,San Alberto,Conexiones eléctricas en San Alberto,OSC,En ejecución,113913315.83,163,1
Mendoza,Maipú,-,Carril Viejo,"Calles, Pluviales, Alumbrado, Red eléctrica, Red de agua, Red cloacal, Lotes en Carril Viejo",Municipio,En ejecución,100346467.76,41,1
Buenos Aires,Lomas de Zamora,1519,Diez de Abril,Conexiones de agua en Diez de Abril,OSC,En ejecución,191898209.30999997,321,1
Buenos Aires,Lomas de Zamora,504,Centenario,Conexiones de agua en Centenario,OSC,En ejecución,107018535.35000001,189,1
Buenos Aires,Esteban Echeverría,762,San Agustín,Conexiones de agua en San Agustín,OSC,En ejecución,136145676.28,276,1
Buenos Aires,Lomas de Zamora,1291,Juan Manuel de Rosas II,Conexiones de agua en Juan Manuel de Rosas II,OSC,En ejecución,113586266.51,174,1
Buenos Aires,Lomas de Zamora,5001/1438,Villa Urbana/Nuevo Horizonte,"Conexiones de agua, Conexiones a la cloaca en Villa Urbana/Nuevo Horizonte",OSC,En ejecución,380121435.08000004,377,1
Buenos Aires,Quilmes,1465,Monteverde,"Conexiones de agua, Conexiones a la cloaca en Monteverde",OSC,En ejecución,105422541.82,232,1
Buenos Aires,Quilmes,2924,IAPI,"Conexiones de agua, Conexiones a la cloaca en IAPI",OSC,En ejecución,74734440.99,142,1
Buenos Aires,Lomas de Zamora,1307,Nueva Esperanza,Conexiones de agua en Nueva Esperanza,OSC,En ejecución,136020146.83,226,1
Córdoba,Córdoba Capital,4625,Felipe Varela,"Veredas, Centro comunitario + Centro de recreación y deporte, Alumbrado en Felipe Varela",OSC,En ejecución,112937460.25,35,1
Buenos Aires,General Pueyrredón,4245,Matadero,Conexiones de agua en Matadero,OSC,En ejecución,34178934.56,64,1
Misiones,San Antonio,4498,Cerámica,"Conexiones eléctricas, Conexiones de agua en Cerámica",OSC,En ejecución,141239438.56,133,1
Misiones,Jardín América,3873,Barrio Los Cedros,"Conexiones eléctricas, Conexiones de agua en Barrio Los Cedros",OSC,En ejecución,130601946.96,82,1
Buenos Aires,Chivilcoy,160,Barrio Speranza,"Veredas, Centro de recreación y deporte + Espacio de salud en Barrio Speranza",OSC,En ejecución,57717250.95,30,1
Buenos Aires,General Pueyrredón,416,Felix U Camet,Centro de recreación y deporte en Felix U Camet,OSC,En ejecución,117550184.72,93,1
Buenos Aires,Almirante Brown,590,Los Pinos,Conexiones de agua en Los Pinos,OSC,En ejecución,119746177.23,152,1
Buenos Aires,Avellaneda,122,Inflamable,"Pluviales, Espacio verde, en Inflamable",Municipio,En ejecución,7160614.05,750,1
Buenos Aires,Lomas de Zamora,1288,Tres de Febrero,"Veredas, Cordón cuneta, Pluviales, Espacio verde,  Centro comunitario, Alumbrado, Núcleos húmedos en Tres de Febrero",OSC,En ejecución,142575599.06,75,1
Misiones,Leandro N Alem,3883,Veinte de Junio,Conexiones eléctricas en Veinte de Junio,OSC,En ejecución,93446762.85,82,1
Ciudad Autónoma de Buenos Aires,Ciudad Autónoma de Buenos Aires,2570,Villa 21/24,Espacio educativo en Villa 21/24,OSC,En ejecución,130687302.8,1800,1
Buenos Aires,Pilar,1475,El Manzanar,"Calles, Cordón cuneta en El Manzanar",Municipio,En ejecución,843630538.71,425,1
Buenos Aires,Avellaneda,119,Danubio Azul,Conexiones eléctricas en Danubio Azul,OSC,En ejecución,85130700.38,84,1
Buenos Aires,Florencio Varela,176,Doce de Julio,Veredas en Doce de Julio,OSC,En ejecución,130068999,150,1
Tucumán,Las Talitas,4413,San Lorenzo,Alumbrado en San Lorenzo,Municipio,En ejecución,22830200.59,175,1
Buenos Aires,Cañuelas,66,El Ombú,"Veredas, Conexiones eléctricas, Conexiones de agua en El Ombú",Municipio,En ejecución,77809083.47999999,60,1
Buenos Aires,General Pueyrredón,4384,Autódromo,Red cloacal en Autódromo,Provincia,En ejecución,100671065.1,600,1
Neuquén,Senillosa,5696,Loteo Social CH,Conexiones eléctricas en Loteo Social CH,OSC,En ejecución,121953629.78,133,1
Buenos Aires,Lomas de Zamora,45,Nueva Fiorito,Conexiones de agua en Nueva Fiorito,OSC,En ejecución,221919837.37,269,1
Neuquén,Neuquén,2493,Ruca Antu,Conexiones eléctricas en Ruca Antu,OSC,En ejecución,188203975.92000002,224,1
Buenos Aires,Lomas de Zamora,4392,Diecisiete de Marzo,"Conexiones eléctricas, Conexiones de agua en Diecisiete de Marzo",OSC,En ejecución,150820605.08,104,1
Buenos Aires,Lomas de Zamora,471,Libre Amanecer,Conexiones eléctricas en Libre Amanecer,OSC,En ejecución,175752917.89999998,183,1
Buenos Aires,Berazategui,510/305,Compal y tres de junio 2,Conexiones eléctricas en Compal y tres de junio 2,OSC,En ejecución,94624347.71000001,79,1
Río Negro,Cipolletti,2510,Dos de Agosto,Conexiones eléctricas en Dos de Agosto,OSC,En ejecución,109110324.03,149,1
Río Negro,El Bolsón,3743,San José,Conexiones de agua en San José,Municipio,En ejecución,47139634.69,64,1
Río Negro,Cipolletti,2502,Obrero A y B,Conexiones eléctricas en Obrero A y B,OSC,En ejecución,84496762.96000002,278,1
Buenos Aires,Esteban Echeverría,751,San Ignacio,"Veredas, Espacio verde,  Centro de recreación y deporte en San Ignacio",OSC,En ejecución,90747646.02,1760,1
Tucumán,Monteros,4048,Los Eucaliptus,"Calles, Cordón cuneta, Alumbrado en Los Eucaliptus",Municipio,En ejecución,229741356.43,40,1
Buenos Aires,General San Martín,4254,Villa Hidalgo,Red cloacal en Villa Hidalgo,OSC,En ejecución,149751415.83999997,509,1
Buenos Aires,Quilmes,551,San Ignacio,Conexiones de agua en San Ignacio,OSC,En ejecución,85583560.46,126,1
Buenos Aires,Presidente Perón,1506,San Roque,Alumbrado en San Roque,Municipio,En ejecución,267016963.21,165,1
Buenos Aires,Lomas de Zamora,4395,Juan Manuel de Rosas,Espacio educativo en Juan Manuel de Rosas,OSC,En ejecución,74097860.25,675,1
Buenos Aires,General Pueyrredón,-,El Martillo,Obras de integración urbana en El Martillo,OSC,En ejecución,39467386.23,336,1
Buenos Aires,Quilmes,2924,IAPI,Centro de recreación y deporte en IAPI,OSC,En ejecución,135360703.35,255,1
Buenos Aires,General Pueyrredón,839,Parque Peña,"Veredas, Cordón cuneta, Pluviales, Alumbrado, Red eléctrica, Conexiones eléctricas, Red de agua, Conexiones a la cloaca, Red de gas en Parque Peña",OSC,En ejecución,39350718.84,50,1
Buenos Aires,General Pueyrredón,-,El Martillo,"Centro comunitario + Espacio productivo, Lotes en El Martillo",OSC,En ejecución,765122454.0799999,334,1
Salta,Profesor Salvador Mazza,4580,Veintiocho de Marzo,Veredas en Veintiocho de Marzo,OSC,En ejecución,130406973.95,53,1
Tucumán,Bella Vista,4424,El Mollar,"Calles, Veredas, Cordón cuneta, Espacio verde,  Centro comunitario + Centro de recreación y deporte, Alumbrado, Red eléctrica, Conexiones eléctricas, Conexiones de agua, Red cloacal, Conexiones a la cloaca en El Mollar",Municipio,En ejecución,343504311.44,56,1
Buenos Aires,General Rodriguez/Mercedes/Marcos Paz,498/354/1231,Villa Raffo/Facundo Quiroga/Torchiaro,"Espacio verde,  Centro comunitario + Centro comunitario + Centro comunitario en Villa Raffo/Facundo Quiroga/Torchiaro",OSC,En ejecución,977685176.5799999,405,1
Buenos Aires,General Pueyrredón,-,El Martillo,"Veredas, Espacio de salud, Lotes en El Martillo",OSC,En ejecución,395163153.04,334,1
Buenos Aires,Presidente Perón,806,Las Lomas,"Veredas, Cordón cuneta, Espacio verde, en Las Lomas",Municipio,En ejecución,100118678.89000002,1000,1
Ciudad Autónoma de Buenos Aires,Ciudad Autónoma de Buenos Aires,2577,Villa 1/11/14,Centro comunitario en Villa 1/11/14,OSC,En ejecución,68563393.71000001,4200,1
Santa Fe,Santa Fe,2994,Estanislao López,"Veredas, Espacio verde,  Alumbrado, Conexiones eléctricas, Conexiones de agua, Conexiones a la cloaca en Estanislao López",OSC,En ejecución,208580967.81,118,1
Buenos Aires,General Pueyrredón,306,Villa Evita,"Conexiones eléctricas, Conexiones de agua, Conexiones a la cloaca en Villa Evita",OSC,En ejecución,975107200.39,336,1
Buenos Aires,General Pueyrredón,4426,La Herradura,"Veredas, Conexiones eléctricas, Conexiones de agua en La Herradura",OSC,En ejecución,60514891.84,25,1
Tucumán,Monteros,4142,Mataderos,"Calles, Veredas, Cordón cuneta, Espacio verde,  Centro de recreación y deporte, Alumbrado, Red eléctrica en Mataderos",Municipio,En ejecución,214194774.91000003,51,1
Buenos Aires,Necochea,724,Los Álamos,"Veredas, Conexiones eléctricas, Conexiones de agua en Los Álamos",OSC,En ejecución,138139629.36,65,1
Chaco,Fontana,2335/2364,Barrio Santa Bárbara 1 y 2,"Veredas, Conexiones eléctricas, Conexiones de agua en Barrio Santa Bárbara 1 y 2",OSC,En ejecución,115389246.56,48,1
Buenos Aires,General San Martín,1561/625/1296/1232,La Carcova/Costa Esperanza/Veinticinco de Mayo/El Primaveral,Veredas en La Carcova/Costa Esperanza/Veinticinco de Mayo/El Primaveral,OSC,En ejecución,29355856.79,4014,1
Santa Fe,Santa Fe,2984,Villa Oculta,"Veredas, Centro de recreación y deporte + Centro de recreación y deporte, Conexiones eléctricas en Villa Oculta",OSC,En ejecución,105742918.67999999,150,1
Buenos Aires,Tandil,4283/585/608,La Unión/Movediza I,"Espacio verde,  Conexiones eléctricas, Conexiones de agua en La Unión/Movediza I",OSC,En ejecución,166453085.54000002,170,1
Santiago del Estero,Santiago Del Estero,3529,Bosco 2,Conexiones eléctricas en Bosco 2,OSC,En ejecución,103887753.3,188,1
Tierra del Fuego,Río Grande,4210/4212/4213/4214/4216/4217/4218,Mirador/Provincias Unidas/Los Fueguinos/Veintidós de Julio/Barrio Unido/Betel/Fuerza Unida,"Calles, Cordón cuneta en Mirador/Provincias Unidas/Los Fueguinos/Veintidós de Julio/Barrio Unido/Betel/Fuerza Unida",Municipio,En ejecución,338187343.54,1007,1
Tucumán,San Miguel De Tucumán,2763,Barrio Margaritas,"Red de agua, Conexiones de agua, Red cloacal en Barrio Margaritas",Provincia,En ejecución,272522668.56,202,1
Buenos Aires,La Plata,87/1075/84,La Cantera/ La Esperanza y 90 y 19,"Veredas, Conexiones eléctricas en La Cantera/ La Esperanza y 90 y 19",OSC,En ejecución,145530340.45000002,180,1
Tucumán,San Pablo y Villa Nougués,4068,Colonia 4,"Calles, Veredas, Cordón cuneta, Pluviales, Espacio verde,  Centro comunitario en Colonia 4",Municipio,En ejecución,469410897.46,119,1
Tucumán,Concepción,4101,Avenida Las Américas,"Calles, Veredas, Cordón cuneta, Alumbrado, Red cloacal, Núcleos húmedos en Avenida Las Américas",Municipio,En ejecución,243321511.81,105,1
Buenos Aires,La Plata,97,"El Zanjón/""19 y 77""","Centro comunitario en El Zanjón/""19 y 77""",OSC,En ejecución,72486878.77,39,1
Buenos Aires,General Pueyrredón,4249,Caribe,"Veredas, Espacio verde,  Centro de recreación y deporte, Red de agua, Conexiones de agua, Conexiones a la cloaca en Caribe",OSC,En ejecución,320019321.71,69,1
Jujuy,San Salvador De Jujuy,3228,17 Hectáreas,"Veredas, Cordón cuneta, Conexiones a la cloaca en 17 Hectáreas",Provincia,En ejecución,40582079.73,73,1
Misiones,San Vicente,2018,San Cayetano,"Alumbrado, Red eléctrica, Red de agua, Conexiones de agua en San Cayetano",Provincia,Terminado,227084361.86,200,0.9999999999999999
Río Negro,San Carlos De Bariloche,2648,Alun Ruca,"Alumbrado, Red eléctrica en Alun Ruca",Provincia,En ejecución,1075019234.2600002,240,0.9999
Buenos Aires,Almirante Brown,4199,Los Altos,"Calles, Veredas, Pluviales, Centro comunitario + Centro de recreación y deporte en Los Altos",Municipio,En ejecución,714401769.97,1000,0.9966
Entre Ríos,Concordia,3122,Las Colinas,"Red de agua, Conexiones de agua, Red cloacal, Conexiones a la cloaca en Las Colinas",Municipio,En ejecución,80413625.94,252,0.9959
Buenos Aires,Pilar,4342,Agustoni,"Veredas, Cordón cuneta en Agustoni",Municipio,En ejecución,999447126.46,1460,0.9933
Buenos Aires,La Matanza,381,Hijos de Sarmiento,Centro de recreación y deporte + Centro de recreación y deporte en Hijos de Sarmiento,OSC,En ejecución,271278029.79,600,0.99
Buenos Aires,Bahía Blanca,652,Costa Blanca,"Veredas, Conexiones eléctricas en Costa Blanca",OSC,En ejecución,365751660.89,131,0.9852
Buenos Aires,San Miguel,1149,Parque La Gloria,"Veredas, Espacio verde,  Centro comunitario + Centro de recreación y deporte en Parque La Gloria",OSC,En ejecución,74700631.64,75,0.98
Santa Fe,Santa Fe,2985,los hornos,"Veredas, Conexiones de agua en los hornos",OSC,En ejecución,269411970.79,237,0.98
Tucumán,San Miguel de Tucumán,2760/2762,Los Vazquez y Autopista Sur,Espacio de salud en Los Vazquez y Autopista Sur,Provincia,En ejecución,153571116.49,347,0.9778
Misiones,San Pedro,3921,Zona Industrial,"Alumbrado, Red eléctrica, Red de agua, Conexiones de agua en Zona Industrial",Provincia,En ejecución,65585267.32,112,0.9753
Buenos Aires,General Pueyrredón,2914,Parque Independencia,"Veredas, Conexiones de agua en Parque Independencia",OSC,En ejecución,190138998.44,315,0.9738
Buenos Aires,San Isidro,1468,Santa Ana,"Calles, Veredas, Cordón cuneta, Pluviales, Red cloacal, Conexiones a la cloaca, Viviendas, Lotes en Santa Ana",Municipio,En ejecución,160233105.01999998,312,0.969
Tucumán,San Miguel De Tucumán,2745/2756/2792/2802,"Ate, Santa Ana, Bienestar y Potencia","Red de gas, Conexiones de gas en Ate, Santa Ana, Bienestar y Potencia",Provincia,En ejecución,209537954.33999997,797,0.9679
Jujuy,San Pedro De Jujuy,3265,Veinticinco de Mayo,"Veredas, Espacio verde,  Centro de recreación y deporte en Veinticinco de Mayo",OSC,En ejecución,80454272.65,85,0.9652
Jujuy,San Salvador De Jujuy,3184,Suipacha,"Conexiones eléctricas, Conexiones de agua en Suipacha",OSC,En ejecución,52751774.44,39,0.9623
Córdoba,Córdoba Capital,-,Zepa C,"Calles, Veredas, Cordón cuneta, Alumbrado, Red eléctrica, Conexiones eléctricas, Red de agua, Conexiones de agua, Red cloacal, Conexiones a la cloaca, Lotes en Zepa C",Provincia,En ejecución,460972142.04,671,0.962047
Neuquén,San Martín De Los Andes,3961/3953,Toma Colonia Maipú,"Veredas, Red eléctrica, Conexiones eléctricas, Red de agua, Conexiones de agua en Toma Colonia Maipú",OSC,En ejecución,229818102.62,46,0.9608
Buenos Aires,La Matanza,1324,Justo Villegas,Centro comunitario + Centro de recreación y deporte en Justo Villegas,OSC,En ejecución,151545963.07999998,30,0.9606
Buenos Aires,La Plata,15,La Fortaleza,"Veredas, Conexiones eléctricas, Conexiones de agua en La Fortaleza",OSC,En ejecución,153868407.14,83,0.9574
Río Negro,San Carlos De Bariloche,2645,Sector de La Manzana 200,"Alumbrado, Red eléctrica, Conexiones eléctricas en Sector de La Manzana 200",Coop. de servicios,En ejecución,53242728.92,15,0.9562
Buenos Aires,General San Martín,1561,La Carcova,"Espacio verde,  Espacio educativo en La Carcova",OSC,En ejecución,212611068.63,2000,0.9554
Santa Fe,Rosario,1810,Parque Casas,"Veredas, Espacio verde, en Parque Casas",Municipio,En ejecución,59259083.00999998,200,0.955
Misiones,Leandro N Alem,3884,Espacio Verde,"Veredas, Cordón cuneta, Alumbrado, Red eléctrica, Conexiones eléctricas, Red de agua, Conexiones de agua, Conexiones a la cloaca, Núcleos húmedos en Espacio Verde",Provincia,En ejecución,278527104.2,200,0.9529
Buenos Aires,Almirante Brown,550/552,El Ombú II/Villa París,"Calles, Veredas, Cordón cuneta, Pluviales, Espacio verde,  Centro de recreación y deporte, Alumbrado en El Ombú II/Villa París",Municipio,En ejecución,178441351.07,65,0.9506
Entre Ríos,Paraná,2674,Cuatro de Junio,Conexiones eléctricas en Cuatro de Junio,OSC,En ejecución,38450236.98,74,0.95
Ciudad Autónoma de Buenos Aires,Ciudad Autónoma de Buenos Aires,2553,Saldías,"Veredas, Espacio verde,  Alumbrado, Conexiones eléctricas en Saldías",OSC,En ejecución,156928679.43,81,0.95
Buenos Aires,Villarino,1027,Primavera,"Calles, Veredas, Cordón cuneta, Pluviales, Espacio verde,  Alumbrado, Red de gas, Conexiones de gas en Primavera",Municipio,En ejecución,551019572.23,457,0.9412
Santiago del Estero,La Banda,3499,El Tabique,"Veredas, Conexiones eléctricas en El Tabique",OSC,En ejecución,136208011.68,70,0.9389
Chaco,Puerto Vilelas,2272,Paraje Las 3 Bocas,"Espacio verde, en Paraje Las 3 Bocas",OSC,En ejecución,51799286.5,105,0.9332
Salta,Salta Capital,2198,Las Colinas,"Veredas, Conexiones eléctricas en Las Colinas",OSC,En ejecución,199184002.1,100,0.9326
Misiones,Apóstoles,3935,Chesni,"Alumbrado, Red eléctrica, Red de agua, Conexiones de agua en Chesni",Provincia,En ejecución,249237791.24,554,0.9295
Buenos Aires,General Pueyrredón,795,Libertad,"Veredas, Conexiones eléctricas en Libertad",OSC,En ejecución,180021618.86,78,0.9277
Buenos Aires,Lomas de Zamora,72,Ocho de Diciembre,"Pluviales, Espacio verde,  Centro Verde en Ocho de Diciembre",OSC,En ejecución,292104972.03,230,0.9264
Jujuy,San Pedro De Jujuy,3250,Mina Puloy,"Veredas, Cordón cuneta, Red cloacal en Mina Puloy",Provincia,En ejecución,156289137.01999998,25,0.92
Santa Fe,Pérez,1867,Cabín 9,"Calles, Veredas, Pluviales, Red cloacal en Cabín 9",Municipio,En ejecución,703063871.48,1800,0.9198
Mendoza,Lavalle,3294,Belgrano,"Calles, Veredas, Cordón cuneta, Alumbrado, Conexiones de agua, Red cloacal, Conexiones a la cloaca en Belgrano",Municipio,En ejecución,148715836.24,86,0.9194
Buenos Aires,General Pueyrredón,4295,BP San Jacinto,"Espacio verde,  Centro comunitario en BP San Jacinto",OSC,En ejecución,1009619712.9100001,153,0.9193
Misiones,Garupá,2002,Gottchal,"Alumbrado, Red eléctrica, Red de agua, Conexiones de agua en Gottchal",Provincia,En ejecución,174820355.04,241,0.9179
Tierra del Fuego,Ushuaia,4202,11 de Noviembre,"Calles, Veredas, Cordón cuneta, Pluviales, Centro comunitario, Alumbrado, Red eléctrica en 11 de Noviembre",Provincia,En ejecución,140729134.25,30,0.917
Buenos Aires,San Nicolás,269,Evita,"Conexiones eléctricas, Conexiones de agua, Conexiones a la cloaca en Evita",OSC,En ejecución,61019821.92,48,0.917
Salta,Tartagal,2193,Kilómetro 6,"Veredas, Espacio verde,  Conexiones eléctricas en Kilómetro 6",OSC,En ejecución,427899911.25,1300,0.9112
Entre Ríos,Gualeguaychú,3648,Tropas,"Calles, Veredas, Cordón cuneta, Pluviales, Espacio verde,  Alumbrado, Conexiones eléctricas, Red de agua, Conexiones de agua, Red cloacal, Conexiones a la cloaca, Viviendas, Lotes en Tropas",Municipio,En ejecución,184440600.42,91,0.9085
San Luis,San Luis,2824,República,"Calles, Veredas, Cordón cuneta, Espacio verde,  Centro comunitario + Centro de recreación y deporte, Alumbrado, Red eléctrica, Conexiones eléctricas, Red de agua, Conexiones de agua, Red cloacal, Conexiones a la cloaca en República",Provincia,En ejecución,8165611282.73,1578,0.906
Tucumán,Tafí Viejo,4050,La Nina,"Conexiones eléctricas, Red de agua, Conexiones de agua, Red cloacal, Conexiones a la cloaca en La Nina",Municipio,En ejecución,170014690.67000002,100,0.9059
Chaco,Puerto Vilelas,2267/2209,Forestación sur/Ex Ferrocarril 1,"Calles, Pluviales, Espacio verde,  Centro comunitario, Alumbrado, Red eléctrica, Conexiones eléctricas, Red de agua, Conexiones a la cloaca en Forestación sur/Ex Ferrocarril 1",Municipio,En ejecución,345525401.53000003,80,0.9055
Santa Fe,Reconquista,4023,San Francisco,"Calles, Veredas, Cordón cuneta, Pluviales, Centro de recreación y deporte, Alumbrado, Red eléctrica, Red de agua, Conexiones de agua en San Francisco",Municipio,En ejecución,542858848.56,94,0.9049
Tucumán,San Miguel De Tucumán,2782,Alma Fuerte de Villa Urquiza,"Red de agua, Conexiones de agua, Conexiones a la cloaca, Núcleos húmedos en Alma Fuerte de Villa Urquiza",OSC,En ejecución,268487795.62,75,0.9037
Buenos Aires,General Pueyrredón,4249,El Caribe,Veredas en El Caribe,OSC,En ejecución,25683193.020000003,69,0.8981
Tucumán,San Miguel De Tucumán,2754,San Aníbal,"Conexiones eléctricas, Conexiones de agua, Conexiones a la cloaca, Núcleos húmedos en San Aníbal",OSC,En ejecución,250570930.67999998,45,0.8978
Ciudad Autónoma de Buenos Aires,Ciudad Autónoma de Buenos Aires,2597,Ramón Carrillo,"Calles, Veredas, Cordón cuneta, Red cloacal en Ramón Carrillo",Provincia,En ejecución,51271953.28,250,0.8963
Buenos Aires,La Matanza,1294,2 de Abril II,"Conexiones de agua, Conexiones a la cloaca en 2 de Abril II",OSC,En ejecución,40758273.25,28,0.8954
Corrientes,Corrientes,-,Dr. Montaña,"Calles, Veredas, Cordón cuneta, Pluviales, Alumbrado, Red de agua, Red cloacal, Lotes en Dr. Montaña",Provincia,En ejecución,522757141.34,678,0.8938999999999999
Buenos Aires,General Pueyrredón,306,Villa Evita,Veredas en Villa Evita,OSC,En ejecución,55329833.86,150,0.8931
Buenos Aires,La Matanza,-,Virrey del Pino ID 459,Lotes en Virrey del Pino ID 459,OSC,En ejecución,370256748.7941001,45,0.8916
Santa Fe,Santa Fe,3016,Abasto,Veredas en Abasto,OSC,En ejecución,114901647.73,250,0.8907
Buenos Aires,General Pueyrredón,2915,Villa Vertiz/Anexo Cariño,"Conexiones eléctricas, Conexiones de agua, Conexiones a la cloaca en Villa Vertiz/Anexo Cariño",OSC,En ejecución,55832095.92,46,0.8881
Salta,General Güemes,3115,Nueva Esperanza 2,"Conexiones eléctricas, Conexiones de agua en Nueva Esperanza 2",Provincia,En ejecución,613116138.06,263,0.8835
Buenos Aires,General Pueyrredón,4296,Santa Rosa del Mar,"Espacio verde,  Centro comunitario en Santa Rosa del Mar",OSC,En ejecución,157249846.64000002,150,0.8766
Buenos Aires,Zárate,1041,Villa Negri,"Alumbrado, Red eléctrica en Villa Negri",Coop. de servicios,En ejecución,127258767.07999998,633,0.8744
Buenos Aires,Almirante Brown,483/584/337/550,"Kanmar, Pueblo Unido, Almafuerte, El Ombú II","Veredas, Espacio verde,  Centro de recreación y deporte + Centro de recreación y deporte, Alumbrado en Kanmar, Pueblo Unido, Almafuerte, El Ombú II",OSC,En ejecución,374684290.88,410,0.8719
Jujuy,San Salvador De Jujuy,3194,Trece de Julio,Centro comunitario en Trece de Julio,OSC,En ejecución,65354820.29,33,0.8694
Buenos Aires,Chascomús,1387,San Cayetano,Espacio de salud en San Cayetano,Municipio,En ejecución,20787060.32,204,0.8671
Santa Fe,Santa Fe,2975,Los Troncos,Veredas en Los Troncos,OSC,En ejecución,105759193.67,400,0.8661
Buenos Aires,Merlo,-,Merlo/Coop.,"Calles, Veredas, Cordón cuneta, Pluviales, Espacio verde,  Centro comunitario + Centro de recreación y deporte, Alumbrado, Red eléctrica, Red de agua, Lotes en Merlo/Coop.",OSC,En ejecución,173621620.6,57,0.8649
Buenos Aires,Merlo,4546,Nueva Esperanza,"Veredas, Centro comunitario, Red eléctrica en Nueva Esperanza",OSC,En ejecución,89579540.88,75,0.8649
La Rioja,Capital,3054/3042,Mauro Peña/Circunvalación,"Veredas, Conexiones eléctricas, Conexiones de agua en Mauro Peña/Circunvalación",OSC,En ejecución,138893318.38,48,0.8605
Buenos Aires,La Matanza,281,Un Techo Para Todos,"Veredas, Espacio verde,  Espacio educativo en Un Techo Para Todos",OSC,En ejecución,710637227.13,250,0.8603
Buenos Aires,Zárate,252,Cementerio,"Alumbrado, Red eléctrica en Cementerio",Coop. de servicios,En ejecución,683192989.21,400,0.8583
Buenos Aires,La Matanza,1351,El Dorado,Conexiones de agua en El Dorado,Municipio,En ejecución,33968972.769999996,107,0.8572
Jujuy,Abra Pampa,4675,"La Esperanza ","Calles, Veredas, Cordón cuneta, Pluviales, Espacio verde,  Centro de recreación y deporte, Alumbrado, Red eléctrica, Conexiones eléctricas, Red de agua, Conexiones de agua, Red cloacal, Conexiones a la cloaca, Red de gas, Núcleos húmedos en La Esperanza ",Municipio,En ejecución,803348809.2099999,40,0.8566
Buenos Aires,Lanús,1469,Eva Perón,Espacio educativo + Centro de recreación y deporte en Eva Perón,OSC,En ejecución,681637970.8100001,287.09999999999997,0.856387176192565
Buenos Aires,Pergamino,571/1511,La 513 / Hernández,Red eléctrica en La 513 / Hernández,Coop. de servicios,En ejecución,219786946.34,133,0.8562
Entre Ríos,Concordia,3117,80 Viviendas 2,"Red de agua, Conexiones de agua, Red cloacal en 80 Viviendas 2",Municipio,En ejecución,126410366.03,110,0.8553
Mendoza,Las Heras,4532,Villa Clarita,Conexiones eléctricas en Villa Clarita,OSC,En ejecución,59692420.12,68,0.8543
Río Negro,General Roca,4509 / 4327,Colonia 17 de Octubre/Quinta 25,Conexiones eléctricas en Colonia 17 de Octubre/Quinta 25,OSC,En ejecución,483618713.06,200,0.8527
Tucumán,San Miguel De Tucumán,2790,Eucaliptus,"Veredas, Conexiones eléctricas en Eucaliptus",OSC,En ejecución,465169071.78999996,156,0.8526
Salta,Salta Capital,2199,Barrio Ceferino,"Veredas, Cordón cuneta, Espacio verde,  Conexiones de agua, Red cloacal, Conexiones a la cloaca en Barrio Ceferino",OSC,En ejecución,246910600.75,277,0.8521
Corrientes,Goya,4383/3599,Los Chakales - Esperanza,"Red eléctrica, Red de agua, Conexiones de agua en Los Chakales - Esperanza",Municipio,En ejecución,186123140.72,112,0.8511
Ciudad Autónoma de Buenos Aires,Ciudad Autónoma de Buenos Aires,2586,Barrio Fátima,"Veredas, Conexiones eléctricas en Barrio Fátima",OSC,En ejecución,94794982.64,2000,0.85
Misiones,Puerto Esperanza,3878,Bella Vista,"Calles, Veredas, Cordón cuneta, Espacio verde,  Centro comunitario, Alumbrado, Conexiones eléctricas, Red de agua, Conexiones de agua, Red cloacal, Conexiones a la cloaca en Bella Vista",Municipio,En ejecución,1035242841.28,260,0.8481
Santa Fe,Avellaneda,4184,Don Pedro,"Calles, Veredas, Cordón cuneta, Pluviales, Espacio verde,  Centro de recreación y deporte + Espacio educativo, Red de agua, Conexiones de agua, Red cloacal, Conexiones a la cloaca en Don Pedro",Municipio,En ejecución,920883422.49,170,0.8477
Buenos Aires,Merlo,1177,Loma Grande,Veredas en Loma Grande,OSC,En ejecución,137521507.45999998,600,0.8469
Buenos Aires,Pergamino,1501,Jorge Newbery,Red eléctrica en Jorge Newbery,Coop. de servicios,En ejecución,451729742.85,176,0.8446
Buenos Aires,Brandsen,326,Santa Isabel,"Veredas, Conexiones eléctricas en Santa Isabel",OSC,En ejecución,194137711.82999998,152,0.8386
Santa Fe,Rosario,1837,Nuevo Alberdi Oeste,"Red de agua, Conexiones de agua en Nuevo Alberdi Oeste",Municipio,En ejecución,312830010.24,900,0.8331
Mendoza,Lavalle,3388,Loteo Musri,"Calles, Veredas, Cordón cuneta, Alumbrado, Conexiones de agua, Red cloacal, Conexiones a la cloaca en Loteo Musri",Municipio,En ejecución,38513827.36,15,0.8319
Misiones,Puerto Rico,"5609/5610 ",Eucaliptal/Cantera,Centro Verde en Eucaliptal/Cantera,OSC,En ejecución,1000132429.61,47.4,0.8314
Santa Fe,Sauce Viejo,2968,Margarita,"Veredas, Alumbrado en Margarita",OSC,En ejecución,76676242.06,16,0.8282
Misiones,Puerto Iguazú,4180,2000 héctareas,Centro Verde en 2000 héctareas,OSC,En ejecución,1222318453.3,129,0.8254
Santa Fe,General Lagos,1844,La Mariposa,"Calles, Veredas, Cordón cuneta, Alumbrado, Red cloacal, Conexiones a la cloaca, Viviendas, Mejoramientos, Lotes en La Mariposa",Municipio,En ejecución,486710108.26,40,0.8233
Chubut,Comodoro Rivadavia,3564,Standard Norte,"Red de agua, Conexiones de agua, Red cloacal, Conexiones a la cloaca en Standard Norte",Coop. de servicios,En ejecución,991122298.55,732,0.8227
Buenos Aires,La Matanza,1437,José Luis Cabezas,"Conexiones de agua, Conexiones a la cloaca en José Luis Cabezas",Municipio,En ejecución,39127192.03,107,0.82
Buenos Aires,La Plata,77,Las Rosas,"Red de agua, Conexiones de agua en Las Rosas",Coop. de servicios,En ejecución,611396389.25,1212,0.8186
Buenos Aires,La Plata,1088,La Victoria,Veredas en La Victoria,OSC,En ejecución,146838646.38,200,0.8164
Buenos Aires,La Plata,97,"El Zanjón/""19 y 77""","Centro comunitario + Centro de recreación y deporte en El Zanjón/""19 y 77""",OSC,En ejecución,152028205.04,39,0.8102
Buenos Aires,Olavarría,-,Lotes con Servicios Barrio Dorrego/Ch. 398,"Calles, Veredas, Cordón cuneta, Pluviales, Espacio verde,  Alumbrado, Red eléctrica, Red de agua, Red de gas, Lotes en Lotes con Servicios Barrio Dorrego/Ch. 398",Municipio,En ejecución,285092915.3,112,0.8094
Chaco,9 de julio,3822,Quinta de ruiz,"Veredas, Conexiones eléctricas en Quinta de ruiz",OSC,En ejecución,330570677.62,248,0.8083
Corrientes,Mercedes,-,B° Merceditas,Lotes en B° Merceditas,Municipio,En ejecución,209418471.99,40,0.8037
Jujuy,San Pedro,4674,Nestor Kirchner,"Veredas, Conexiones eléctricas en Nestor Kirchner",OSC,En ejecución,251883417.91,539,0.8024
Mendoza,Guaymallén,3347,Barrio San Jorge,Centro de recreación y deporte en Barrio San Jorge,OSC,En ejecución,93848147.48,30,0.8009
Buenos Aires,General San Martín,2934,Barrio Independencia,"Conexiones eléctricas, Conexiones de agua en Barrio Independencia",OSC,En ejecución,135025798.98000002,85,0.8
Buenos Aires,Chivilcoy,174/374/5664,Barrio Blanco/Rojas/La victoria,"Veredas, Conexiones eléctricas, Conexiones de agua, Conexiones a la cloaca en Barrio Blanco/Rojas/La victoria",OSC,En ejecución,403061122.56,118,0.8
Buenos Aires,La Matanza,725,San Mariano,Conexiones de agua en San Mariano,Municipio,En ejecución,173359593.82999998,215,0.7992
Buenos Aires,La Plata,322,Cristo Rey,"Veredas, Conexiones eléctricas en Cristo Rey",OSC,En ejecución,377353456.35,200,0.7989
Santa Fe,Santa Fe,5890,Los Espinillos,"Veredas, Espacio verde,  Conexiones eléctricas en Los Espinillos",OSC,En ejecución,441935315.48,148,0.7981
Buenos Aires,Quilmes,1091,El Monte,"Espacio verde,  Centro comunitario + Centro de recreación y deporte en El Monte",OSC,En ejecución,256024641.61,611,0.7969
Buenos Aires,Moreno,1144,La Unión,Centro Verde en La Unión,OSC,En ejecución,448242353.23,96,0.7962
Buenos Aires,San Vicente,1320,Biocca,"Red de agua, Conexiones de agua en Biocca",Provincia,En ejecución,128327722.31,360,0.7945
Tucumán,Bella Vista,4419,Colonia Eucalipto,"Calles, Veredas, Cordón cuneta, Espacio verde,  Alumbrado, Red eléctrica, Conexiones eléctricas, Red de agua, Conexiones de agua, Red cloacal, Conexiones a la cloaca, Núcleos húmedos en Colonia Eucalipto",Municipio,En ejecución,959998763.76,110,0.7927
Santa Fe,Santa Fe,2985,Los Hornos,"Veredas, Cordón cuneta, Pluviales, Alumbrado, Red eléctrica, Red de agua, Conexiones de agua, Red cloacal, Conexiones a la cloaca en Los Hornos",Municipio,En ejecución,604083759.08,446,0.79223281
Mendoza,Luján de Cuyo,3362,Valle Encantado,Centro comunitario + Centro de recreación y deporte en Valle Encantado,OSC,En ejecución,131278075.69999999,87,0.7901
Buenos Aires,General Pueyrredón,875/876/1003/1017,Parque Peña,"Veredas, Conexiones eléctricas en Parque Peña",OSC,En ejecución,101669282.47,60,0.7891
Buenos Aires,Magdalena,2922,Monoblock,"Veredas, Cordón cuneta, Red de agua, Conexiones de agua, Red cloacal, Conexiones a la cloaca en Monoblock",Municipio,En ejecución,118954120.56,57,0.7871999999999999
Tierra del Fuego,Tolhuin,4641,"Provincias Unidas ","Veredas, Espacio verde,  Centro de recreación y deporte en Provincias Unidas ",Municipio,En ejecución,139262143.02,225,0.7867
Santa Fe,Pérez,1911,Villa América,"Calles, Veredas, Cordón cuneta, Red eléctrica, Red de agua, Conexiones de agua, Red cloacal, Conexiones a la cloaca en Villa América",Municipio,En ejecución,330430885.82,210,0.7842
Buenos Aires,Zárate,1096,Irigoyen,"Alumbrado, Red eléctrica en Irigoyen",Coop. de servicios,En ejecución,137545577.49,35,0.7818
Buenos Aires,Azul,4359,Villa Piazza Sur,"Calles, Cordón cuneta, Pluviales, Red cloacal en Villa Piazza Sur",Municipio,En ejecución,1341968171.5900002,35,0.78
Buenos Aires,La Matanza,4475,Los Paraguayos,"Veredas, Conexiones de agua en Los Paraguayos",OSC,En ejecución,46483968.18,40,0.7755
Santa Fe,Pérez,1787,Villa del Parque,"Calles, Veredas, Cordón cuneta, Red cloacal en Villa del Parque",Municipio,En ejecución,366625437.89,60,0.7740999999999999
Santiago del Estero,Suncho Corral,5944,Challua,Conexiones eléctricas en Challua,OSC,En ejecución,149112588.42,103,0.773
Buenos Aires,Escobar,1509,Villa La Esperanza,"Red de agua, Conexiones de agua, Red cloacal, Conexiones a la cloaca en Villa La Esperanza",Municipio,En ejecución,53454651.879999995,46,0.7727
Buenos Aires,Luján,966/5345,Lezica y B° Sin Nombre,"Veredas, Conexiones eléctricas en Lezica y B° Sin Nombre",OSC,En ejecución,232683107.22,93,0.769
Buenos Aires,Zárate,632,El Progreso,"Pluviales, Alumbrado, Conexiones eléctricas en El Progreso",Coop. de servicios,En ejecución,315340846.5,618,0.7683
Tucumán,Alderetes,4074,Virgen del Rosario,"Calles, Cordón cuneta, Pluviales, Alumbrado, Red de agua, Conexiones de agua, Red cloacal en Virgen del Rosario",Municipio,En ejecución,1869004336.7,596,0.766
Buenos Aires,La Matanza,1345/4476,Costa Azul/Yaraví,Conexiones de agua en Costa Azul/Yaraví,OSC,En ejecución,72365078.47999999,159,0.7643
Buenos Aires,La Matanza,1328,Los Ceibos II,Centro comunitario + Centro de recreación y deporte en Los Ceibos II,OSC,En ejecución,190070269.1,306,0.7614
Buenos Aires,Lomas de Zamora,1168,Diecisiete de Noviembre,"Veredas, Pluviales, Centro Verde, Red cloacal en Diecisiete de Noviembre",OSC,En ejecución,291420546.15,2698,0.7594
Corrientes,Monte Caseros,-,Monte Caseros ID 2,Lotes en Monte Caseros ID 2,OSC,En ejecución,670709930.1380001,57,0.7577
Tucumán,San Miguel De Tucumán,2766,Ampliación Federal,"Conexiones eléctricas, Conexiones de agua, Conexiones a la cloaca, Núcleos húmedos en Ampliación Federal",OSC,En ejecución,271205369.99,48,0.7544
Santa Fe,Rosario,1904,San Francisquito Vera Mujica,"Veredas, Conexiones eléctricas en San Francisquito Vera Mujica",OSC,En ejecución,286708397.54,215,0.75
La Pampa,25 De Mayo,4368/4367,Los Hornos│La Esperanza,"Red de agua, Conexiones de agua en Los Hornos│La Esperanza",Municipio,En ejecución,105574875.83,303,0.7495
Formosa,Formosa,3076,Simon Bolívar,"Calles, Veredas, Cordón cuneta, Pluviales, Espacio verde,  Espacio de salud + Centro comunitario, Alumbrado, Red eléctrica, Conexiones eléctricas, Conexiones de agua, Conexiones a la cloaca en Simon Bolívar",Provincia,En ejecución,3442577831.6022205,2600,0.7473222476165999
Tucumán,San Miguel De Tucumán,2763,Barrio Margaritas,"Conexiones eléctricas, Conexiones de agua, Conexiones a la cloaca, Núcleos húmedos en Barrio Margaritas",OSC,En ejecución,308905693.62,51,0.7465
Río Negro,Viedma,3726,Santa Clara,"Red de agua, Conexiones de agua, Red cloacal, Conexiones a la cloaca en Santa Clara",Municipio,En ejecución,26243489.759999998,83,0.7439
Buenos Aires,Mercedes,1159/1119/150/4760,El Álamo/Puente Plateado/Geo/Sin nombre,"Conexiones eléctricas, Conexiones a la cloaca, Núcleos húmedos en El Álamo/Puente Plateado/Geo/Sin nombre",OSC,En ejecución,430983948.03999996,49,0.7412
Buenos Aires,Pergamino,1511,Hernández,"Veredas, Espacio verde,  Centro de recreación y deporte, Alumbrado en Hernández",OSC,En ejecución,120541948.58,115,0.7411
Tucumán,San Miguel De Tucumán,4507,Ampliación Muñecas III,"Conexiones eléctricas, Conexiones de agua, Red cloacal, Núcleos húmedos en Ampliación Muñecas III",OSC,En ejecución,296108737.76,225,0.7366
Tucumán,San Miguel De Tucumán,2779,Ciudadela Norte,Núcleos húmedos en Ciudadela Norte,OSC,En ejecución,344499894.82,50,0.7366
Buenos Aires,Campana,1181,Las Praderas,"Veredas, Conexiones eléctricas en Las Praderas",OSC,En ejecución,164938631.68,275,0.7363
Córdoba,Córdoba Capital,4625,Felipe Varela,"Calles, Veredas, Cordón cuneta, Alumbrado, Red de agua, Conexiones de agua, Red cloacal, Lotes en Felipe Varela",Provincia,En ejecución,663851693.31,583,0.734597
Buenos Aires,La Matanza,1101,Gauchito Gil,"Conexiones de agua, Conexiones a la cloaca en Gauchito Gil",Municipio,En ejecución,46545731.050000004,91,0.7329
Chaco,Las Breñas,3821,Vía Norte,"Veredas, Centro comunitario + Centro de recreación y deporte en Vía Norte",OSC,En ejecución,214688492.46,30,0.7286
Buenos Aires,Bahía Blanca,652,Costa Blanca (Paloni),"Alumbrado, Red eléctrica, Conexiones eléctricas en Costa Blanca (Paloni)",Municipio,En ejecución,205519442.97,197,0.7275
Santa Fe,Santa Fe,3017,Alto Verde,Centro comunitario en Alto Verde,OSC,En ejecución,250450460.69,900,0.7186
Tucumán,San Miguel De Tucumán,4510,San Gabriel,Conexiones eléctricas en San Gabriel,OSC,En ejecución,234211981.65,157,0.7167
Formosa,Formosa,3067,El quebrachito,"Veredas, Conexiones eléctricas en El quebrachito",OSC,En ejecución,245861102.04,248,0.716
Río Negro,Allen,2497,"Islas Malvinas ","Red de gas, Conexiones de gas en Islas Malvinas ",Municipio,En ejecución,277874106.9,638,0.7132
Buenos Aires,San Vicente,680,San José 1,Conexiones eléctricas en San José 1,OSC,En ejecución,434545389.48,227,0.7115
Córdoba,Alta Gracia,1592,Primero de Mayo,"Veredas, Cordón cuneta, Alumbrado, Red eléctrica, Red de agua, Conexiones de agua, Núcleos húmedos en Primero de Mayo",Provincia,En ejecución,470386103.57,289,0.7114
Buenos Aires,San Vicente,1388,Villa Coll,"Veredas, Espacio verde,  Alumbrado en Villa Coll",Municipio,En ejecución,83783512.6,293,0.7095
Formosa,Formosa,3069,Doce de Octubre,Conexiones de agua en Doce de Octubre,OSC,En ejecución,159248752.55,230,0.7089
Santa Fe,Santa Fe,2985,los hornos,"Veredas, Conexiones de agua en los hornos",OSC,En ejecución,199556778.92,237,0.7052
Mendoza,Luján de Cuyo,3451,"Francisco ","Veredas, Cordón cuneta, Pluviales, Alumbrado, Red de agua, Conexiones de agua, Red cloacal, Conexiones a la cloaca en Francisco ",Provincia,En ejecución,444305528.01,75,0.7049
Río Negro,San Carlos De Bariloche,3748/4466/3745/3730/3753/3728/4932/4931/4930/4929/4362/373/3720,Barrio Luján/Laguna de Los Juncos/La Lagunita/Amancay/El Renoval/Alma Fuerte/Buena Vista/Braulio Cárdenas/Valle del Lindo/El Cipresal/Industrial/ Ex Promeba/ Ecobarrio,"Centro de recreación y deporte, Conexiones eléctricas en Barrio Luján/Laguna de Los Juncos/La Lagunita/Amancay/El Renoval/Alma Fuerte/Buena Vista/Braulio Cárdenas/Valle del Lindo/El Cipresal/Industrial/ Ex Promeba/ Ecobarrio",OSC,En ejecución,995005858.54,253,0.7045
Buenos Aires,Esteban Echeverría,751/263,San Ignacio/La Morita,"Calles, Veredas, Cordón cuneta, Alumbrado, Conexiones eléctricas, Conexiones de agua en San Ignacio/La Morita",Municipio,En ejecución,2889651611.49,4500,0.7045
Buenos Aires,General San Martín,630,Eucaliptus II,Conexiones de agua en Eucaliptus II,OSC,En ejecución,287222350.40999997,275,0.7041
Buenos Aires,Almirante Brown,584,Pueblo Unido,"Calles, Veredas, Pluviales, Red de agua, Conexiones de agua, Red cloacal, Conexiones a la cloaca en Pueblo Unido",OSC,En ejecución,1231849071.54,248,0.7024
Buenos Aires,Lomas de Zamora,1553,El Paredón,Centro comunitario en El Paredón,OSC,En ejecución,24449726.19,66,0.7023
Buenos Aires,General San Martín,1516,Altafini,"Conexiones eléctricas, Conexiones de agua, Conexiones a la cloaca en Altafini",OSC,En ejecución,80929412.57,54,0.7005
Buenos Aires,La Matanza,1353,Puerta de Hierro,"Veredas, Espacio verde,  Centro de recreación y deporte + Centro de recreación y deporte en Puerta de Hierro",OSC,En ejecución,1096190471.95,176,0.7002
Buenos Aires,General San Martín,4254,Villa Hidalgo,Conexiones de agua en Villa Hidalgo,OSC,En ejecución,310251959.71000004,299,0.7
Chaco,Resistencia,2278,La Rubita,"Calles, Veredas, Cordón cuneta, Pluviales, Red de agua, Conexiones de agua, Red cloacal, Conexiones a la cloaca, Viviendas, Lotes en La Rubita",Provincia,En ejecución,3833026681.3199997,2266,0.6944
Santa Fe,Rosario,1796,Santa Rosa,Veredas en Santa Rosa,OSC,En ejecución,87848304.99,440,0.6919
Buenos Aires,La Plata,65,Barrio Nuevo,"Espacio verde,  Centro comunitario en Barrio Nuevo",OSC,En ejecución,172983667.33,167,0.6902
Buenos Aires,San Andrés de Giles,183,Estación Solís,"Veredas, Pluviales, Centro de recreación y deporte en Estación Solís",Municipio,En ejecución,382547896.73,30,0.69
Salta,Rosario De Lerma,4312,Islas Malvinas,"Calles, Cordón cuneta, Pluviales en Islas Malvinas",Provincia,En ejecución,481573814.64000005,35,0.688
Buenos Aires,Moreno,928,Veintitrés de Diciembre,Conexiones eléctricas en Veintitrés de Diciembre,OSC,En ejecución,127220630.49,98,0.6879
Buenos Aires,Malvinas Argentinas,222,La Hoya,"Calles, Veredas, Cordón cuneta, Pluviales, Espacio verde,  Alumbrado, Red de agua, Conexiones de agua, Red cloacal, Conexiones a la cloaca en La Hoya",Municipio,En ejecución,991370854.58,160,0.68765
Santiago del Estero,La Banda,3525/4355,La Isla/Reconquista,"Espacio verde,  Centro de recreación y deporte en La Isla/Reconquista",OSC,En ejecución,457888111.17,237,0.684
Mendoza,San Carlos,3400/3401/3402,Valle Hermoso/Coronel Videla/Sin Nombre (Coronel Videla Oeste),"Calles, Veredas, Cordón cuneta, Red de agua, Conexiones de agua, Red de gas, Conexiones de gas en Valle Hermoso/Coronel Videla/Sin Nombre (Coronel Videla Oeste)",Municipio,En ejecución,515875295.11,179,0.6831999999999999
Misiones,Posadas,-,Posadas ID 152,Lotes en Posadas ID 152,OSC,En ejecución,502139221.14419997,30,0.6813
Jujuy,Palpalá,3204,Dieciocho de Noviembre,"Veredas, Centro comunitario en Dieciocho de Noviembre",OSC,En ejecución,183476546.68,60,0.6797
Buenos Aires,La Matanza,1217,El Tambo,"Conexiones de agua, Conexiones a la cloaca en El Tambo",OSC,En ejecución,124901377.84,162,0.6794
Ciudad Autónoma de Buenos Aires,Ciudad Autónoma de Buenos Aires,2581,"Los Piletones ","Conexiones eléctricas en Los Piletones ",OSC,En ejecución,214385855.58,165,0.6794
Buenos Aires,General San Martín,861,El Basural,Centro comunitario + Centro de recreación y deporte en El Basural,OSC,En ejecución,75344634.66,126,0.6769
Buenos Aires,La Plata,2,Malvinas II,"Veredas, Conexiones eléctricas en Malvinas II",OSC,En ejecución,344186475.15999997,160,0.6759
Buenos Aires,Escobar,1235,Amancay,Veredas en Amancay,OSC,En ejecución,133304821.49000001,468,0.6758
Buenos Aires,Tigre,423,El Garrote,"Conexiones eléctricas, Conexiones de agua en El Garrote",OSC,En ejecución,115354738.67,90,0.6755
Santiago del Estero,La Banda,3482,Río Dulce,"Veredas, Conexiones eléctricas, Conexiones a la cloaca, Conexiones de gas en Río Dulce",OSC,En ejecución,464626995.28,248,0.6724
Buenos Aires,Hurlingham,891,San Damián,"Veredas, Conexiones eléctricas, Red de agua, Conexiones de agua, Conexiones a la cloaca en San Damián",OSC,En ejecución,186803935.69,90,0.6686
Santiago del Estero,Santiago Del Estero,3527,Barrio General Paz,Centro comunitario en Barrio General Paz,OSC,En ejecución,164372134.93,145.2,0.6636
Buenos Aires,General San Martín,388,"La Rana ","Conexiones eléctricas en La Rana ",OSC,En ejecución,189881976.16,200,0.6589
Tucumán,Banda Del Río Salí,4088,La Ceramica,"Veredas, Espacio verde, en La Ceramica",OSC,En ejecución,141489903.5,100,0.6508
Chaco,Fontana,2347,Balastro II,"Conexiones eléctricas, Conexiones de agua, Núcleos húmedos en Balastro II",OSC,En ejecución,436045581.05,132,0.6494
Río Negro,Allen,2497,Islas Malvinas,"Veredas, Centro comunitario + Centro de recreación y deporte en Islas Malvinas",OSC,En ejecución,135306764.38,150,0.6484
Buenos Aires,Lanús,1462,Ilasa,"Veredas, Conexiones eléctricas en Ilasa",OSC,En ejecución,280631071.78,154,0.6456
Buenos Aires,General San Martín,4549,Ocho de Mayo,"Calles, Veredas, Cordón cuneta, Espacio de salud en Ocho de Mayo",Municipio,En ejecución,647881529.1700001,290,0.6443
Buenos Aires,Lomas de Zamora,72,Ocho de diciembre,Centro comunitario + Centro Verde + Centro Verde en Ocho de diciembre,OSC,En ejecución,1273196907.29,215,0.6436
Corrientes,Corrientes,2411,Dr. Montaña,"Calles, Cordón cuneta, Pluviales, Alumbrado, Conexiones eléctricas, Red de agua, Conexiones de agua, Red cloacal, Conexiones a la cloaca en Dr. Montaña",Provincia,En ejecución,964854257.4599999,356,0.6422
Córdoba,Capital,-,Capital III - Boulevares,"Calles, Veredas, Cordón cuneta, Red eléctrica, Red de agua, Red cloacal, Lotes en Capital III - Boulevares",OSC,En ejecución,134663696.05,36,0.6416
Neuquén,Vista Alegre,2455,Parque La Reserva,Conexiones eléctricas en Parque La Reserva,OSC,En ejecución,47564279.75,35,0.6405
Tucumán,Las Talitas,4097,Ampliación Nueva Esperanza,"Veredas, Pluviales, Conexiones eléctricas en Ampliación Nueva Esperanza",OSC,En ejecución,269460879.93,97,0.6377
Santa Fe,Reconquista,4024,Barrio Nuevo,Centro comunitario en Barrio Nuevo,Municipio,En ejecución,214420780.16,71.1,0.6373
Buenos Aires,Hurlingham,986,Mitre,"Veredas, Centro comunitario + Centro de recreación y deporte en Mitre",OSC,En ejecución,192820990,30,0.6371
Buenos Aires,La Matanza,754,9 de Mayo II,"Veredas, Conexiones eléctricas en 9 de Mayo II",OSC,En ejecución,353321908.15,155,0.6353
Buenos Aires,General Pueyrredón,-,Mar del Plata ID 145,Lotes en Mar del Plata ID 145,OSC,En ejecución,505799390.3107002,60,0.6347
Neuquén,Neuquén,2488/2483,26 de Agosto/Cuatro de Febrero,"Calles, Veredas, Cordón cuneta, Espacio verde,  Alumbrado, Red eléctrica, Red de agua, Conexiones de agua, Red cloacal, Conexiones a la cloaca, Red de gas, Viviendas, Lotes en 26 de Agosto/Cuatro de Febrero",Municipio,En ejecución,134082597.42,101,0.6334
Ciudad Autónoma de Buenos Aires,Ciudad Autónoma de Buenos Aires,2552,Rodrigo Bueno,Espacio educativo en Rodrigo Bueno,OSC,En ejecución,56481401.66,360,0.6319
Tucumán,Tafí Viejo,4119/4120/4121,"Divino Niño Jesús, Cortada de Matorel y Ampliación Meloni","Alumbrado, Red eléctrica, Conexiones eléctricas en Divino Niño Jesús, Cortada de Matorel y Ampliación Meloni",Municipio,En ejecución,88153329.00999999,138,0.6306
Buenos Aires,Lomas de Zamora,1165,Tres de Enero,"Conexiones eléctricas, Conexiones de agua en Tres de Enero",OSC,En ejecución,491444365.19,236,0.6298
Buenos Aires,Almirante Brown,19,Campo Ramos,"Veredas, Conexiones eléctricas en Campo Ramos",OSC,En ejecución,156738652.98000002,172,0.6287
Buenos Aires,La Plata,8,La Fabrica,"Veredas, Conexiones eléctricas en La Fabrica",OSC,En ejecución,139829592.94,108,0.6269
Buenos Aires,San Vicente,1341,La Laurita,"Calles, Veredas, Conexiones eléctricas en La Laurita",OSC,En ejecución,209514598.53,47,0.6264
Santa Fe,Reconquista,4024,Barrio Nuevo,"Calles, Veredas, Cordón cuneta, Pluviales, Espacio verde,  Alumbrado, Red eléctrica, Red de agua, Conexiones de agua en Barrio Nuevo",Municipio,En ejecución,737319582.22,1300,0.6246
Buenos Aires,General San Martín,2934,Barrio Independencia,"Espacio verde,  Centro comunitario + Centro de recreación y deporte en Barrio Independencia",Municipio,En ejecución,469990033.04000014,1750,0.6239
Santa Fe,Santa Fe,2989/3039,Transporte/Villa Elsa,"Red de agua, Conexiones de agua, Red cloacal, Conexiones a la cloaca en Transporte/Villa Elsa",Municipio,En ejecución,663240855.72,347,0.6232
Entre Ríos,Gualeguay,3637,Evita,"Calles, Veredas, Red de agua, Conexiones de agua, Red cloacal, Conexiones a la cloaca en Evita",Municipio,En ejecución,180277621.21,50,0.6223
Córdoba,Córdoba Capital,1645,Villa Capullo,"Veredas, Conexiones eléctricas, Núcleos húmedos en Villa Capullo",OSC,En ejecución,432745093.52,153,0.622
Buenos Aires,La Plata,97,"El Zanjón/""19 y 77""","Centro comunitario en El Zanjón/""19 y 77""",OSC,En ejecución,141136490.72,39,0.6214
Buenos Aires,Escobar,1522,Villa Alegre,"Calles, Cordón cuneta, Pluviales, Espacio verde,  Conexiones eléctricas, Red de agua, Conexiones de agua, Red cloacal, Conexiones a la cloaca en Villa Alegre",Municipio,En ejecución,687188245.55,174,0.6212
Buenos Aires,San Fernando,1440,La Esperanza,Conexiones eléctricas en La Esperanza,OSC,En ejecución,84073178.86,53,0.6198
Buenos Aires,San Fernando,700,Ferroviario,"Conexiones eléctricas, Conexiones de agua en Ferroviario",OSC,En ejecución,281038200.31,143,0.6193
Buenos Aires,La Matanza,1349,Nicoll,"Veredas, Conexiones de agua en Nicoll",OSC,En ejecución,320941334.08,750,0.6187
Buenos Aires,Quilmes,787,Barracas de Cambaceres,"Veredas, Conexiones de agua, Conexiones a la cloaca en Barracas de Cambaceres",OSC,En ejecución,107929871.57,208,0.6179
Buenos Aires,Pilar,-,Pilar ID 468,Lotes en Pilar ID 468,OSC,En ejecución,5301283334.3235,746,0.6158
Tucumán,San Miguel De Tucumán,4507,Ampliación Muñecas III,"Veredas, Conexiones eléctricas en Ampliación Muñecas III",OSC,En ejecución,133275762.11,225,0.6157
Buenos Aires,General San Martín,625,Costa Esperanza,"Calles, Veredas, Pluviales, Espacio verde,  Alumbrado en Costa Esperanza",Municipio,En ejecución,424598400.65999997,1200,0.6151
Chubut,Trelew,3533/3538,Moreira 3 y Moreira 4,"Conexiones eléctricas, Conexiones de agua, Conexiones a la cloaca, Núcleos húmedos en Moreira 3 y Moreira 4",OSC,En ejecución,1042823231.85,311,0.615
Buenos Aires,San Isidro,397/1174,"La Cava/ Veinte de Junio ","Veredas, Pluviales en La Cava/ Veinte de Junio ",OSC,En ejecución,298264805.76,1421,0.6143
Buenos Aires,La Matanza,1335,El Trébol,"Pluviales, Centro de recreación y deporte en El Trébol",OSC,En ejecución,128188172.88,335,0.6136
Buenos Aires,General Pueyrredón,4353/681,La Serranita/Villa del Parque,"Veredas, Conexiones eléctricas en La Serranita/Villa del Parque",OSC,En ejecución,413420064.81,107,0.6123
San Juan,Rawson,2854,Alfonso 13,"Conexiones de agua, Conexiones a la cloaca, Núcleos húmedos en Alfonso 13",OSC,En ejecución,552962865.78,50,0.6123
Buenos Aires,La Matanza,555,Barrio Sarmiento,Conexiones de agua en Barrio Sarmiento,Municipio,En ejecución,210550307.51,119,0.6119
Jujuy,San Salvador De Jujuy,3268,Loteo Barcena Sur,"Veredas, Conexiones eléctricas en Loteo Barcena Sur",OSC,En ejecución,170067406.92,173,0.6116
Río Negro,Cipolletti,4834/4835,Obrero A y B,"Veredas, Cordón cuneta, Pluviales en Obrero A y B",OSC,En ejecución,920688088.83,384,0.6116
Buenos Aires,Avellaneda,2871,"La Tierrita ","Conexiones eléctricas, Conexiones de agua en La Tierrita ",OSC,En ejecución,93306922.78999999,57,0.6112
Chaco,Fontana,2306,Balastro 1,"Conexiones eléctricas, Conexiones de agua en Balastro 1",OSC,En ejecución,233105906.09,144,0.6106
Entre Ríos,La Paz,4173,La Ribera,"Alumbrado, Red eléctrica, Red cloacal en La Ribera",OSC,En ejecución,417158022.73,150,0.6102
Córdoba,Córdoba Capital,-,Córdoba ID 533,Lotes en Córdoba ID 533,OSC,En ejecución,1549079175.5737996,195,0.6101
Formosa,Ingeniero Juárez,3704,Barrio Norte,"Veredas, Conexiones de agua en Barrio Norte",OSC,En ejecución,152063153.67,140,0.61
Mendoza,San Martín,-,San Martín - Palmira ID 462,Lotes en San Martín - Palmira ID 462,OSC,En ejecución,636706111.3979,74,0.6094
Córdoba,Córdoba Capital,4285,El Milagro,Centro comunitario + Espacio educativo en El Milagro,OSC,En ejecución,495251540.44,50,0.609
Córdoba,Córdoba Capital,4277,Parque Las Rosas,Veredas en Parque Las Rosas,OSC,En ejecución,157900241.04,50,0.6087
Buenos Aires,Cañuelas,4484,La Pradera,"Veredas, Centro comunitario en La Pradera",OSC,En ejecución,608945868.1700001,358,0.6078
Buenos Aires,General Pueyrredón,-,Fortunato de la Plaza,Viviendas en Fortunato de la Plaza,OSC,En ejecución,661723827.85,50,0.6071
Río Negro,San Carlos De Bariloche,2648,Alun Ruca,Espacio educativo en Alun Ruca,OSC,En ejecución,314202339.98,158.4,0.606
Chubut,Trelew,3533/3538,Moreira 3/Moreira 4,"Veredas, Pluviales, Espacio verde,  Centro comunitario + Centro de recreación y deporte, Alumbrado, Red de agua, Red cloacal, Red de gas en Moreira 3/Moreira 4",OSC,En ejecución,1317709966.1100001,230,0.606
Buenos Aires,Florencio Varela,487,La Esperanza,Veredas en La Esperanza,OSC,En ejecución,192576306.48,395,0.6059
Córdoba,Córdoba Capital,1635,Seis de Agosto,Centro comunitario en Seis de Agosto,OSC,En ejecución,107125770.01,60,0.6057
Buenos Aires,Lomas de Zamora,886,"Soledad ","Veredas, Conexiones eléctricas en Soledad ",OSC,En ejecución,194929314.73000002,185,0.6056
Río Negro,Cipolletti,4237,Nuevo Ferri,Veredas en Nuevo Ferri,OSC,En ejecución,184187707.38,350,0.6052
Tierra del Fuego,Ushuaia,2953/2954/2955/2956/2957,"Sector KYD: Barrio Obrero; Escondido; El mirador; Esperanza 2; El cañadon ","Calles, Viviendas, Lotes en Sector KYD: Barrio Obrero; Escondido; El mirador; Esperanza 2; El cañadon ",Municipio,En ejecución,620873432.6199999,657,0.6045
Entre Ríos,Concordia,3121,Llamarada,"Veredas, Conexiones de agua, Conexiones a la cloaca en Llamarada",OSC,En ejecución,597233567,166,0.6045
Buenos Aires,Berisso,378,Santa Cruz,"Veredas, Conexiones eléctricas en Santa Cruz",OSC,En ejecución,416279136.48,350,0.6039
Santa Fe,Santa Fe,2979,Doce de Octubre,"Espacio verde,  Centro comunitario en Doce de Octubre",OSC,En ejecución,180120194.9,440,0.6038
Buenos Aires,Almirante Brown,274,Las latitas,Centro Verde en Las latitas,OSC,En ejecución,1254777161.13,218,0.6034
Buenos Aires,La Plata,-,Altos de San Lorenzo ID 547,Lotes en Altos de San Lorenzo ID 547,OSC,En ejecución,1992522138.9814997,248,0.6033
Buenos Aires,Presidente Perón,1506,San Roque,"Veredas, Pluviales, Espacio verde, en San Roque",OSC,En ejecución,64656936.86,150,0.6033
Buenos Aires,Campana,1456,San Cayetano,"Veredas, Espacio verde,  Centro de recreación y deporte en San Cayetano",OSC,En ejecución,182434159.98,175,0.6033
Buenos Aires,Ensenada,828/1572,Eucaliptus/Villa Catella,"Veredas, Pluviales, Red de agua, Conexiones de agua, Conexiones a la cloaca en Eucaliptus/Villa Catella",Municipio,En ejecución,925822607.11,353,0.6029
Buenos Aires,La Plata,468,La Aceitera,"Veredas, Conexiones eléctricas en La Aceitera",OSC,En ejecución,152690668.2,117,0.6028
Santa Fe,Rosario,1756,Villa Banana,"Veredas, Conexiones eléctricas en Villa Banana",OSC,En ejecución,170372382.36,605,0.6027
Córdoba,Córdoba Capital,1677,Nueva Esperanza,Centro comunitario en Nueva Esperanza,OSC,En ejecución,352286652.31,240,0.6021
Buenos Aires,La Matanza,5293,Diecisiete de Septiembre,Centro Verde en Diecisiete de Septiembre,OSC,En ejecución,2150632220.28,495,0.602
Santa Fe,Reconquista,4028,Loteo Belen,"Veredas, Centro comunitario + Centro de recreación y deporte en Loteo Belen",OSC,En ejecución,284807787.28,215,0.6019
Buenos Aires,Berisso,547,Santa Teresita II,"Calles, Veredas, Cordón cuneta, Espacio verde,  Alumbrado, Red de agua, Conexiones de agua en Santa Teresita II",Municipio,En ejecución,787627738.48,292,0.6019
Buenos Aires,Florencio Varela,400,Villa Hudson Fondo,"Conexiones eléctricas, Conexiones de agua en Villa Hudson Fondo",OSC,En ejecución,72118033.22,50,0.6018
Buenos Aires,Tandil,594,Villa Laza,Veredas en Villa Laza,OSC,En ejecución,79438514.46,58,0.6018
Neuquén,Neuquén,2440/2478,Valentina Norte Rural Sector Los Hornos/ Barrio Alma Fuerte 2,Red eléctrica en Valentina Norte Rural Sector Los Hornos/ Barrio Alma Fuerte 2,Coop. de servicios,En ejecución,173890521.66,140,0.6018
Buenos Aires,General Rodríguez,1147,Parque Granaderos,Conexiones eléctricas en Parque Granaderos,OSC,En ejecución,279746630.24,145,0.6017
Santa Fe,Rosario,1804,Las Flores Sur,Conexiones de agua en Las Flores Sur,OSC,En ejecución,96436207.01,129,0.6015
Buenos Aires,La Matanza,1560,El Bajo,"Veredas, Pluviales, Red eléctrica, Conexiones eléctricas, Red de agua, Conexiones de agua, Red cloacal, Conexiones a la cloaca, Núcleos húmedos en El Bajo",OSC,En ejecución,636219778.69,68,0.6015
Buenos Aires,San Miguel,1451,Santa Brígida,Conexiones eléctricas en Santa Brígida,OSC,En ejecución,108994580.05,156,0.6013
Neuquén,Neuquén,2477,Loteo Social 2,"Veredas, Conexiones eléctricas en Loteo Social 2",OSC,En ejecución,148792865.83,66,0.6012
Buenos Aires,Florencio Varela,377,Los Tronquitos 1,"Veredas, Conexiones eléctricas en Los Tronquitos 1",OSC,En ejecución,237875616.16,700,0.6012
Buenos Aires,Lomas de Zamora,1166,Primero de Octubre,"Espacio verde,  Centro de recreación y deporte en Primero de Octubre",Municipio,En ejecución,299883700.05,250,0.601
Santiago del Estero,La Banda,3511,IV Centenario,Pluviales en IV Centenario,OSC,En ejecución,181879881.84,116,0.6009
Buenos Aires,Tigre,1466,Aguirre,"Conexiones eléctricas, Conexiones de agua en Aguirre",OSC,En ejecución,104963754.08,54,0.6008
Santa Fe,Reconquista,4023,San Francisco de Asis,"Red de agua, Conexiones de agua, Conexiones a la cloaca en San Francisco de Asis",Municipio,En ejecución,254494410.06,94,0.6006
Entre Ríos,Paraná,2685,San Martín,Conexiones eléctricas en San Martín,OSC,En ejecución,260934753.21,125,0.6005
Buenos Aires,Escobar,-,Escobar ID 577,Lotes en Escobar ID 577,OSC,En ejecución,1388753977.9499,186,0.6005
Río Negro,San Carlos De Bariloche,2646,Unión,Centro comunitario en Unión,OSC,En ejecución,64739457.76,30,0.6005
Buenos Aires,Quilmes,4241,San Cayetano,Centro comunitario + Centro de recreación y deporte en San Cayetano,OSC,En ejecución,348981871.41999996,35.1,0.6005
Buenos Aires,Almirante Brown,197,Villa París,Espacio productivo en Villa París,OSC,En ejecución,264280637.66000003,83,0.6004
Formosa,Formosa,3057,Laura Vicuña,"Veredas, Cordón cuneta, Espacio verde,  Centro de recreación y deporte, Alumbrado en Laura Vicuña",Municipio,En ejecución,102605026.97,75,0.6004
La Rioja,Capital,3046,Loteo San Andrés,"Conexiones de agua, Conexiones a la cloaca, Núcleos húmedos en Loteo San Andrés",Municipio,En ejecución,243470019.49,49,0.6004
Tucumán,Famaillá,4042/4112,San Francisco- Badaguer,"Calles, Cordón cuneta, Núcleos húmedos en San Francisco- Badaguer",Municipio,En ejecución,446317029.27,69,0.6003
Tucumán,Tapia,6053,"Vipos de Arriba ","Veredas, Espacio verde,  Centro de recreación y deporte en Vipos de Arriba ",Municipio,En ejecución,204916138.68,30,0.6003
Buenos Aires,La Matanza,5290/1101,Barrio Veintiocho de Octubre/Barrio Gauchito Gil,"Pluviales, Centro de recreación y deporte, Red de agua, Red cloacal en Barrio Veintiocho de Octubre/Barrio Gauchito Gil",OSC,En ejecución,3365781707.3899994,172,0.6003
Ciudad Autónoma de Buenos Aires,Ciudad Autónoma de Buenos Aires,2603,La Carbonilla,Conexiones eléctricas en La Carbonilla,OSC,En ejecución,224406959,175,0.6001
Santa Fe,Santa Rosa De Calchines,2970,Los Zapallos,Centro comunitario + Centro de recreación y deporte en Los Zapallos,Municipio,En ejecución,104885287.38,30,0.6001
Buenos Aires,Esteban Echeverría,716/1407,Siglo XX/La Paz,"Centro comunitario, Conexiones de agua, Conexiones a la cloaca en Siglo XX/La Paz",OSC,En ejecución,340968828.6,218,0.6
Tucumán,San Felipe y Santa Bárbara,4137,Ampliación Miguel Lillo,Veredas en Ampliación Miguel Lillo,Provincia,En ejecución,132290970.65,150,0.6
Río Negro,El Bolsón,3749,La Aldea,"Veredas, Espacio productivo en La Aldea",OSC,En ejecución,938889868.4,30,0.6
Santa Fe,Rosario,1786,Los Pumitas,Conexiones eléctricas en Los Pumitas,OSC,En ejecución,155846432.03,181,0.6
Tucumán,San Miguel De Tucumán,2745,ATE,Veredas en ATE,Provincia,En ejecución,114569986.93,325,0.6
Mendoza,San Martín,3452,Nestor Kirchner,"Veredas, Conexiones eléctricas en Nestor Kirchner",OSC,En ejecución,401858696.17,200,0.6
Buenos Aires,Lomas de Zamora,273,Santa Catalina,Espacio productivo + Espacio educativo + Centro comunitario en Santa Catalina,OSC,En ejecución,933243127.99,2591,0.5997
Buenos Aires,Almirante Brown,1430/4242,Ciudad Oculta/Betharram,"Calles, Veredas, Cordón cuneta, Pluviales en Ciudad Oculta/Betharram",Municipio,En ejecución,2378902260.36,253,0.5944
Entre Ríos,Concordia,3156,Los Pájaros,Conexiones eléctricas en Los Pájaros,Municipio,En ejecución,24021567.64,80,0.5919
Buenos Aires,General Pueyrredón,-,"Fortunato de la Plaza - 2 etapa ","Veredas, Cordón cuneta, Red eléctrica, Red de gas, Lotes en Fortunato de la Plaza - 2 etapa ",OSC,En ejecución,167883592.76,64,0.5879
Buenos Aires,Escobar,1235/1533,Amancay/Amancay II,"Veredas, Espacio verde,  Centro de recreación y deporte en Amancay/Amancay II",Municipio,En ejecución,235296855.76999998,425,0.5879
Jujuy,San Salvador De Jujuy,3233/3232,Mirador 2 / El Mirador Bis,"Calles, Veredas, Cordón cuneta, Alumbrado, Red eléctrica, Red de agua, Conexiones de agua, Red cloacal en Mirador 2 / El Mirador Bis",Provincia,En ejecución,285282062.96000004,124,0.5866
Buenos Aires,Moreno,925/1496/1529,Pages / Puente Roca I / Puente Roca II,"Espacio verde,  Alumbrado en Pages / Puente Roca I / Puente Roca II",Municipio,En ejecución,627728658.64,1401,0.5847
Buenos Aires,Quilmes,2924,IAPI,Veredas en IAPI,Municipio,En ejecución,213655140.43,425,0.5833
Formosa,Formosa,3091/4505,San Juan I/San Juan II,Pluviales en San Juan I/San Juan II,Municipio,En ejecución,493603207.13,255,0.583
Buenos Aires,General San Martín,1561,La Carcova,"Centro comunitario + Centro de recreación y deporte, Conexiones de agua, Conexiones de gas, Núcleos húmedos en La Carcova",OSC,En ejecución,88094260.82,1200,0.58
Buenos Aires,Marcos Paz,1190,Martín Fierro,"Calles, Veredas, Cordón cuneta, Pluviales, Conexiones a la cloaca en Martín Fierro",Municipio,En ejecución,1627872542.81,169,0.5732999999999999
Buenos Aires,General Pueyrredón,-,Fortunato de la Plaza,Viviendas en Fortunato de la Plaza,OSC,En ejecución,84659438.67,6,0.5702
Santiago del Estero,La Banda,3519,Sarmiento,"Cordón cuneta, Pluviales, Red cloacal, Conexiones a la cloaca en Sarmiento",Municipio,En ejecución,436506571.85,556,0.5682
Córdoba,Córdoba Capital,4277,Parque Las Rosas,"Calles, Veredas, Cordón cuneta, Pluviales, Alumbrado, Red eléctrica, Conexiones eléctricas, Red cloacal, Conexiones a la cloaca, Red de gas, Conexiones de gas en Parque Las Rosas",Provincia,En ejecución,494025417.34999996,140,0.5676
Misiones,San Vicente,2024,Veinticinco de Mayo,"Calles, Cordón cuneta, Alumbrado, Red eléctrica, Red de agua, Conexiones de agua, Conexiones a la cloaca en Veinticinco de Mayo",Municipio,En ejecución,975699498.2600001,364,0.5657000000000001
Buenos Aires,General San Martín,1213,Martín Fierro,"Calles, Veredas, Pluviales, Espacio verde,  Centro comunitario, Alumbrado, Conexiones eléctricas, Red de agua, Conexiones de agua, Red cloacal, Conexiones a la cloaca en Martín Fierro",Municipio,En ejecución,1223220803.02,386,0.5614999999999999
Buenos Aires,Almirante Brown,1412,Catorce de Febrero,"Veredas, Espacio verde, en Catorce de Febrero",OSC,En ejecución,135940753.44,323,0.5597
Buenos Aires,Tigre,56,Gallardo y 9 de Julio,"Veredas, Conexiones eléctricas en Gallardo y 9 de Julio",OSC,En ejecución,129650660.49,118,0.5597
Buenos Aires,La Plata,35,San Cayetano,"Espacio verde,  Centro comunitario + Centro comunitario en San Cayetano",OSC,En ejecución,370538682.58,121,0.5566
Santa Fe,Reconquista,-,Reconquista ID 76,Lotes en Reconquista ID 76,OSC,En ejecución,1133101090.2577002,68,0.5539
Misiones,Puerto Libertad,3917,Veintiseis de Octubre,"Calles, Veredas, Cordón cuneta, Espacio verde,  Centro comunitario, Alumbrado, Red eléctrica, Red de agua, Conexiones de agua, Núcleos húmedos en Veintiseis de Octubre",Municipio,En ejecución,937609640.4399999,47,0.5529
Buenos Aires,Merlo,4574,Los Eucaliptus,Veredas en Los Eucaliptus,Municipio,En ejecución,33815031.97,10,0.5516
Santa Fe,Santa Fe,2986,Barrio Cabal,"Veredas, Centro Verde en Barrio Cabal",OSC,En ejecución,1825541782.53,149,0.5508
Tucumán,Las Talitas,4096,Los Sánchez,"Calles, Cordón cuneta, Alumbrado, Red de agua, Conexiones de agua, Red cloacal en Los Sánchez",Municipio,En ejecución,399157940.64,110,0.5503
Buenos Aires,General Pueyrredón,4295,San Jacinto,"Veredas, Centro comunitario, Conexiones eléctricas, Red cloacal en San Jacinto",OSC,En ejecución,1133059682.61,153,0.55
Misiones,Wanda,3908,San Francisco,"Red de agua, Conexiones de agua, Núcleos húmedos, Viviendas, Lotes en San Francisco",Municipio,En ejecución,1580937167.6799998,104,0.5463
Jujuy,Palpalá,3269,Las Tipas 2,"Calles, Conexiones de agua, Conexiones a la cloaca en Las Tipas 2",Municipio,En ejecución,287372025.49,449,0.5402
Buenos Aires,Quilmes,1566,El Fortín,"Veredas, Conexiones eléctricas en El Fortín",OSC,En ejecución,290811439.36,174,0.5341
Buenos Aires,Berisso,378,Santa Cruz,Centro Verde en Santa Cruz,OSC,En ejecución,3792863324.35,238,0.5317
Buenos Aires,Olavarría,4759,Matadero,"Veredas, Espacio verde,  Centro de recreación y deporte, Conexiones eléctricas, Conexiones de agua en Matadero",OSC,En ejecución,357735900.11,75,0.53
Buenos Aires,La Plata,2873,El Mercadito,"Espacio verde, en El Mercadito",OSC,En ejecución,165978944.86,94,0.5265
Buenos Aires,Florencio Varela,989,Dos de Febrero,"Veredas, Pluviales en Dos de Febrero",OSC,En ejecución,158177055.34,165,0.5239
Buenos Aires,Carmen de Patagones,1120,Villa del Carmen,"Calles, Veredas, Cordón cuneta, Centro comunitario, Red eléctrica, Red de agua, Conexiones de agua, Red cloacal en Villa del Carmen",Municipio,En ejecución,563178565.65,210,0.5181
Buenos Aires,Luján,593,Padre Varela,"Espacio verde,  Espacio productivo en Padre Varela",OSC,En ejecución,628743697.69,275,0.5168
Río Negro,Cipolletti,2537,Diez de Enero,"Pluviales, Centro de recreación y deporte, Red de agua en Diez de Enero",OSC,En ejecución,63926814.88,36,0.5096
Santiago del Estero,Monte Quemado,3508,Barrio Municipal,"Veredas, Conexiones eléctricas en Barrio Municipal",OSC,En ejecución,248716937.4,100,0.5096
Catamarca,San Fernando Del Valle De Catamarca,2736,Loteo Suxe,"Conexiones eléctricas, Red de agua, Conexiones de agua, Núcleos húmedos en Loteo Suxe",Provincia,En ejecución,297955335.63,56,0.5077
Buenos Aires,Moreno,1032,La Porteña,"Calles, Veredas, Espacio verde,  Centro comunitario, Alumbrado en La Porteña",OSC,En ejecución,248770997.74,108,0.5037
Buenos Aires,Escobar,1235,Amancay,"Veredas, Centro comunitario en Amancay",OSC,En ejecución,100299138.5,425,0.503
Buenos Aires,Tres de Febrero,1025/1028,Once de Septiembre/Puerta 8,"Veredas, Conexiones eléctricas en Once de Septiembre/Puerta 8",Municipio,En ejecución,118974513.69,195,0.5025
Buenos Aires,Zárate,602,La Esperanza,"Calles, Veredas, Pluviales, Red de agua, Conexiones de agua en La Esperanza",Municipio,En ejecución,411039335.49,270,0.502
Chaco,Fontana,2318,Barrio Quebracho,"Conexiones eléctricas, Conexiones de agua en Barrio Quebracho",OSC,En ejecución,209590780.49,58,0.5006
Misiones,Montecarlo,-,"Barrio Malvinas ","Calles, Veredas, Cordón cuneta, Espacio verde,  Alumbrado, Red eléctrica, Red de agua, Red cloacal, Lotes en Barrio Malvinas ",Municipio,En ejecución,553794768.1899999,247,0.5004
Buenos Aires,General San Martín,644,Ciudad de Dios,"Veredas, Centro de recreación y deporte, Alumbrado en Ciudad de Dios",OSC,En ejecución,91069175.38,95,0.5
Tucumán,San Miguel De Tucumán,2745,ATE,"Conexiones eléctricas, Conexiones de agua, Conexiones a la cloaca, Núcleos húmedos en ATE",OSC,En ejecución,712630606.89,153,0.5
Formosa,Formosa,3076,Simon Bolívar,"Espacio verde,  Centro de recreación y deporte en Simon Bolívar",Municipio,En ejecución,300585829.22,1300,0.5
Buenos Aires,General San Martín,945,Nueve de Julio,Conexiones de agua en Nueve de Julio,OSC,En ejecución,132340217.95,187,0.5
Mendoza,Las Heras,-,Gral. San Martín,"Calles, Veredas, Cordón cuneta, Espacio verde,  Centro comunitario + Centro de recreación y deporte, Lotes en Gral. San Martín",OSC,En ejecución,513853906.07,120,0.4981
Córdoba,Córdoba Capital,1639/1644/4285,Barrio Angelelli / Doce de Septiembre / El Milagro,"Calles, Veredas, Cordón cuneta, Alumbrado, Red eléctrica, Conexiones eléctricas, Red de agua, Conexiones de agua, Red cloacal, Conexiones a la cloaca, Viviendas, Lotes en Barrio Angelelli / Doce de Septiembre / El Milagro",Provincia,En ejecución,2041401398.06,671,0.4915
Buenos Aires,Escobar,462,Villa Bote,Conexiones eléctricas en Villa Bote,OSC,En ejecución,115769579.05,77,0.4886
Buenos Aires,Cañuelas,-,Cañuelas ID 498,Lotes en Cañuelas ID 498,OSC,En ejecución,8022723702.8864,500,0.4859
Jujuy,Los Alisos,3238,Laura Ruth Navea,Conexiones eléctricas en Laura Ruth Navea,OSC,En ejecución,195788982.27,158,0.4842
Catamarca,Valle Viejo,2729,Los Plateados,"Veredas, Conexiones eléctricas en Los Plateados",OSC,En ejecución,162591788.82,200,0.4823
Buenos Aires,Baradero,4310/4311,Tobares/ Don Pedro,"Red de agua, Conexiones de agua, Conexiones a la cloaca en Tobares/ Don Pedro",Municipio,En ejecución,121724321.08,166,0.479
Entre Ríos,Concepción Del Uruguay,3674,Villa Itapé,"Calles, Cordón cuneta, Alumbrado, Red de agua, Conexiones de agua, Red cloacal, Viviendas, Lotes en Villa Itapé",Municipio,En ejecución,1252565992.57,36,0.4783
Río Negro,Cipolletti,2537,Diez de Enero,Conexiones eléctricas en Diez de Enero,OSC,En ejecución,80337332.8,122,0.4783
Santa Fe,Villa Constitución,4193/4194,Santa Teresita y Prefectura,Espacio productivo en Santa Teresita y Prefectura,Municipio,En ejecución,43349000,116,0.4766
Jujuy,San Salvador De Jujuy,3252/5422,Nueve de Julio/Veintiocho de mayo,"Veredas, Conexiones eléctricas en Nueve de Julio/Veintiocho de mayo",OSC,En ejecución,196111703.52,187,0.4717
Buenos Aires,General San Martín,103/945,Plazoleta 9 de Julio / Nueve de Julio,"Veredas, Espacio educativo en Plazoleta 9 de Julio / Nueve de Julio",OSC,En ejecución,466236079,55,0.4675
Tucumán,San Miguel De Tucumán,2762,Autopista Sur/ Los Vázquez,Centro comunitario + Centro de recreación y deporte en Autopista Sur/ Los Vázquez,Provincia,En ejecución,129592926.58,315,0.4671
Salta,Salta Capital,2083,La Cerámica,"Calles, Veredas, Cordón cuneta, Pluviales, Alumbrado, Red de agua, Conexiones de agua, Red cloacal, Conexiones a la cloaca, Núcleos húmedos en La Cerámica",Municipio,En ejecución,1019973369.57,260,0.459
Buenos Aires,Tandil,4282,Movediza II,"Red de agua, Conexiones de agua en Movediza II",Municipio,En ejecución,43500000,114,0.4584
Chaco,Charata,3783/3764/3785/3784,Juan José Valle/Esperanza/Centenario/Municipal,"Alumbrado, Red de agua, Conexiones de agua, Conexiones a la cloaca en Juan José Valle/Esperanza/Centenario/Municipal",Municipio,En ejecución,1083688920.93,1018,0.4581
Buenos Aires,La Matanza,543,Santa Cecilia,Centro comunitario en Santa Cecilia,OSC,En ejecución,214543466.63,185,0.4573
Buenos Aires,Zárate,284/215/280/289,"“Los Sauces”, “Ascarate”, “6 de Agosto”, “Agua y Energía”","Alumbrado, Red eléctrica, Conexiones eléctricas en “Los Sauces”, “Ascarate”, “6 de Agosto”, “Agua y Energía”",Coop. de servicios,En ejecución,198699402.31,189,0.4573
Santiago del Estero,La Banda,-,"Santiago del Estero ID 414 ","Lotes en Santiago del Estero ID 414 ",OSC,En ejecución,726372860.2334001,33,0.4532
Misiones,Eldorado,2045,Elena,Centro comunitario en Elena,OSC,En ejecución,303343986.43,307,0.4531
Buenos Aires,Zárate,294,La Ilusión,"Calles, Veredas, Pluviales, Red de agua en La Ilusión",Municipio,En ejecución,1304493973.3,200,0.45309999999999995
Mendoza,Lavalle,3295,Loteo Oliva,"Calles, Veredas, Cordón cuneta, Alumbrado, Conexiones eléctricas, Red de agua, Conexiones de agua, Conexiones a la cloaca en Loteo Oliva",Municipio,En ejecución,68617622.48,33,0.4514
Corrientes,Paso De Los Libres,3615,508,"Cordón cuneta, Espacio verde,  Red de agua, Conexiones de agua, Red cloacal, Viviendas, Lotes en 508",Municipio,En ejecución,73232329.27,18,0.4486
Buenos Aires,La Matanza,4473,Veinticinco de Mayo,"Veredas, Pluviales, Alumbrado en Veinticinco de Mayo",Municipio,En ejecución,278250108.41999996,25,0.4474
Buenos Aires,La Plata,1055,Sin Nombre,Centro comunitario + Centro comunitario en Sin Nombre,OSC,En ejecución,48645065.77,40,0.4473
Río Negro,San Carlos De Bariloche,2647,Eva Perón,"Red de agua, Conexiones de agua en Eva Perón",Municipio,En ejecución,16757163.35,50,0.4454
Buenos Aires,General Pueyrredón,4352,El Colmenar,"Veredas, Conexiones de agua en El Colmenar",OSC,En ejecución,79021755.52,250,0.4446
Buenos Aires,General Pueyrredón,-,Fortunato de la Plaza,Viviendas en Fortunato de la Plaza,OSC,En ejecución,126570792.21,8,0.4394
Salta,Pichanal,2135,Comunidad Mbooapi Karanday,"Calles, Veredas, Cordón cuneta, Pluviales, Centro comunitario + Centro de recreación y deporte + Espacio de salud, Red eléctrica, Conexiones eléctricas, Red de agua, Conexiones de agua, Red cloacal, Conexiones a la cloaca en Comunidad Mbooapi Karanday",Provincia,En ejecución,1748028252.52,441,0.4386
Corrientes,Mercedes,4798,San Martín 2,"Calles, Veredas, Cordón cuneta, Pluviales, Red cloacal en San Martín 2",Municipio,En ejecución,123843762.15,30,0.4379
Formosa,Formosa,3074,Eva Perón,"Veredas, Red cloacal, Conexiones a la cloaca en Eva Perón",Provincia,En ejecución,855764231.35,680,0.43729267000000005
Entre Ríos,Colón,4167,TIro Sur,"Calles, Veredas, Cordón cuneta, Espacio verde,  Red de agua, Conexiones de agua, Red cloacal en TIro Sur",Municipio,En ejecución,426206533.05,175,0.4348
Buenos Aires,Bahía Blanca,4612,Más Barrios,"Veredas, Conexiones eléctricas en Más Barrios",OSC,En ejecución,173804509.17,176,0.4336
Catamarca,San Fernando Del Valle De Catamarca,-,San Fernando Del Valle De Catamarca,"Calles, Veredas, Cordón cuneta, Red eléctrica, Red de agua, Red cloacal, Lotes en San Fernando Del Valle De Catamarca",Municipio,En ejecución,3015626452.75,250,0.4266
Corrientes,Mercedes,3631,El Recodo,"Calles, Veredas, Pluviales, Espacio verde,  Alumbrado, Red de agua, Conexiones de agua, Red cloacal en El Recodo",Municipio,En ejecución,651536910.8,144,0.4227
Buenos Aires,La Matanza,1335,El Trébol,"Veredas, Alumbrado en El Trébol",Municipio,En ejecución,89073266.61,335,0.422
Corrientes,Corrientes,2412,Pirayui 1,Conexiones eléctricas en Pirayui 1,OSC,En ejecución,72968109.41,490,0.4198
Salta,Metán,3105,Los Laureles,"Red de agua, Conexiones de agua en Los Laureles",Municipio,En ejecución,202385816.02,169,0.4164
Buenos Aires,La Matanza,1571,Costa Esperanza,Espacio productivo en Costa Esperanza,OSC,En ejecución,254832292.89000002,363,0.4157
Buenos Aires,Ituzaingó,781,La Esperanza,"Veredas, Conexiones eléctricas en La Esperanza",OSC,En ejecución,114269853.26,248,0.4154
Buenos Aires,Villarino,4337,Veinticuatro de Septiembre,"Calles, Veredas, Cordón cuneta, Red de gas, Conexiones de gas en Veinticuatro de Septiembre",Municipio,En ejecución,152971383.16000003,119,0.4134
Buenos Aires,Tres de Febrero,4297,Maldonado,"Red de agua, Conexiones de agua, Red cloacal, Conexiones a la cloaca en Maldonado",Municipio,En ejecución,92154163.58,300,0.4128
Misiones,Garupá,2063/2077,Guadalupe/Villa del Barrio La Ripiera,"Calles, Veredas, Pluviales, Espacio verde,  -, Alumbrado, Red eléctrica, Conexiones eléctricas, Red de agua, Conexiones de agua, Red cloacal, Conexiones a la cloaca en Guadalupe/Villa del Barrio La Ripiera",Provincia,En ejecución,3811683861.09,481,0.4096000000000001
Buenos Aires,Lanús,1047,ACUBA,Conexiones eléctricas en ACUBA,OSC,En ejecución,732865827.01,260,0.4058
Ciudad Autónoma de Buenos Aires,Ciudad Autónoma de Buenos Aires,4637,Barrio Padre Mugica,Centro de recreación y deporte en Barrio Padre Mugica,OSC,En ejecución,269219376.83,4290,0.4025
Río Negro,San Antonio Oeste,3736,Sin Nombre (Barrio Esperanza),"Veredas, Red de agua, Conexiones de agua en Sin Nombre (Barrio Esperanza)",Municipio,En ejecución,150171521.15,105,0.4017
San Juan,Pocito,-,Pocito ID 437,Lotes en Pocito ID 437,OSC,En ejecución,693960344.6389999,36,0.3948
Buenos Aires,Esteban Echeverría,191,Las Chacritas,"Veredas, Cordón cuneta, Pluviales, Centro comunitario, Alumbrado, Conexiones eléctricas, Red de agua, Conexiones de agua, Red cloacal, Conexiones a la cloaca en Las Chacritas",Municipio,En ejecución,1596934425.04,227,0.3941
Buenos Aires,Merlo,1198,Samoré,"Calles, Veredas, Cordón cuneta, Pluviales, Alumbrado en Samoré",Municipio,En ejecución,135909203.26,35,0.392
Córdoba,Río Cuarto,1683,Las Delicias,"Calles, Veredas, Cordón cuneta, Alumbrado, Red de agua, Conexiones de agua, Red cloacal en Las Delicias",Provincia,En ejecución,1458686293.67,500,0.390392
Chaco,Resistencia,2295,Ex Campo Zampa,"Conexiones de agua, Núcleos húmedos en Ex Campo Zampa",OSC,En ejecución,181681849.01,189,0.3831
Buenos Aires,La Matanza,540,Arroyo Las Víboras,Espacio educativo en Arroyo Las Víboras,OSC,En ejecución,181366825.84,148,0.3804
Río Negro,Cipolletti,2507/2509/2521/2538/2547/4314/4320/4322/4480/4833/4834/4835,Alameda/Cuatro de Agosto/Dos de Febrero/Diez de Febrero/Nueva Esperanza/Las Cabañitas/Las Hortensias/Fuerte Apache/Juevntud y desarrollo/Actia/Barrio Obrero A/Barrio Obrero B,"Red de agua, Conexiones de agua en Alameda/Cuatro de Agosto/Dos de Febrero/Diez de Febrero/Nueva Esperanza/Las Cabañitas/Las Hortensias/Fuerte Apache/Juevntud y desarrollo/Actia/Barrio Obrero A/Barrio Obrero B",Provincia,En ejecución,2438698003.29,2579,0.3758
Buenos Aires,Tandil,-,Tandil ID 840,Lotes en Tandil ID 840,OSC,En ejecución,1026418623.6234,102,0.3743
Buenos Aires,Necochea,424,La Terminal,"Calles, Veredas, Cordón cuneta, Espacio verde,  Red eléctrica, Red de agua, Conexiones de agua, Red cloacal en La Terminal",Municipio,En ejecución,262614133.35999998,76,0.3731
Buenos Aires,La Plata,1568,La Isla,"Espacio verde,  Centro comunitario en La Isla",OSC,En ejecución,104801559.3,147,0.369
Buenos Aires,Pehuajó,384,Barrio Cumba,"Calles, Veredas, Cordón cuneta, Pluviales, Red de agua, Conexiones de agua, Red cloacal, Conexiones a la cloaca, Red de gas, Conexiones de gas en Barrio Cumba",Municipio,En ejecución,405025382.22,28,0.3684
Misiones,Posadas,1986/1995,8 de Diciembre / 30 de Octubre,"Alumbrado, Red de agua, Conexiones de agua en 8 de Diciembre / 30 de Octubre",Municipio,En ejecución,83233827.27000001,152,0.3679
Buenos Aires,Lanús,1182/1014,Diez de Enero / Gaia,Centro Verde en Diez de Enero / Gaia,OSC,En ejecución,1439890332.58,99,0.3662
Chaco,General Pinedo,3781,Pinedo Viejo,"Veredas, Conexiones eléctricas en Pinedo Viejo",OSC,En ejecución,319183791.83,136,0.3643
Salta,Metán,3106,Virgen del Valle,"Veredas, Pluviales, Espacio verde,  Alumbrado en Virgen del Valle",Municipio,En ejecución,83149754.11,30,0.3626
Buenos Aires,General Rodríguez,488/4734,Marabo/Nuevo Marabo,"Calles, Veredas, Alumbrado en Marabo/Nuevo Marabo",Municipio,En ejecución,1106354944.79,350,0.3574
Buenos Aires,La Costa,1263,Seamos Libres,"Veredas, Conexiones eléctricas en Seamos Libres",OSC,En ejecución,130180333.43,75,0.3564
Formosa,Formosa,-,Loteo Rural 3 Bis,"Viviendas, Lotes en Loteo Rural 3 Bis",Municipio,En ejecución,440884861.23,35,0.3553
Jujuy,San Salvador De Jujuy,3229,Barrio Imperio,"Calles, Veredas, Cordón cuneta, Espacio verde,  Alumbrado, Red eléctrica, Red de agua, Conexiones de agua, Red cloacal en Barrio Imperio",Provincia,En ejecución,210114383.45000002,64,0.3518
Río Negro,General Roca,2506,Barrio Fiske Menuco,"Calles, Veredas, Cordón cuneta, , Alumbrado, Red eléctrica, Red de agua, Conexiones de agua, Red cloacal, Lotes en Barrio Fiske Menuco",Municipio,En ejecución,1659886479.31,873,0.3508
Buenos Aires,Lomas de Zamora,1157,Dos de Mayo,Conexiones eléctricas en Dos de Mayo,OSC,En ejecución,117342589.01,103,0.35
Buenos Aires,Bahía Blanca,657,Caracol I,"Veredas, Conexiones eléctricas en Caracol I",OSC,En ejecución,123125610.79,85,0.3481
Entre Ríos,Gualeguaychú,5189,Los Espinillos,Centro Verde en Los Espinillos,OSC,En ejecución,268709760.41,30,0.3477
Buenos Aires,Merlo,1552,Juancito,"Veredas, Centro de recreación y deporte en Juancito",OSC,En ejecución,60503014.5,171,0.3474
Mendoza,Las Heras,-,Gral. San Martín,Viviendas en Gral. San Martín,OSC,En ejecución,910980152.19,78,0.3461
Entre Ríos,Paraná,2685,San Martín,"Veredas, Espacio verde,  Centro comunitario + Centro de recreación y deporte en San Martín",OSC,En ejecución,81503459.47,150,0.3459
Buenos Aires,Morón,1323,Presidente Ibáñez,Conexiones eléctricas en Presidente Ibáñez,OSC,En ejecución,334240203.14,210,0.3452
Buenos Aires,La Plata,304,Savoia,"Espacio verde,   en Savoia",OSC,En ejecución,39358539.1,177,0.3443
Tucumán,San Miguel De Tucumán,2745,ATE,"Red de agua, Conexiones de agua, Red cloacal, Conexiones a la cloaca en ATE",Provincia,En ejecución,563653315.18,640,0.3441
Corrientes,Monte Caseros,5239,San Ramón Sur,"Calles, Veredas, Pluviales, Centro comunitario + Espacio educativo, Alumbrado, Red eléctrica, Conexiones eléctricas, Red de agua, Conexiones de agua, Red cloacal, Conexiones a la cloaca, Núcleos húmedos en San Ramón Sur",OSC,En ejecución,3299969638.66,66,0.3436
Buenos Aires,San pedro,715,La Tosquera,Centro Verde en La Tosquera,OSC,En ejecución,285645400.54,139,0.3416
Jujuy,San Salvador de Jujuy,5418/5416,Belgrano/Puente Otero,"Veredas, Espacio verde,  Conexiones eléctricas en Belgrano/Puente Otero",OSC,En ejecución,117641725.91,154,0.3402
Buenos Aires,San Isidro,1261,San Cayetano,Conexiones eléctricas en San Cayetano,OSC,En ejecución,91529306.53,141,0.3376
Buenos Aires,La Plata,1105,Los Pinos,"Calles, Conexiones eléctricas en Los Pinos",OSC,En ejecución,248746758.83,154,0.3365
Buenos Aires,Merlo,1524,Primero de Mayo,"Calles, Veredas, Pluviales, Alumbrado en Primero de Mayo",Municipio,En ejecución,17809683.73,10,0.3363
Tucumán,Tafí Viejo,4128,Barrio Calpini,"Calles, Espacio verde,  Alumbrado, Red eléctrica, Conexiones eléctricas, Red de agua, Conexiones de agua, Red cloacal, Conexiones a la cloaca, Conexiones de gas en Barrio Calpini",Municipio,En ejecución,921163252.61,108,0.3346
Córdoba,Tulumba,-,Tulumba ID 826,Lotes en Tulumba ID 826,OSC,En ejecución,876748424.8503001,55,0.334
Santa Fe,Recreo,5887/5888,Comunidad Mocoit Com Caia/Comunidad Mocoit Com Caia,"Red de agua, Conexiones de agua en Comunidad Mocoit Com Caia/Comunidad Mocoit Com Caia",Municipio,En ejecución,222087431.72,600,0.33297003
Santa Fe,Rosario,1786,"Los Pumitas ","Espacio verde,  Centro comunitario en Los Pumitas ",OSC,En ejecución,120435417.87,825,0.3304
Córdoba,Santa María,4399,Loteo social 8 de Agosto,"Red eléctrica, Conexiones de agua en Loteo social 8 de Agosto",OSC,En ejecución,56077642.27,37,0.3299
Buenos Aires,La Plata,468,La Aceitera,"Espacio verde,  Centro comunitario + Centro de recreación y deporte en La Aceitera",OSC,En ejecución,155385627.79,99,0.3296
Catamarca,San Fernando Del Valle De Catamarca,-,Valle Chico,"Calles, Cordón cuneta, Pluviales, Alumbrado, Red eléctrica, Red de agua, Red cloacal, Lotes en Valle Chico",Provincia,En ejecución,1008904712.18,753,0.3277
Tierra del Fuego,Río Grande,4210/4212/4213/4218/4220/4221,"Prov Unidas, Los Fueguinos, MIRADOR , Fuerza Unida, El Milagro y 10 de Noviembre.","Red de gas, Conexiones de gas en Prov Unidas, Los Fueguinos, MIRADOR , Fuerza Unida, El Milagro y 10 de Noviembre.",Provincia,En ejecución,360460676.83,865,0.32730000000000004
Buenos Aires,Luján,-,Instituto Angel T. de Alvear,"Calles, Veredas, Cordón cuneta, Alumbrado, Red eléctrica, Red de agua, Lotes en Instituto Angel T. de Alvear",Municipio,En ejecución,2676216789.37,396,0.3264
Misiones,Posadas,1946,Familias Unidas,"Veredas, Conexiones eléctricas en Familias Unidas",OSC,En ejecución,270569548.27,500,0.3203
Santa Fe,Santa Fe,2983,Varadero Sarsotti,"Veredas, Centro comunitario + Centro de recreación y deporte, Alumbrado en Varadero Sarsotti",Municipio,En ejecución,335337410.51,200,0.3199
Buenos Aires,Mercedes,-,Cuadro de Estación,"Calles, Veredas, Pluviales, Red de agua, Red cloacal, Viviendas, Lotes en Cuadro de Estación",Municipio,En ejecución,689962631.89,206,0.3171
Tucumán,San Miguel De Tucumán,2795,El Salvador,Núcleos húmedos en El Salvador,OSC,En ejecución,460994526.79,45,0.3146
Tucumán,San Miguel De Tucumán,2749,Francisco 1,Núcleos húmedos en Francisco 1,OSC,En ejecución,523667865.57,45,0.3132
Santa Fe,Rosario,1913,Saladillo,Conexiones eléctricas en Saladillo,OSC,En ejecución,81379520.33000001,49,0.312
Buenos Aires,General Alvarado,4538,Las Margaritas,"Calles, Veredas, Cordón cuneta, Pluviales, Alumbrado, Red cloacal en Las Margaritas",Municipio,En ejecución,153916915.85,15,0.3078
Buenos Aires,Avellaneda,122,Inflamable,Centro de recreación y deporte en Inflamable,Municipio,En ejecución,290744257.4,450,0.3077
Buenos Aires,San Isidro,397/1251,La Cava/La Cava Chica,"Veredas, Cordón cuneta, Pluviales, Red de agua, Conexiones de agua, Red cloacal, Viviendas, Lotes en La Cava/La Cava Chica",Municipio,En ejecución,1265295022.8600001,1750,0.3076
Buenos Aires,Pilar,1128,Pinazo,"Veredas, Conexiones eléctricas en Pinazo",OSC,En ejecución,616417789.85,663,0.3057
Neuquén,Neuquén,2440,Valentina Norte Rural Sector Los Hornos,Conexiones eléctricas en Valentina Norte Rural Sector Los Hornos,OSC,En ejecución,42199859.61,54,0.3033
Buenos Aires,La Plata,2,Malvinas II,Centro comunitario en Malvinas II,OSC,En ejecución,47043052.92,96,0.3025
Corrientes,Mercedes,3619,Barrio San Pedro,"Conexiones eléctricas, Núcleos húmedos en Barrio San Pedro",OSC,En ejecución,423217701.56,101,0.3017
Corrientes,Monte Caseros,5241/5242,Fedullo/La Rana,"Calles, Veredas, Pluviales, Centro comunitario, Alumbrado, Red eléctrica, Red de agua, Conexiones de agua, Red cloacal, Viviendas, Lotes en Fedullo/La Rana",OSC,En ejecución,2293582660.77,292,0.3011
Corrientes,Paso de los Libres,-,Paso de los libres ID 323,Lotes en Paso de los libres ID 323,OSC,En ejecución,1866905975.0542002,126,0.2972
Buenos Aires,General Pueyrredón,-,Mar del Plata ID 864,Lotes en Mar del Plata ID 864,OSC,En ejecución,1101957704.9706001,79,0.2961
Buenos Aires,Almirante Brown,634,El Triunfo,"Veredas, Conexiones eléctricas en El Triunfo",OSC,En ejecución,156933417.82,111,0.296
Tucumán,San Miguel de Tucumán,2760/2762,Los Vazquez y Autopista Sur,Centro Verde en Los Vazquez y Autopista Sur,Provincia,En ejecución,1097517556.25,347,0.294
Chaco,Resistencia,2278,La Rubita,"Calles, Cordón cuneta, Pluviales en La Rubita",Provincia,En ejecución,1498830254.73,1182,0.2932
Tierra del Fuego,Tolhuin,4903,Altos de la Montaña,"Espacio verde,  Centro de recreación y deporte en Altos de la Montaña",Municipio,En ejecución,171117045.02,30,0.2922
Buenos Aires,San Isidro,2880/2937/545/2938,Barrio Ferroviario Santa Rosa-Villa Ruedita- Nueva Esperanza- El Ombu,"Calles, Veredas, Pluviales, Espacio verde,  Red cloacal, Conexiones a la cloaca en Barrio Ferroviario Santa Rosa-Villa Ruedita- Nueva Esperanza- El Ombu",Municipio,En ejecución,778284337.35,157,0.2914
Buenos Aires,San Vicente,680/526/1160/1130,San José I/San José 2/San José FFCC/ Versalles,"Calles, Cordón cuneta, Pluviales, Red de agua, Conexiones de agua, Red cloacal en San José I/San José 2/San José FFCC/ Versalles",Municipio,En ejecución,5554365583.14,1688,0.2866
Formosa,Formosa,3074,Eva Perón,"Veredas, Pluviales, Centro de recreación y deporte, Red de agua en Eva Perón",Municipio,En ejecución,107853561.34,300,0.2803
Buenos Aires,Lomas de Zamora,72,Ocho de Diciembre,"Veredas, Conexiones eléctricas en Ocho de Diciembre",OSC,En ejecución,272486753.8,358,0.28
Buenos Aires,Azul,4359/115/418,Villa Piazza Sur / San Martín de Porres / Villa Giamatolo,"Veredas, Centro comunitario, Conexiones eléctricas, Conexiones de agua en Villa Piazza Sur / San Martín de Porres / Villa Giamatolo",OSC,En ejecución,502832105.95,162,0.28
Buenos Aires,Presidente Perón,-,Presi Perón - Guernica ID 103,Lotes en Presi Perón - Guernica ID 103,OSC,En ejecución,2708020988.2637005,250,0.2791
Chubut,Rawson,3531,Chacra 8,"Calles, Veredas, Cordón cuneta, Pluviales, Alumbrado, Red eléctrica, Conexiones eléctricas, Red de agua, Conexiones de agua, Conexiones a la cloaca, Red de gas, Conexiones de gas en Chacra 8",Municipio,En ejecución,3527293039.13,136,0.2789
Mendoza,Malargüe,3407,Carbo Metal,"Calles, Veredas, Cordón cuneta, Pluviales, Espacio verde,  Alumbrado, Red eléctrica, Conexiones eléctricas, Red de agua, Conexiones de agua, Conexiones a la cloaca, Red de gas en Carbo Metal",Provincia,En ejecución,862853387.36,65,0.2778
Buenos Aires,General Pueyrredón,4748,El Casal,"Veredas, Conexiones eléctricas en El Casal",OSC,En ejecución,123425913.89,83,0.2772
Tucumán,San Miguel De Tucumán,4507,Ampliación Muñecas III,"Red de agua, Conexiones de agua, Red cloacal en Ampliación Muñecas III",Provincia,En ejecución,340902517.28,495,0.2729
Tucumán,Alderetes,4073,"Julio Abraham ","Calles, Cordón cuneta, Pluviales, Alumbrado, Red de agua, Conexiones de agua, Red cloacal en Julio Abraham ",Municipio,En ejecución,6205538574.24,1320,0.2723
Mendoza,Godoy Cruz,3327/3324/3436/3326/4851,"Razquin, La Quebrada Los Cerrillos, Barranco 1 y Cuatro de Julio","Calles, Veredas, Cordón cuneta, Pluviales, Espacio verde,  Centro comunitario + Centro de recreación y deporte +  Centro de recreación y deporte + Espacio de salud, Alumbrado, Red eléctrica, Conexiones eléctricas, Red de agua, Conexiones de agua, Red cloacal, Conexiones a la cloaca, Red de gas, Conexiones de gas, Núcleos húmedos, Viviendas, Lotes en Razquin, La Quebrada Los Cerrillos, Barranco 1 y Cuatro de Julio",Provincia,En ejecución,5414128144.69,423,0.27059999999999995
Buenos Aires,Tigre,736,San Lorenzo,Conexiones eléctricas en San Lorenzo,OSC,En ejecución,156199071.07,201,0.2676
Buenos Aires,La Matanza,323,Los Álamos,"Veredas, Pluviales, Espacio verde,  Alumbrado en Los Álamos",Municipio,En ejecución,438088838.55,265,0.2663
Buenos Aires,La Matanza,755,Cruz del Sur,"Veredas, Espacio verde,  Alumbrado, Red eléctrica en Cruz del Sur",Municipio,En ejecución,793578588.96,300,0.2637
Buenos Aires,Luján,-,Predio Colonia Montes de Oca/Torres,"Calles, Veredas, Cordón cuneta, Alumbrado, Red eléctrica, Red de agua, Lotes en Predio Colonia Montes de Oca/Torres",Municipio,En ejecución,1168499971.45,438,0.2633
Buenos Aires,Campana,48/1185/1456,Veintiuno de septiembre / Santa Lucía 2 / San Cayetano,Alumbrado en Veintiuno de septiembre / Santa Lucía 2 / San Cayetano,Coop. de servicios,En ejecución,256981129.35,470,0.2616
Buenos Aires,Lomas de Zamora,5002/1293,Fiorito 2/Gabriel Miró,"Veredas, Conexiones eléctricas, Conexiones de agua, Red cloacal, Conexiones a la cloaca en Fiorito 2/Gabriel Miró",OSC,En ejecución,709689193.21,430,0.2612
Buenos Aires,La Plata,68,Sin Nombre (esos locos bajitos),"Veredas, Espacio verde,  Centro comunitario + Centro comunitario + Centro de recreación y deporte, Alumbrado en Sin Nombre (esos locos bajitos)",OSC,En ejecución,186308259.3,30,0.2597
San Juan,Rawson,-,Rawson ID 644,Lotes en Rawson ID 644,OSC,En ejecución,2201128712.6322,191,0.259
Buenos Aires,Merlo,-,"Merlo, Mariano Acosta ID 391 ","Lotes en Merlo, Mariano Acosta ID 391 ",OSC,En ejecución,1055248124.197,78,0.2585
Buenos Aires,La Plata,1088,La Victoria,"Veredas, Espacio verde,  Centro de recreación y deporte en La Victoria",OSC,En ejecución,85853486.85,220,0.2568
Buenos Aires,General Pueyrredón,-,Gral Pueyrredón ID 590,Lotes en Gral Pueyrredón ID 590,OSC,En ejecución,1143090479.1590002,57,0.2498
Ciudad Autónoma de Buenos Aires,Ciudad Autónoma de Buenos Aires,2586,Barrio Fátima,Centro comunitario en Barrio Fátima,OSC,En ejecución,60660434.66,1200,0.2492
Santa Fe,Santa Fe,2992,Veintinueve de Abril,"Calles, Veredas, Cordón cuneta, Centro de recreación y deporte, Alumbrado, Red de agua, Conexiones de agua, Red cloacal, Conexiones a la cloaca, Viviendas, Mejoramientos, Lotes en Veintinueve de Abril",Municipio,En ejecución,1965411373.44,227,0.24765543999999998
Buenos Aires,Malvinas Argentinas,225,Alvear,"Veredas, Pluviales, Alumbrado en Alvear",Municipio,En ejecución,447046399.44,45,0.2474
Santiago del Estero,Santiago del Estero,-,Santiago del Estero ID 650,Lotes en Santiago del Estero ID 650,OSC,En ejecución,625115008.0799,43,0.2466
Tucumán,San Miguel De Tucumán,4145,Dos de Septiembre,"Red de gas, Conexiones de gas en Dos de Septiembre",Provincia,En ejecución,231508267.14999998,276,0.246
Buenos Aires,La Plata,41,Los Rosales,"Veredas, Conexiones eléctricas en Los Rosales",OSC,En ejecución,131209850.79,135,0.2457
Córdoba,Córdoba Capital,-,Cordoba Capital ID 419,Lotes en Cordoba Capital ID 419,OSC,En ejecución,1954161158.5110002,155,0.2453
Misiones,Candelaria,-,Candelaria - Bonpland ID 257,Lotes en Candelaria - Bonpland ID 257,OSC,En ejecución,5565757022.426001,195,0.2438
Buenos Aires,Lanús,2932,Villa de la Fe,"Veredas, Conexiones eléctricas en Villa de la Fe",OSC,En ejecución,335042597.5,400,0.2437
Buenos Aires,La Plata,-,Villa Elisa - La Plata ID 379,Lotes en Villa Elisa - La Plata ID 379,OSC,En ejecución,1002938809.7627997,74,0.2419
Buenos Aires,Hurlingham,979,Juan Pedro Rolón,Centro Verde + Centro comunitario en Juan Pedro Rolón,OSC,En ejecución,1076277108.73,30,0.2417
Buenos Aires,La Plata,106,Carlos Agosti,Centro comunitario + Centro comunitario en Carlos Agosti,OSC,En ejecución,94965445.2,83,0.2413
Río Negro,General Roca,-,General Roca ID 292,Lotes en General Roca ID 292,OSC,En ejecución,661600986.8568001,43,0.2404
Chubut,Puerto Madryn,3541,El Poligono,"Alumbrado, Red eléctrica en El Poligono",Coop. de servicios,En ejecución,489742779.34,121,0.2399
Mendoza,Maipú,3462/3378/3481,Estación Pedregal/Pedro Varela/5 de Diciembre,"Calles, Veredas, Cordón cuneta, Espacio verde,  Red de gas, Conexiones de gas en Estación Pedregal/Pedro Varela/5 de Diciembre",Municipio,En ejecución,518799990,204,0.2395
Mendoza,Maipú,3462/3378/3481,Estación Pedregal/Pedro Varela/5 de Diciembre,Red eléctrica en Estación Pedregal/Pedro Varela/5 de Diciembre,Municipio,En ejecución,355811298.49,75,0.2395
Buenos Aires,La Plata,113,Joel,"Espacio verde,  Centro comunitario en Joel",OSC,En ejecución,230337083.12,374,0.2375
Neuquén,Confluencia,-,Vista Alegre ID 575,Lotes en Vista Alegre ID 575,OSC,En ejecución,2779021593.9860005,250,0.2359
Buenos Aires,Quilmes,426,La Resistencia,"Calles, Cordón cuneta, Red cloacal, Conexiones a la cloaca en La Resistencia",Municipio,En ejecución,1225528940.07,528,0.2357
Tucumán,Monteros,6012 / 6011,Usina II/La Granja,"Conexiones eléctricas, Conexiones de agua, Núcleos húmedos en Usina II/La Granja",OSC,En ejecución,218705573.94,39,0.2349
Santa Fe,Rosario,1795,La Bombacha,"Veredas, Conexiones eléctricas en La Bombacha",OSC,En ejecución,297049321.83,220,0.234
Neuquén,San Patricio del Chañar,5691,Picada III,"Alumbrado, Red eléctrica en Picada III",Municipio,En ejecución,82998131.58,26,0.2319
Río Negro,General Roca,-,Fiske Menuco ID 509,Lotes en Fiske Menuco ID 509,OSC,En ejecución,1642880687.1281004,115,0.23
Salta,Salta Capital,2093,Sanidad 2,"Veredas, Conexiones eléctricas, Conexiones a la cloaca en Sanidad 2",OSC,En ejecución,263265217.34,170,0.229
Buenos Aires,General San Martín,2952,Villa Tropezón,"Calles, Veredas, Pluviales, Espacio verde,  -, Alumbrado, Red eléctrica, Conexiones eléctricas, Red de agua, Conexiones de agua, Red cloacal, Conexiones a la cloaca en Villa Tropezón",Municipio,En ejecución,1194199116.72,320,0.22879999999999995
Buenos Aires,Punta Indio,4536,Barrio Norte,"Veredas, Cordón cuneta, Pluviales, Centro comunitario, Alumbrado, Conexiones eléctricas, Red de agua, Conexiones de agua, Conexiones a la cloaca en Barrio Norte",Municipio,En ejecución,544873099.61,55,0.2284
Buenos Aires,General Pueyrredón,889,Malvinas,"Red de agua, Conexiones de agua, Red cloacal, Conexiones a la cloaca en Malvinas",OSC,En ejecución,74904006.75,55,0.2273
Misiones,Posadas,-,Posadas ID 631,Lotes en Posadas ID 631,OSC,En ejecución,1343538087.5556002,98,0.2265
Buenos Aires,La Matanza,480,Las Antenas,"Conexiones de agua, Conexiones a la cloaca en Las Antenas",Municipio,En ejecución,62533375.19,118,0.2265
Buenos Aires,La Plata,77,Las Rosas,Red cloacal en Las Rosas,Coop. de servicios,En ejecución,956760316.19,470,0.2246
Buenos Aires,Merlo,1201,Villa Amelia,"Calles, Veredas, Pluviales, Alumbrado en Villa Amelia",Municipio,En ejecución,27432988.95,13,0.2244
Río Negro,General Roca,4298,Toma de Aeroclub,Conexiones eléctricas en Toma de Aeroclub,OSC,En ejecución,99253172.08,168,0.2238
Buenos Aires,La Matanza,780,Primavera II,"Veredas, Pluviales, Espacio verde,  Centro de recreación y deporte, Alumbrado en Primavera II",Municipio,En ejecución,373754411.66999996,335,0.2232
Jujuy,Dr. Manuel Belgrano,-,La Almona ID 471,Lotes en La Almona ID 471,OSC,En ejecución,2880668306.7960005,217,0.2221
Formosa,Formosa,-,Formosa ID 392,Lotes en Formosa ID 392,OSC,En ejecución,1829936735.3622,244,0.2221
Tierra del Fuego,Ushuaia,2953/2954/2955/2956/2957,"Sector KYD: Barrio Obrero; Escondido; El mirador; Esperanza 2; El cañadon ","Calles, Pluviales en Sector KYD: Barrio Obrero; Escondido; El mirador; Esperanza 2; El cañadon ",Municipio,En ejecución,237690703.27,700,0.2216
Neuquén,Rincón De Los Sauces,3963,Veintiseis de Abril,Veredas en Veintiseis de Abril,OSC,En ejecución,63429747.88,25,0.2209
Buenos Aires,La Matanza,1348,La Isla,Conexiones de agua en La Isla,Municipio,En ejecución,63555614.57,94,0.22
Jujuy,Dr. Manuel Belgrano,3232,"Mirador 2 ","Conexiones eléctricas, Conexiones de agua, Conexiones a la cloaca en Mirador 2 ",OSC,En ejecución,244958636.95,217,0.2195
Santa Fe,Rosario,1853,San Martin Sur,Conexiones eléctricas en San Martin Sur,OSC,En ejecución,109075245.62,103,0.2181
Buenos Aires,General Rodríguez,-,Gral Rodríguez  ID 572,Lotes en Gral Rodríguez  ID 572,OSC,En ejecución,1746419906.9175,110,0.2177
Buenos Aires,La Matanza,5290/1101,Barrio Veintiocho de Octubre/Barrio Gauchito Gil,Centro de recreación y deporte en Barrio Veintiocho de Octubre/Barrio Gauchito Gil,OSC,En ejecución,2607793019.9,103,0.2168
Buenos Aires,José C. Paz,737,Ferrari,"Veredas, Conexiones eléctricas en Ferrari",OSC,En ejecución,176868733.6,215,0.2157
Buenos Aires,Quilmes,1474,Villa Luján IV,Veredas en Villa Luján IV,OSC,En ejecución,55741554.39,190,0.2148
Mendoza,Lavalle,-,Lavalle ID 639,Lotes en Lavalle ID 639,OSC,En ejecución,2555785071.9354,159,0.2144
Santa Fe,Santa Fe,-,Santa Fe ID 396,Lotes en Santa Fe ID 396,OSC,En ejecución,1882031247.7358003,141,0.214
Buenos Aires,Moreno,982,Parque San Carlos,"Veredas, Conexiones eléctricas en Parque San Carlos",OSC,En ejecución,166722042.98,122,0.2123
Buenos Aires,General Pueyrredón,-,El Martillo,"Espacio educativo + Centro comunitario, Lotes en El Martillo",OSC,En ejecución,1724949903.12,336,0.2117
Buenos Aires,General San Martín,52,"18 de julio ","Calles, Veredas, Cordón cuneta, Pluviales, Centro comunitario, Alumbrado, Conexiones eléctricas, Red de agua, Conexiones de agua, Red cloacal, Conexiones a la cloaca, Núcleos húmedos en 18 de julio ",Municipio,En ejecución,622770362.78,198,0.2116
Buenos Aires,La Plata,-,"La Plata, Etcheverry ID 711","Lotes en La Plata, Etcheverry ID 711",OSC,En ejecución,1689536676.7005002,119,0.2116
Santa Fe,Santa Fe,-,Santo Tomé ID 600,Lotes en Santo Tomé ID 600,OSC,En ejecución,1507069477.8102002,249,0.2113
Jujuy,Monterrico,4255,Treinta y Uno de Julio,"Veredas, Conexiones eléctricas, Conexiones de agua en Treinta y Uno de Julio",OSC,En ejecución,179163943.56,113,0.2112
Buenos Aires,La Plata,-,Arana ID 580,Lotes en Arana ID 580,OSC,En ejecución,3342295543.914,245,0.2112
Entre Ríos,Gualeguaychú,3644,Asentamiento Norte Santiago Diaz y Federación,"Calles, Veredas, Cordón cuneta, Centro de recreación y deporte, Alumbrado, Red de agua, Conexiones de agua, Red cloacal, Conexiones a la cloaca en Asentamiento Norte Santiago Diaz y Federación",Municipio,En ejecución,385620426.21000004,75,0.2109
Buenos Aires,Hurlingham,888,Dos de Abril,"Veredas, Centro de recreación y deporte + Centro de recreación y deporte, Alumbrado en Dos de Abril",OSC,En ejecución,172767875.03,180,0.2107
Corrientes,Corrientes,2390,Patono 1,"Veredas, Espacio verde,  Centro de recreación y deporte, Alumbrado en Patono 1",OSC,En ejecución,89293337.81,200,0.21
Ciudad Autónoma de Buenos Aires,Ciudad Autónoma de Buenos Aires,2578,Barrio Obrero,Centro comunitario en Barrio Obrero,OSC,En ejecución,74463265.67,36,0.2087
Buenos Aires,Lomas de Zamora,1553,El Paredón,"Calles, Veredas, Pluviales, Espacio verde, en El Paredón",OSC,En ejecución,195893261.68,110,0.2083
Córdoba,Córdoba Capital,1617,Villa Urquiza,Conexiones eléctricas en Villa Urquiza,OSC,En ejecución,484845220.04,167,0.2081
Buenos Aires,Quilmes,4241,"San Cayetano ","Centro comunitario en San Cayetano ",OSC,En ejecución,75349344.13,35.1,0.2075
Buenos Aires,Lomas de Zamora,1305,Unión y Fuerza,Conexiones de agua en Unión y Fuerza,OSC,En ejecución,230130560.8,189,0.2074
Jujuy,Palpalá,5439,10 Hectáreas,"Veredas, Conexiones eléctricas en 10 Hectáreas",OSC,En ejecución,151123868.06,92,0.2073
Córdoba,Bialet Massé,1740,Suncho Huayco,"Veredas, Conexiones eléctricas en Suncho Huayco",OSC,En ejecución,234608597.59,121,0.2073
Buenos Aires,General Rodríguez,-,General Rodriguez (Taboada),"Espacio verde,  -, Lotes en General Rodriguez (Taboada)",OSC,En ejecución,1373850228.34,94,0.207
Río Negro,General Roca,-,General Fernandez Oro ID 461,Lotes en General Fernandez Oro ID 461,OSC,En ejecución,3572667707.1714997,250,0.2067
Buenos Aires,Exaltación de la Cruz,506,La Sidrera,"Calles, Veredas, Cordón cuneta, Pluviales, Alumbrado, Conexiones eléctricas, Red de agua, Conexiones de agua, Conexiones a la cloaca en La Sidrera",Municipio,En ejecución,420358077.77,107,0.2064
Corrientes,Paso De Los Libres,3614,Barrio Luján,"Calles, Veredas, Cordón cuneta, Espacio verde,  Centro comunitario, Red de agua, Conexiones de agua en Barrio Luján",Municipio,En ejecución,204332688.96,157,0.2054
Buenos Aires,Bahía Blanca,740,Saladero,"Veredas, Pluviales, Conexiones eléctricas en Saladero",OSC,En ejecución,265092259.71,138,0.2044
Mendoza,Guaymallén,-,Guaymallén ID 693,Lotes en Guaymallén ID 693,OSC,En ejecución,1335574530.5552,98,0.204
Buenos Aires,Olavarría,-,Olavarría ID 954,Lotes en Olavarría ID 954,OSC,En ejecución,2053144497.4243002,125,0.2037
Buenos Aires,Mercedes,-,Mercedes ID 815,Lotes en Mercedes ID 815,OSC,En ejecución,2549340603.1606,182,0.2037
Buenos Aires,Tigre,1325,Arroyo Las Tunas,"Veredas, Conexiones eléctricas en Arroyo Las Tunas",OSC,En ejecución,114175322.58,210,0.2035
Buenos Aires,Quilmes,1135,La Matera,Conexiones eléctricas en La Matera,OSC,En ejecución,166462581.5,183,0.2034
Chaco,San Fernando,4762,San Expedito,"Conexiones eléctricas, Conexiones de agua en San Expedito",OSC,En ejecución,78584841.85,29,0.2033
Buenos Aires,Quilmes,579,San Sebastián II,"Espacio verde,  Centro de recreación y deporte en San Sebastián II",OSC,En ejecución,146217476.1,127,0.203
Buenos Aires,General Pueyrredón,2910,Las Dalias,"Calles, Conexiones de agua en Las Dalias",OSC,En ejecución,153892142.72,82,0.2028
Buenos Aires,Esteban Echeverría,263,La Morita,"Veredas, Conexiones eléctricas en La Morita",OSC,En ejecución,144917974.54,650,0.2027
Buenos Aires,Cañuelas,5397,"Manuel Belgrano ","Veredas, Centro de recreación y deporte en Manuel Belgrano ",OSC,En ejecución,494025796.87,72,0.2025
Buenos Aires,Berisso,1001/999,Villa Nueva/Villa Arguello,Veredas en Villa Nueva/Villa Arguello,OSC,En ejecución,209253307.7,1320,0.2025
Córdoba,Santa María,-,Alta Gracia ID 717,Lotes en Alta Gracia ID 717,OSC,En ejecución,2089751457.4267,117,0.2024
Buenos Aires,Chascomús,1387,San Cayetano,Pluviales en San Cayetano,Municipio,En ejecución,337691388.54,340,0.2022
Buenos Aires,La Plata,-,Barrio Villa Garibaldi,"Calles, Veredas, Cordón cuneta, Pluviales, Alumbrado, Red eléctrica, Red de agua, Red cloacal, Lotes en Barrio Villa Garibaldi",OSC,En ejecución,188962287.1,48,0.2017
Buenos Aires,Florencio Varela,1228,San Rudecindo I,Veredas en San Rudecindo I,OSC,En ejecución,97526071.58,450,0.2014
Buenos Aires,Florencio Varela,-,Florencio Varela ID 453,Lotes en Florencio Varela ID 453,OSC,En ejecución,1999192847.6518998,100,0.2013
Misiones,Oberá,1976,San José,"Veredas, Conexiones eléctricas, Red de agua en San José",OSC,En ejecución,318171139.66,234,0.2012
Tucumán,San Miguel De Tucumán,2755/2753,San Cristóbal/ Nueva Vida,"Red de gas, Conexiones de gas en San Cristóbal/ Nueva Vida",Provincia,En ejecución,247596643.25,313,0.2011
Buenos Aires,Pergamino,-,Pergamino ID 720,Lotes en Pergamino ID 720,OSC,En ejecución,1891293687.9939003,116,0.2011
Buenos Aires,Lomas de Zamora,1168,Diecisiete de Noviembre,Centro comunitario en Diecisiete de Noviembre,OSC,En ejecución,232600827.82999998,1781,0.2011
Neuquén,Neuquén,5694,Huiliches,"Conexiones eléctricas, Conexiones de agua, Conexiones a la cloaca en Huiliches",OSC,En ejecución,31234004.23,15,0.201
Tucumán,San Miguel De Tucumán,2761,San Miguel,"Red de gas, Conexiones de gas en San Miguel",Provincia,En ejecución,378552883.26000005,520,0.2008
Buenos Aires,Chivilcoy,-,Chivilcoy ID 652,Lotes en Chivilcoy ID 652,OSC,En ejecución,1167060172.4119,79,0.2008
Neuquén,Plottier,2465,Gran Plottier,Conexiones eléctricas en Gran Plottier,OSC,En ejecución,186105155.07,118,0.2008
Buenos Aires,Moreno,-,Moreno Cuartel V ID 564,Lotes en Moreno Cuartel V ID 564,OSC,En ejecución,1476019509.6417003,105,0.2006
Buenos Aires,Bahía Blanca,4913,Moresino,"Veredas, Conexiones eléctricas, Conexiones de agua, Conexiones a la cloaca en Moresino",OSC,En ejecución,145941776.32,46,0.2006
Buenos Aires,La Matanza,5290/1101,Barrio Veintiocho de Octubre/Barrio Gauchito Gil,"Red de agua, Viviendas en Barrio Veintiocho de Octubre/Barrio Gauchito Gil",OSC,En ejecución,379720049.98,172,0.2005
Buenos Aires,La Plata,4577/155/775,Abasto Nuevo/516Bis y 220/Villa San Martín,"Red eléctrica, Red de agua, Conexiones de agua en Abasto Nuevo/516Bis y 220/Villa San Martín",Coop. de servicios,En ejecución,782144747.05,1136,0.2005
Córdoba,Córdoba Capital,1621,Anexo Pueyrredón,"Conexiones eléctricas, Conexiones de agua en Anexo Pueyrredón",OSC,En ejecución,162185538.62,74,0.2004
Buenos Aires,General Rodríguez,495,El Ombú,"Calles, Veredas, Cordón cuneta, Espacio verde,  Alumbrado en El Ombú",Municipio,En ejecución,1206767144.87,28,0.2002
Córdoba,Córdoba Capital,1619,Nuevo Progreso,Conexiones eléctricas en Nuevo Progreso,OSC,En ejecución,368149967.68,200,0.2001
Buenos Aires,Merlo,4568,El Mosquito,"Calles, Veredas, Alumbrado en El Mosquito",Municipio,En ejecución,102580501.67,15,0.2001
Buenos Aires,General Rodríguez,610,Seleto de Gaona,"Veredas, Centro comunitario + Centro de recreación y deporte en Seleto de Gaona",OSC,En ejecución,166773659.45,60,0.2001
Chaco,Barranqueras,2258,Los Milagros,"Veredas, Conexiones eléctricas, Conexiones de agua en Los Milagros",OSC,En ejecución,232626941.17,102,0.2001
Misiones,Apóstoles,3891,La Cantera,"Veredas, Conexiones eléctricas en La Cantera",OSC,En ejecución,464463132.29,205,0.2
Buenos Aires,Lomas de Zamora,1574,Las Casuarinas,Centro comunitario en Las Casuarinas,OSC,En ejecución,86902742.96,83,0.2
Buenos Aires,Luján,-,Luján privado,"Calles, Veredas, Cordón cuneta, Pluviales, Red eléctrica, Red de agua, Red cloacal, Lotes en Luján privado",OSC,En ejecución,1179814630.59,288,0.2
Buenos Aires,La Plata,194,Ruta del Sol,Espacio productivo en Ruta del Sol,OSC,En ejecución,181540041.99,66,0.2
Buenos Aires,General Pueyrredón,2891,Nuevo Golf,"Veredas, Conexiones eléctricas en Nuevo Golf",OSC,En ejecución,234324529.54,281,0.2
Buenos Aires,Merlo,1195,Santa Cecilia,"Calles, Veredas, Pluviales, Alumbrado en Santa Cecilia",Municipio,En ejecución,50017833.38,15,0.1941
Mendoza,Lavalle,3389,Loteo La Solita,"Veredas, Cordón cuneta, Alumbrado, Conexiones de agua, Conexiones a la cloaca, Núcleos húmedos, Viviendas, Lotes en Loteo La Solita",Municipio,En ejecución,188827309.92,40,0.1836
Buenos Aires,Esteban Echeverría,1402,Sarmiento,"Veredas, Conexiones eléctricas en Sarmiento",OSC,En ejecución,231207937.84,550,0.1811
Chubut,Trelew,3535/3536,Toma Barrio Norte/Toma Canal,"Espacio verde,  Espacio productivo + Centro comunitario + Centro comunitario en Toma Barrio Norte/Toma Canal",OSC,En ejecución,2127948860.35,336,0.1795
Tucumán,San Miguel De Tucumán,2790,Eucaliptus,"Red de agua, Conexiones de agua, Red cloacal, Conexiones a la cloaca en Eucaliptus",Provincia,En ejecución,180438522.12,106,0.1788
Misiones,Posadas,-,Barrio Itambe Iguazú,"Viviendas, Lotes en Barrio Itambe Iguazú",Municipio,En ejecución,1689601400.84,278,0.1746
Buenos Aires,La Matanza,619/1257,Villa Madero/Lucero,"Veredas, Pluviales, Red de agua, Conexiones de agua, Red cloacal, Conexiones a la cloaca en Villa Madero/Lucero",Municipio,En ejecución,961048520.19,836,0.1744
Tucumán,Aguilares,4135,Ampliacón 11 de Marzo,"Calles, Veredas, Cordón cuneta, Pluviales, Red de agua, Conexiones de agua, Red cloacal, Conexiones a la cloaca en Ampliacón 11 de Marzo",Municipio,En ejecución,1444552695.3,343,0.1738
Buenos Aires,Avellaneda,992,Isla Maciel,"Veredas, Red eléctrica, Red de agua, Conexiones de agua, Red cloacal, Conexiones a la cloaca, Red de gas, Conexiones de gas en Isla Maciel",Municipio,En ejecución,229794756.64,507,0.1735
Ciudad Autónoma de Buenos Aires,Ciudad Autónoma de Buenos Aires,4637,Barrio Padre Mugica,Centro comunitario en Barrio Padre Mugica,OSC,En ejecución,46979842.06,1200,0.17
Buenos Aires,La Plata,1540,Toba,"Veredas, Conexiones eléctricas en Toba",OSC,En ejecución,116140739.3,126,0.1635
Chaco,Villa Berthet,5108,Tres Reyes,"Calles, Veredas, Cordón cuneta, Pluviales, Red de agua en Tres Reyes",Municipio,En ejecución,1658994083.93,212,0.1633
Jujuy,Humahuaca,3221,Quebrada La Cancha,Centro Verde en Quebrada La Cancha,OSC,En ejecución,274633819.34000003,54,0.1599
Buenos Aires,La Plata,4465,La Granja,"Veredas, Centro comunitario + Centro de recreación y deporte en La Granja",OSC,En ejecución,179657951.61,121,0.1554
Buenos Aires,Florencio Varela,938,Los Pilares,"Calles, Veredas, Pluviales, Espacio verde,  Centro de recreación y deporte, Alumbrado en Los Pilares",Municipio,En ejecución,337482880,110,0.15539999999999998
La Rioja,Capital,3050,Primero de Diciembre,Centro comunitario + Centro de recreación y deporte en Primero de Diciembre,Provincia,En ejecución,200364104.22,30,0.1516
San Juan,Rawson,-,"Rawson ID 497 ","Lotes en Rawson ID 497 ",OSC,En ejecución,849269612.0521,41,0.1515
Buenos Aires,Berazategui,-,Berazategui ID 469,Lotes en Berazategui ID 469,OSC,En ejecución,2383572871.6358004,175,0.1504
Neuquén,Chos Malal,5692,El Sauce,"Calles, Veredas, Cordón cuneta, Centro Verde, Alumbrado, Red eléctrica, Red de agua, Conexiones de agua, Red cloacal, Viviendas, Lotes en El Sauce",Municipio,En ejecución,1237243873.52,92,0.1495
Chaco,Barranqueras,2355,Villa Forestación,"Calles, Veredas, Pluviales en Villa Forestación",Municipio,En ejecución,224348671.29999998,500,0.14859999999999998
Entre Ríos,Federación,3661/3663,Cristo Obrero/Camino al cementerio,"Calles, Veredas, Cordón cuneta, Espacio verde,  Alumbrado, Red eléctrica, Red de agua, Red cloacal, Viviendas, Lotes en Cristo Obrero/Camino al cementerio",Municipio,En ejecución,3048286401.5,169,0.1482
Santa Fe,Santa Fe,-,Recreo 786,Lotes en Recreo 786,OSC,En ejecución,999379849.9049001,110,0.1445
Buenos Aires,La Plata,-,La Plata ID 545,Lotes en La Plata ID 545,OSC,En ejecución,1079898685.0367002,94,0.1412
Buenos Aires,Brandsen,327,Los Aromos,"Veredas, Conexiones eléctricas, Conexiones de agua en Los Aromos",OSC,En ejecución,134841250.86,109,0.14
Neuquén,San Martín de los Andes,-,San Martín de los Andes ID 679,Lotes en San Martín de los Andes ID 679,OSC,En ejecución,3419717799.3191004,325,0.1387
Buenos Aires,Villarino,878,Hospital,"Calles, Veredas, Pluviales, Centro de recreación y deporte + Espacio de salud + Centro de recreación y deporte, Red de gas, Conexiones de gas en Hospital",Municipio,En ejecución,521225065.88,212,0.1343
Córdoba,Capital,-,Córdoba ID 645,Lotes en Córdoba ID 645,OSC,En ejecución,1629395731.0390997,121,0.133
Buenos Aires,Moreno,933,Santa Paula I,"Calles, Veredas, Cordón cuneta, Pluviales, Espacio verde,  Centro de recreación y deporte, Alumbrado en Santa Paula I",Municipio,En ejecución,383975078.26,44,0.1327
Buenos Aires,Lomas de Zamora,1176,La Lonja,Centro comunitario en La Lonja,OSC,En ejecución,700199452.42,33,0.1312
Buenos Aires,Florencio Varela,1211,Los Quinchos,"Veredas, Centro comunitario + Centro de recreación y deporte en Los Quinchos",OSC,En ejecución,208227729.61,220,0.131
Buenos Aires,Florencio Varela,264,La Carolina,Veredas en La Carolina,OSC,En ejecución,94907525.37,743,0.1305
La Rioja,Capital,-,La Rioja,"Calles, Veredas, Cordón cuneta, Alumbrado, Red eléctrica, Red de agua, Red cloacal, Lotes en La Rioja",Provincia,En ejecución,1579392089.93,494,0.1297
Buenos Aires,Avellaneda,1227,Villa Tranquila,"Calles, Veredas, Cordón cuneta, Conexiones de gas en Villa Tranquila",Municipio,En ejecución,77176822.94,1500,0.1296
Buenos Aires,Quilmes,551/5390,San Ignacio/El Progreso,Veredas en San Ignacio/El Progreso,OSC,En ejecución,140988928.45,314,0.1284
Salta,Vaqueros,2170,Villa Sara,"Calles, Veredas, Cordón cuneta, Pluviales, Espacio verde,  Centro comunitario, Red eléctrica, Conexiones eléctricas, Red de agua, Conexiones de agua, Red cloacal, Conexiones a la cloaca, Viviendas, Lotes en Villa Sara",Provincia,En ejecución,3226233672.88,91,0.1276
Santa Fe,Pérez,1788/1750,Barrio Jardín/El Fachinal,"Calles, Cordón cuneta, Espacio verde,  Centro comunitario + Centro de recreación y deporte, Red de agua, Conexiones de agua, Red cloacal en Barrio Jardín/El Fachinal",Municipio,En ejecución,1005361978.3299999,221,0.1274
Tucumán,Lules,-,Santa Bárbara ID 374,Lotes en Santa Bárbara ID 374,OSC,En ejecución,2890084142.8758993,250,0.1249
Formosa,Formosa,4504,Itatí II,"Calles, Veredas, Cordón cuneta, Espacio verde,  Centro de recreación y deporte, Alumbrado en Itatí II",Municipio,En ejecución,201851226.41,75,0.1235
Entre Ríos,Paraná,2674,Cuatro de Junio,"Veredas, Conexiones eléctricas en Cuatro de Junio",OSC,En ejecución,90464674.28,135,0.1214
Buenos Aires,Luján,598 / 987,La Loma / San Fermín,"Calles, Veredas, Cordón cuneta, Pluviales, Espacio verde,  Centro Verde, Alumbrado, Red eléctrica, Conexiones eléctricas en La Loma / San Fermín",OSC,En ejecución,1515892152.17,693,0.1205
Buenos Aires,La Matanza,5293,Diecisiete de Septiembre,Centro comunitario + Centro de recreación y deporte  en Diecisiete de Septiembre,OSC,En ejecución,201536773.24,495,0.1151
Buenos Aires,Carmen de Patagones,-,Carmen de Patagones,Lotes en Carmen de Patagones,Municipio,En ejecución,683245774.6,362,0.1139
Buenos Aires,San Vicente,-,San Vicente ID 777,Lotes en San Vicente ID 777,OSC,En ejecución,646188410.7799001,55,0.1121
Buenos Aires,Brandsen,-,"Brandsen ID 85 ","Lotes en Brandsen ID 85 ",OSC,En ejecución,3827982477.5400004,250,0.1108
Ciudad Autónoma de Buenos Aires,Ciudad Autónoma de Buenos Aires,2570,Villa 21/24,Espacio educativo en Villa 21/24,OSC,En ejecución,512092856.56,1800,0.1057
Buenos Aires,Berisso,547,Santa Teresita II - Q1,"Veredas, Cordón cuneta, Pluviales, Espacio verde,  Centro de recreación y deporte, Alumbrado, Red eléctrica, Red de agua, Conexiones de agua en Santa Teresita II - Q1",Municipio,En ejecución,495209016.94,106,0.1052
Córdoba,Córdoba Capital,1613,El Nylon,"Veredas, Centro comunitario en El Nylon",OSC,En ejecución,115275259.6,185,0.1035
Santa Fe,Reconquista,4030/4027,Virgen de Guadalupe Sur/ Guadalupe Oeste,"Calles, Veredas, Cordón cuneta, Pluviales, Alumbrado, Red eléctrica, Red de agua, Red cloacal, Viviendas, Lotes en Virgen de Guadalupe Sur/ Guadalupe Oeste",Municipio,En ejecución,2534151533.29,1309,0.10339999999999999
Buenos Aires,Florencio Varela,-,Villa Brown,"Calles, Cordón cuneta, Pluviales, Centro comunitario, Alumbrado, Red eléctrica, Red de agua, Lotes en Villa Brown",OSC,En ejecución,1489736829.96,658,0.1016
Buenos Aires,José C. Paz,442,Muñiz,"Veredas, Espacio verde,  Centro de recreación y deporte, Alumbrado en Muñiz",Municipio,En ejecución,61192533.52,226,0.1
Buenos Aires,Quilmes,548/1283/1279,EL TRIANGULO/VEINTISIETE DE MARZO/MALVINAS,"Conexiones de agua, Conexiones a la cloaca en EL TRIANGULO/VEINTISIETE DE MARZO/MALVINAS",OSC,En ejecución,79597085.32,505,0.1
Buenos Aires,Quilmes,1172,Emporio del Tanque,"Veredas, Cordón cuneta, Red eléctrica, Conexiones eléctricas en Emporio del Tanque",Municipio,En ejecución,379768513.12,450,0.0983
Río Negro,General Roca,4833,Actia,"Espacio verde,  Centro de recreación y deporte en Actia",OSC,En ejecución,186666929.88,30,0.0973
Buenos Aires,Castelli,4518,Frigorífico,"Calles, Veredas, Cordón cuneta, Espacio verde,  Alumbrado, Red eléctrica, Red de agua, Conexiones de agua, Red cloacal, Núcleos húmedos, Viviendas, Lotes en Frigorífico",Municipio,En ejecución,599255989.49,25,0.09499999999999999
Entre Ríos,Diamante,3655/4698,San Martín / Martin Fierro,"Veredas, Centro de recreación y deporte, Alumbrado en San Martín / Martin Fierro",OSC,En ejecución,188147962.99,30,0.0938
Buenos Aires,San Pedro,715,La Tosquera,"Espacio verde,  Conexiones eléctricas, Red de agua, Conexiones de agua, Conexiones a la cloaca, Núcleos húmedos, Viviendas, Lotes en La Tosquera",OSC,En ejecución,1108521942.62,462,0.093
Buenos Aires,Tigre,4731,Ricardo Rojas,Conexiones eléctricas en Ricardo Rojas,Municipio,En ejecución,68038646.27,139,0.0904
Buenos Aires,Punta Indio,331,Latorre,"Calles, Veredas, Cordón cuneta, Pluviales, Espacio verde,  Conexiones eléctricas, Conexiones a la cloaca en Latorre",Municipio,En ejecución,1024451292.41,100,0.0902
Entre Ríos,Gualeguay,3677,30 Casillas,"Calles, Veredas, Red eléctrica, Conexiones eléctricas, Red de agua, Conexiones de agua, Red cloacal, Conexiones a la cloaca en 30 Casillas",Municipio,En ejecución,99769940.68,33,0.0899
Córdoba,Villa María,4228/4229/5162,Predio NCA / NCA 2 / Barrancas del Sur,"Calles, Veredas, Pluviales, Centro de recreación y deporte, Alumbrado, Red eléctrica, Red de agua, Red cloacal, Viviendas, Lotes en Predio NCA / NCA 2 / Barrancas del Sur",Municipio,En ejecución,3335204872.67,225,0.0868
Corrientes,Monte Caseros,5241/5242,Fedullo/La Rana,"Centro comunitario + Centro comunitario, Conexiones de agua, Conexiones a la cloaca, Núcleos húmedos en Fedullo/La Rana",OSC,En ejecución,2086554726.67,292,0.0865
Santa Fe,Reconquista,4031,Los Piletones,"Calles, Veredas, Cordón cuneta, Espacio verde,  Espacio productivo, Red eléctrica, Red de agua, Conexiones de agua, Viviendas, Lotes en Los Piletones",Municipio,En ejecución,1361024895.35,51,0.0862
Chaco,Maipú,-,Tres Isletas ID 197,Lotes en Tres Isletas ID 197,OSC,En ejecución,790678748.1007001,89,0.0842
Chaco,Resistencia,2278,La Rubita,"Alumbrado, Red eléctrica, Conexiones eléctricas en La Rubita",Provincia,En ejecución,874580172.4200001,2005,0.0783
Mendoza,Maipú,-,Maipú ID 612,Lotes en Maipú ID 612,OSC,En ejecución,2592298211.2892,159,0.0771
San Luis,Merlo,5861,El Pantanillo,"Veredas, Alumbrado, Red eléctrica, Conexiones eléctricas, Red de agua, Conexiones de agua, Red de gas en El Pantanillo",Municipio,En ejecución,1069682087.93,164,0.0762
Santa Fe,Rosario,1785/1790/1802/1803/1818/1819/1903/1812,La Cava/La Tacuarita/Roca/Quinta/Libertad/Amistad/El Sol/Vía Honda 2/Vía Honda 2,"Red de agua, Conexiones de agua en La Cava/La Tacuarita/Roca/Quinta/Libertad/Amistad/El Sol/Vía Honda 2/Vía Honda 2",Provincia,En ejecución,489172122.12,1996,0.074
Tucumán,Graneros,5994,Colegiales,"Calles, Veredas, Cordón cuneta, Red eléctrica, Conexiones eléctricas, Red de agua, Conexiones de agua, Núcleos húmedos en Colegiales",Municipio,En ejecución,708909706.46,60,0.0733
Córdoba,Córdoba Capital,1656,Villa Urquiza (La Favela),"Calles, Veredas, Cordón cuneta, Centro comunitario, Alumbrado, Red eléctrica, Conexiones eléctricas, Red de agua, Conexiones de agua, Red cloacal, Conexiones a la cloaca, Viviendas, Lotes en Villa Urquiza (La Favela)",Provincia,En ejecución,403939547.05,780,0.07291
Chubut,Trelew,3533/3538,Moreira 3/Moreira 4,"Calles, Veredas, Cordón cuneta, Pluviales, Espacio verde,  Alumbrado, Red de agua, Conexiones de agua, Red cloacal, Conexiones a la cloaca en Moreira 3/Moreira 4",Municipio,En ejecución,2675548897.31,577,0.0692
Buenos Aires,Lanús,1047,ACUBA,"Calles, Veredas, Cordón cuneta, Pluviales, Alumbrado, Conexiones eléctricas, Red de agua, Conexiones de agua, Red cloacal, Conexiones a la cloaca en ACUBA",Municipio,En ejecución,2916167324.1,1000,0.0688
Buenos Aires,Escobar,462,Villa Bote,"Calles, Veredas, Cordón cuneta, Pluviales, Espacio verde,  Red cloacal, Conexiones a la cloaca en Villa Bote",Municipio,En ejecución,595943204.41,190,0.0641
Tierra del Fuego,Ushuaia,4201,Colombo,"Calles, Veredas, Cordón cuneta, Pluviales, Centro comunitario en Colombo",Provincia,En ejecución,199132154.86,60,0.0633
Buenos Aires,Berisso,1001,Villa Nueva,Centro comunitario + Centro de recreación y deporte en Villa Nueva,Municipio,En ejecución,339533741.64,210,0.0609
Buenos Aires,La Plata,4521,El Molino,"Veredas, Conexiones eléctricas en El Molino",OSC,En ejecución,135508079.01,121,0.0602
Entre Ríos,Federal,5620,El Silbido,"Calles, Veredas, Espacio verde,  Centro comunitario + Centro de recreación y deporte, Alumbrado, Red de agua, Conexiones de agua en El Silbido",Municipio,En ejecución,803934470.0199999,180,0.059300000000000005
Buenos Aires,Florencio Varela,264/487/93,"La Carolina, La Esperanza, El Parque","Veredas, Pluviales, Espacio verde,  Centro Verde, Alumbrado en La Carolina, La Esperanza, El Parque",Municipio,En ejecución,870431502.22,1485,0.0563
Buenos Aires,San Nicolás,-,San Nicolás ID 193,Lotes en San Nicolás ID 193,OSC,En ejecución,1626099682.7698002,128,0.0546
Buenos Aires,Almirante Brown,586/590/1412/1427,Los Ciruelos / Los Pinos / 14 de Febrero  / Los Paraguayos,"Calles, Veredas, Cordón cuneta, Pluviales, Espacio verde,  Red eléctrica en Los Ciruelos / Los Pinos / 14 de Febrero  / Los Paraguayos",Municipio,En ejecución,4836182232.3,88,0.050300000000000004
Buenos Aires,La Matanza,1155,Los Álamos II,"Veredas, Conexiones eléctricas en Los Álamos II",OSC,En ejecución,206200305.34,400,0.0502
Entre Ríos,Rosario Del Tala,3654,El Pueblito,"Conexiones eléctricas, Conexiones de agua en El Pueblito",OSC,En ejecución,422123094.81,173,0.0496
Neuquén,Rincón De Los Sauces,3968,Las Bardas,Veredas en Las Bardas,OSC,En ejecución,124549175.5,55,0.0438
Corrientes,Corrientes,2417,Mendoza Al Sur,Veredas en Mendoza Al Sur,OSC,En ejecución,125262667.29,336,0.0438
Buenos Aires,San Vicente,680/526/1160/1130,San José I/San José 2/San José FFCC/ Versalles,"Veredas, Espacio verde,  Centro de recreación y deporte, Alumbrado, Red eléctrica en San José I/San José 2/San José FFCC/ Versalles",Municipio,En ejecución,3944388827.88,844,0.0411
Buenos Aires,La Matanza,5290/1101,Barrio Veintiocho de Octubre/Barrio Gauchito Gil,"Calles, Veredas, Cordón cuneta, Pluviales, Espacio verde,  Alumbrado, Red eléctrica, Conexiones eléctricas, Conexiones de agua, Red cloacal, Conexiones a la cloaca en Barrio Veintiocho de Octubre/Barrio Gauchito Gil",Municipio,En ejecución,1524703806.89,172,0.0399
Buenos Aires,Avellaneda,992,Isla Maciel,"Calles, Veredas, Pluviales, Espacio verde,  Alumbrado, Red de agua, Red cloacal en Isla Maciel",Municipio,En ejecución,220092662.06,400,0.0311
Chaco,Resistencia,-,Resistencia ID 798,Lotes en Resistencia ID 798,OSC,En ejecución,2640876200.5681,238,0.0256
Corrientes,Corrientes,2422,Barrio Anahi,"Conexiones eléctricas, Núcleos húmedos en Barrio Anahi",OSC,En ejecución,289343150.86,54,0.0218
Entre Ríos,Paraná,2715,Santa Lucía,"Veredas, Conexiones eléctricas en Santa Lucía",OSC,En ejecución,133263146.98,104,0.0209
Santa Fe,Casilda,3977/4039,Nueva Roma H/Nueva Roma B,"Calles, Cordón cuneta en Nueva Roma H/Nueva Roma B",Municipio,En ejecución,795429434.75,60,0.0204
Buenos Aires,La Matanza,-,San Justo Barrio Bermejo,"Calles, Veredas, Cordón cuneta, Pluviales, Alumbrado, Red eléctrica, Red de agua, Red cloacal, Lotes en San Justo Barrio Bermejo",Municipio,En ejecución,328669104.8,168,0.02
Entre Ríos,Gualeguaychú,5189,Los Espinillos,"Calles, Veredas, Cordón cuneta, Espacio verde,  Centro de recreación y deporte, Red eléctrica, Red de agua, Red cloacal, Viviendas, Lotes en Los Espinillos",Municipio,En ejecución,2860564413.66,56,0.0183
Buenos Aires,Quilmes,1480,Azul,"Veredas, Cordón cuneta, Pluviales, Espacio verde,  Alumbrado, Red eléctrica, Conexiones eléctricas, Red de agua, Conexiones de agua, Red cloacal, Conexiones a la cloaca, Red de gas, Conexiones de gas, Núcleos húmedos en Azul",Municipio,En ejecución,159880785.11,294,0.017
Santa Fe,Rosario,1848,Villa Tablada,"Calles, Veredas, Pluviales, Alumbrado, Red eléctrica, Conexiones eléctricas, Red de agua, Conexiones de agua, Red cloacal, Conexiones a la cloaca, Viviendas en Villa Tablada",Municipio,En ejecución,2776458733.29,1100,0.0156
Misiones,Posadas,2055,Chacra 252,"Calles, Veredas, Cordón cuneta, Pluviales, Espacio verde,  Centro comunitario, Alumbrado, Red eléctrica, Red de agua, Conexiones de agua, Red cloacal, Mejoramientos, Lotes en Chacra 252",Provincia,En ejecución,2537674626.97,383,0.0146
Santa Fe,Avellaneda,3972,Barrio Ru,"Calles, Veredas, Pluviales, Espacio verde,  Centro de recreación y deporte, Red eléctrica, Red de agua, Conexiones de agua, Red cloacal, Viviendas, Lotes en Barrio Ru",Municipio,En ejecución,1002214158.2360001,92,0.0131
Buenos Aires,Mercedes,358/1284/1142/1189,Marchetti │Marchetti II │Redes │ Malvinas,"Calles, Veredas, Pluviales, Espacio verde,  Centro comunitario + Centro de recreación y deporte + Centro de recreación y deporte + Centro de recreación y deporte + Centro de recreación y deporte, Alumbrado, Red eléctrica, Conexiones eléctricas, Red cloacal, Conexiones a la cloaca, Viviendas, Lotes en Marchetti │Marchetti II │Redes │ Malvinas",Municipio,En ejecución,7752293805.37,928,0.0095
Buenos Aires,Tigre,-,Tigre ID 185,Lotes en Tigre ID 185,OSC,En ejecución,3559405595.4199004,130,0.0078
Buenos Aires,Avellaneda,1227,Villa Tranquila,"Pluviales, Espacio verde, en Villa Tranquila",Municipio,En ejecución,95289817.14000002,1500,0.0051
Buenos Aires,Baradero,5661/4761/213,Dos de septiembre/Sindicatos/La Igualdad,"Calles, Veredas, Pluviales en Dos de septiembre/Sindicatos/La Igualdad",Municipio,En ejecución,1437602511.87,95,0.0051
Río Negro,El Bolsón,"3728/3729/3753/3730/3745/4466/4929/4930/4931/4932
","Alma Fuerte/Los Ñires/El Renoval/Amancay/La Lagunita/Laguna de los Juncos/Cipresal/Valle del Lindo/Braulio Cárdenas/Buena Vista
","Calles, Alumbrado, Red eléctrica, Conexiones eléctricas, Red de agua, Conexiones de agua en Alma Fuerte/Los Ñires/El Renoval/Amancay/La Lagunita/Laguna de los Juncos/Cipresal/Valle del Lindo/Braulio Cárdenas/Buena Vista
",Municipio,En ejecución,3479412385.78,869,0.0044
Río Negro,General Roca,2503,Ampliación Chacramonte,"Calles, Veredas, Cordón cuneta, Espacio verde,  Alumbrado en Ampliación Chacramonte",Municipio,En ejecución,489493242.43,860,0.0028
Buenos Aires,Chascomús,212,Algarrobo,"Cordón cuneta, Pluviales en Algarrobo",Municipio,En ejecución,762947555.39,56,0.0007
Tierra del Fuego,Ushuaia,4201,Colombo,"Espacio verde,  Alumbrado, Conexiones de gas en Colombo",Provincia,En ejecución,116758602.03,72,0.0005
Santa Fe,Pérez,1788/1750,Barrio Jardín/El Fachinal,"Alumbrado, Red eléctrica en Barrio Jardín/El Fachinal",Municipio,En ejecución,230875228.01,150,0
Tucumán,Tafí Viejo,4119/4120/4121,Niño Jesús/Cortada de Matorel/Ampliación Meloni,Asistencia técnica para formulación de proyecto en Niño Jesús/Cortada de Matorel/Ampliación Meloni,Municipio,Terminado,2794000,0,-
Varios,Varios,1169/1412,Varios,Fortalecimiento comunitario en barrios populares el marco del COVID 19,OSC,Terminado,6729450,-,-
Varios,Varios,1033/1090/1107/2549/2567/2570/2575/2577/2597/2932/2934,Varios,Fortalecimiento comunitario en barrios populares el marco del COVID 19,OSC,Terminado,43413000,-,-
Varios,Varios,74/162/334/437/508/645/754/796/1078/1305,Varios,Fortalecimiento comunitario en barrios populares el marco del COVID 19,OSC,Terminado,43413000,-,-
Varios,Varios,509/819/1157/1168/1469/4295/4591,Varios,Fortalecimiento comunitario en barrios populares el marco del COVID 19,OSC,Terminado,40542000,-,-
Salta,San Ramón de la Nueva Orán/Rosario de la Frontera/Embarcación/Pinchanal/General Güemes/La Caldera,2121/2197/2127/2178/2183/3098/2135/3115/2170,Nestor Kirchner/Cuatro de Junio/San Expedito/Obras Sanitarias/Santa Ana/Dieciseis de Julio/Comunidad Mbooapi Karanday (Tres Palmeras)/Nueva Esperanza 2/Villa Sara,Asistencia técnica para formulación de proyecto en Nestor Kirchner/Cuatro de Junio/San Expedito/Obras Sanitarias/Santa Ana/Dieciseis de Julio/Comunidad Mbooapi Karanday (Tres Palmeras)/Nueva Esperanza 2/Villa Sara,Provincia,Terminado,4311230,0,-
Río Negro,El Bolsón,3728/3729/3753/3730/3744/3745/4466,Alma Fuerte/Los Ñires/El Renoval/Amancay/Amancay 2/La Laguinita/Laguna de los Juncos,Asistencia técnica para formulación de proyecto en Alma Fuerte/Los Ñires/El Renoval/Amancay/Amancay 2/La Laguinita/Laguna de los Juncos,Municipio,Terminado,7314692,0,-
Varios,Varios,397/543/1560/2278/2297/2392/2987,Varios,Fortalecimiento comunitario en barrios populares el marco del COVID 19,OSC,Terminado,40890000,-,-
Río Negro,General Roca,2503,Ampliación Chacramonte,Asistencia técnica para formulación de proyecto en Ampliación Chacramonte,Municipio,Terminado,520000,0,-
Varios,Varios,2217/2225/2245/2272/2313/2323/2340/2343/2344/2360/2361/3781/3800/3808/3816/3849,Varios,Fortalecimiento comunitario en barrios populares el marco del COVID 19,OSC,Terminado,18270000,-,-
Varios,Varios,1941/1967/2004/2028/3874/3918/3935/4493/4583,Varios,Fortalecimiento comunitario en barrios populares el marco del COVID 19,OSC,Terminado,41064000,-,-
Entre Ríos,La Paz,4173,La Ribera,Asistencia técnica para formulación de proyecto en La Ribera,OSC,Terminado,5313000,0,-
Varios,Varios,1564/1639/1684/2467/2502/2673/2714/3121/3538/3728/3952/3953/4354,Varios,Fortalecimiento comunitario en barrios populares el marco del COVID 19,OSC,Terminado,33843000,-,-
Varios,Varios,69/87/140/148/276/605/611/715/1235/2044/2934/3218,Varios,Fortalecimiento comunitario en barrios populares el marco del COVID 19,OSC,Terminado,41760000,-,-
Varios,Varios,625/1577/2117/2531,Varios,Fortalecimiento comunitario en barrios populares el marco del COVID 19,OSC,Terminado,14616000,-,-
Varios,Varios,44/87/172/585/640/992/1155/1168/1786/1820/2549/2552/2554/2556/2586/2592/2685/2819/2910/3014/4268,Varios,Fortalecimiento comunitario en barrios populares el marco del COVID 19,OSC,Terminado,9744000,-,-
Corrientes,Monte Caseros,5241/5242/5239,Fedullo/La Rana/San Ramon Sur,Asistencia técnica para formulación de proyecto en Fedullo/La Rana/San Ramon Sur,OSC,Terminado,10620000,0,-
Varios,Varios,676/1449/1642/1669/1812/1813/2212/2460/2584/2701/3320/3527/3542/4064,Varios,Fortalecimiento comunitario en barrios populares el marco del COVID 19,OSC,Terminado,19270500,-,-
Varios,Varios,77/119/122/197/596/774/824/891/951/1087/1145/1187/1190/1307/1468/1514/4546,Varios,Fortalecimiento comunitario en barrios populares el marco del COVID 19,OSC,Terminado,32538000,-,-
Varios,Varios,40/117/758/1319/4620,Varios,Fortalecimiento comunitario en barrios populares el marco del COVID 19,OSC,Terminado,15921000,-,-
Varios,Varios,136/725/785/839/969/1196/1333/1349,Varios,Fortalecimiento comunitario en barrios populares el marco del COVID 19,OSC,Terminado,41586000,-,-
Varios,Varios,1031/1411/2854/2872/2889/2891/3374/3437/4261,Varios,Fortalecimiento comunitario en barrios populares el marco del COVID 19,OSC,Terminado,27879150,-,-
Varios,Varios,1913/2173/2174/2217/2219/2990/3073/3077/4341,Varios,Fortalecimiento comunitario en barrios populares el marco del COVID 19,OSC,Terminado,23490000,-,-
Buenos Aires,Almirante Brown,337/483/154/1341/1167/1088/4501/1495/128/2943/1402,Almafuerte/Kanmar/ Veinte de junio/La Laurita/La Estrella/La Victoria/Sin Nombre/La Yaya I/Villa Corina/2 de abril/Sarmiento,Asistencia técnica para formulación de proyecto en Almafuerte/Kanmar/ Veinte de junio/La Laurita/La Estrella/La Victoria/Sin Nombre/La Yaya I/Villa Corina/2 de abril/Sarmiento,OSC,Terminado,47357028.95,0,-
Buenos Aires,Baradero,213/4310/4311,La Igualdad/Tobares/ Don Pedro,Asistencia técnica para formulación de proyecto en La Igualdad/Tobares/ Don Pedro,Municipio,Terminado,2328750,0,-
Varios,Varios,274/409/1654/1781/1804/1848/1853/2134/2135/2735/3638/3707/3709/4027/4144/4148/4354,Varios,Fortalecimiento comunitario en barrios populares el marco del COVID 19,OSC,Terminado,36540000,-,-
Varios,Varios,172/494/1272/1324/1357/1365/1429/1748/1762/1829/1830/2519/2605/2641/2893/3225/3493/3538/3542/4222/4341/44434487/,Varios,Fortalecimiento comunitario en barrios populares el marco del COVID 19,OSC,Terminado,41820900,-,-
Buenos Aires,Chascomús,212/1387,Algarrobo/San Cayetano,Asistencia técnica para formulación de proyecto en Algarrobo/San Cayetano,Municipio,Terminado,1076900,0,-
Buenos Aires,Mercedes,358/1284/1142,Marchetti │Marchetti II │Redes,Asistencia técnica para formulación de proyecto en Marchetti │Marchetti II │Redes,Municipio,Terminado,1149500,0,-
Varios,Varios,166/487/494/912/1021/1579/1712/1833/1853/1936/1946/2090/2235/2510/,Varios,Fortalecimiento comunitario en barrios populares el marco del COVID 19,OSC,Terminado,36540000,-,-
Buenos Aires,Escobar,462,Villa Bote,Asistencia técnica para formulación de proyecto en Villa Bote,OSC,Terminado,3579528.88,0,-
Santa Fe,Rosario/Santa Fe/Baigorria/Villa Gobernador Gálvez,1909/1786/1853/1832/2987/3040/1794/1775/1840/1776,Ludueña  - Los Pumitas - San Martin sur - Piamonte  - Las Lomas - La Vuelta del Paraguayo - Camino Muerto - La Ribera - Costa Esperanza - El Ocho,Asistencia técnica para formulación de proyecto en Ludueña  - Los Pumitas - San Martin sur - Piamonte  - Las Lomas - La Vuelta del Paraguayo - Camino Muerto - La Ribera - Costa Esperanza - El Ocho,Provincia,En ejecución,24800000,0,-
Misiones,Puerto Esperanza,3878,Bella Vista,Obras de integración urbana en Bella Vista,Municipio,En ejecución,180026133,0,-
Varios,Varios,Varios,Varios,Obras de integración urbana en Varios,OSC,En ejecución,29274937.680000003,0,-
Varios,Varios,Varios,Varios,Obras de integración urbana en Varios,OSC,En ejecución,113347117.2,0,-
Varios,Varios,Varios,Varios,Obras de integración urbana en Varios,OSC,En ejecución,91986660,0,-
Buenos Aires,San Isidro,397/1174/1251/2939/1261/545/2937/2880/2938,"La Cava, Veinte de Junio, Cava Chica, Sauce, San Cayetano, La Nueva Esperanza, Villa Ruedita, Ferroviario Santa Rosa, El Ombú","Asistencia técnica para formulación de proyecto en La Cava, Veinte de Junio, Cava Chica, Sauce, San Cayetano, La Nueva Esperanza, Villa Ruedita, Ferroviario Santa Rosa, El Ombú",Municipio,En ejecución,27023392,0,-
Varios,Varios,Varios,Varios,Obras de integración urbana en Varios,OSC,En ejecución,62742408.66,0,-
Buenos Aires,General Pueyrredón,444/852,El Martillo/Las Heras,Asistencia técnica para formulación de proyecto en El Martillo/Las Heras,OSC,En ejecución,6331251.39,0,-
Buenos Aires,Berazategui,1038/1567,Prosperidad/Arroyo Las Conchitas y 126 (Kenedy),Asistencia técnica para formulación de proyecto en Prosperidad/Arroyo Las Conchitas y 126 (Kenedy),Municipio,En ejecución,4498600,0,-
Tucumán,San Miguel De Tucumán,2760/2762,Autopista Sur/ Los Vázquez,Obras de integración urbana en Autopista Sur/ Los Vázquez,Provincia,En ejecución,74488349,0,-
Santa Fe,Rosario,1837/1759,Nuevo Alberdi Oeste/Zona Rural,Asistencia técnica para formulación de proyecto en Nuevo Alberdi Oeste/Zona Rural,OSC,En ejecución,6086750,0,-
Chaco,Resistencia,2278,La Rubita,Asistencia técnica para formulación de proyecto en La Rubita,Provincia,En ejecución,63229000,0,-
Santa Fe,Villa Constitución,4193 / 4194,Santa Teresita / Prefectura,Obras de integración urbana en Santa Teresita / Prefectura,Municipio,En ejecución,64565314,0,-
Córdoba,Córdoba Capital,1639/1644/4285,Barrio Angelelli / Doce de Septiembre / El Milagro,Obras de integración urbana en Barrio Angelelli / Doce de Septiembre / El Milagro,Provincia,En ejecución,5607277.16,0,-
Córdoba,Córdoba Capital,4277,Parque Las Rosas,Asistencia técnica para formulación de proyecto en Parque Las Rosas,OSC,En ejecución,2157743.35,0,-
Córdoba,Córdoba Capital,1737,El Sauce,Obras de integración urbana en El Sauce,Provincia,En ejecución,8480493.28,0,-
Corrientes,Corrientes,2411,Doctor Montaña,Obras de integración urbana en Doctor Montaña,Provincia,En ejecución,13321590.74,0,-
Río Negro,Cinco Saltos,2532,Obreros Unidos,Asistencia técnica para formulación de proyecto en Obreros Unidos,Municipio,En ejecución,510000,0,-
Buenos Aires,Almirante Brown,584,Pueblo Unido,Asistencia técnica para formulación de proyecto en Pueblo Unido,OSC,En ejecución,7939621.75,0,-
Entre Ríos,Paraná,-,Paraná ID 556,Lotes en Paraná ID 556,OSC,En contratación,2461525761.4795003,222,-
Formosa,Formosa,-,Formosa ID 546,Lotes en Formosa ID 546,OSC,En contratación,2844886298.111,186,-
Entre Ríos,Paraná,-,Paraná ID 702,Lotes en Paraná ID 702,OSC,En contratación,2462678809.1202,130,-
Entre Ríos,Paraná,-,Paraná ID 724,Lotes en Paraná ID 724,OSC,En contratación,3323853580.1000004,204,-
San Juan,Ullum,-,Ullim ID 869,Lotes en Ullim ID 869,OSC,En contratación,3600135542.1579003,171,-
Santa Fe,Garay,-,Garay - Helvecia  ID 691,Lotes en Garay - Helvecia  ID 691,OSC,En contratación,1850799570.5537002,98,-
Córdoba,Capital,-,Córdoba 686,Lotes en Córdoba 686,OSC,En contratación,694749888.7945001,36,-
Chaco,Gral Guemes,-,Gral Guemes- Casteli ID 595,Lotes en Gral Guemes- Casteli ID 595,OSC,En contratación,976969657.6365002,74,-
Buenos Aires,Pergamino,-,Pergamino ID 773,Lotes en Pergamino ID 773,OSC,En contratación,5684616775.900201,250,-
Buenos Aires,Bahía Blanca,-,Bahía Blanca ID 654,Lotes en Bahía Blanca ID 654,OSC,En contratación,3355538411.261,154,-
Buenos Aires,Zárate,-,Zárate ID 563,Lotes en Zárate ID 563,OSC,En contratación,2705905282.3516,223,-
Buenos Aires,Exaltación de la Cruz,-,Exaltación de la Cruz ID 565,Lotes en Exaltación de la Cruz ID 565,OSC,En contratación,888871750.69,90,-
Buenos Aires,25 de Mayo,-,25 de Mayo ID 745,Lotes en 25 de Mayo ID 745,OSC,En contratación,1745188721.0387,100,-