Provincia,Municipio,ID RENABAP,Barrio,Obras no iniciadas,Obras en ejecución,Obras terminadas,Adjudicaciones rechazadas,Inversión total
Buenos Aires,Lomas de Zamora,25,Laberinto,0,1,6,2,2740000
Buenos Aires,La Plata,46,Sin Nombre,0,3,68,7,24260000
Buenos Aires,Esteban Echeverría,785,El Gauchito Gil,0,6,61,5,26710000
Buenos Aires,La Plata,31,Villa Las Rosas,0,1,12,0,3720000
Buenos Aires,La Plata,42,Las Palmeras,0,7,211,20,69310000
Buenos Aires,San Pedro,351,Estación San Pedro,0,1,20,2,6480000
Buenos Aires,José C. Paz,386,Alberdi,0,0,35,1,12680000
Buenos Aires,General Rodríguez,610,Selectos de Gaona,0,4,25,1,10420000
Buenos Aires,La Plata,28,El Rincón III,0,1,2,1,1950000
Buenos Aires,Berisso,1004,Puerto La Plata,0,2,4,0,2380000
Buenos Aires,Lomas de Zamora,34,Juan Domingo Perón,0,0,39,11,13620000
Buenos Aires,La Plata,39,La Esperanza,0,2,15,2,6750000
Buenos Aires,Pilar,318,Los Grillos,0,12,182,11,62980000
Buenos Aires,La Plata,44,El Triunfo,0,4,94,8,30130000
Buenos Aires,Almirante Brown,1425,Seis de Diciembre,0,4,46,4,16770000
Buenos Aires,Campana,48,Veintiuno de septiembre,0,11,189,19,66530000
Buenos Aires,La Matanza,1573,Susana,0,4,38,2,14820000
Buenos Aires,La Plata,24,La Banda,0,1,46,5,15850000
Buenos Aires,Merlo,1216,El Palenque,0,6,27,2,12340000
Buenos Aires,Pilar,27,Monterrey II,0,0,1,0,240000
Buenos Aires,La Plata,929,El Molino I,0,1,10,0,4200000
Buenos Aires,Quilmes,30,La Cañada,0,5,126,7,44610000
Buenos Aires,Almirante Brown,4608,La Matera,0,0,7,3,3700000
Buenos Aires,Avellaneda,32,Urquiza,0,0,9,1,3840000
Buenos Aires,Florencio Varela,264,La Carolina,1,11,239,18,94020000
Buenos Aires,La Plata,35,San Cayetano,0,2,82,1,26470000
Buenos Aires,La Plata,38,Las Casuarinas,0,0,15,3,5400000
Buenos Aires,Castelli,4518,Matadero,0,0,2,3,1920000
Buenos Aires,La Plata,41,Los Rosales,0,2,36,7,13790000
Buenos Aires,Lomas de Zamora,1289,Ciudad Jardín Santa Catalina,0,2,4,3,2960000
Buenos Aires,La Plata,43,Sin Nombre,0,3,9,2,5280000
Buenos Aires,Moreno,4738,Don José,0,0,2,0,850000
Buenos Aires,Lomas de Zamora,45,Nueva Fiorito,0,10,204,12,73160000
Buenos Aires,Almirante Brown,5393,Santa Rosa,0,2,9,0,5430000
Buenos Aires,Almirante Brown,182,San Jerónimo y Albeniz,0,1,21,2,8230000
Buenos Aires,Vicente López,369,La Fabrikita II,0,0,2,1,1080000
Buenos Aires,La Plata,49,Sin Nombre,0,3,42,2,15100000
Buenos Aires,Hurlingham,903,Los Patitos,0,2,16,2,6120000
Buenos Aires,Tigre,790,Alge II,0,1,3,0,2400000
Buenos Aires,Florencio Varela,817,Tres de Mayo,1,9,260,9,84520000
Buenos Aires,La Plata,837,Las Dos Manzanas,0,3,10,1,5520000
Buenos Aires,Necochea,629,Los Malvones,0,0,28,4,8880000
Buenos Aires,General Pueyrredón,876,Parque Peña,0,0,2,0,340000
Buenos Aires,La Plata,13,El Progreso,0,2,22,5,8270000
Buenos Aires,La Matanza,911,Los Vagones de Tablada,0,1,32,2,10240000
Buenos Aires,Luján,599,Villa María,0,0,3,0,1080000
Buenos Aires,Moreno,947,Dos de Abril,0,1,38,1,11740000
Buenos Aires,Berazategui,4599,San Blas,0,0,4,0,1590000
Buenos Aires,Berisso,985,COTILAP,0,0,57,3,18580000
Buenos Aires,La Plata,4617,La Piojera,0,0,7,1,3240000
Buenos Aires,Malvinas Argentinas,1022,Pech,1,4,115,5,39060000
Buenos Aires,Avellaneda,127,Matanza y José Martín de La Serna,0,0,5,0,1560000
Buenos Aires,Merlo,1056,San Eduardo,3,11,253,21,85720000
Buenos Aires,La Plata,1075,La Esperanza,0,12,329,16,97210000
Buenos Aires,Quilmes,1091,El Monte,0,17,347,25,121850000
Buenos Aires,Florencio Varela,505,Diagonal Vía Pública,0,0,4,1,1560000
Buenos Aires,La Matanza,5297,El Trébol,0,1,7,1,4350000
Buenos Aires,Lomas de Zamora,1166,Primero de Octubre,0,5,175,13,57700000
Buenos Aires,La Matanza,293,El Triángulo,0,0,5,3,3480000
Buenos Aires,La Matanza,4239,Puente 13,0,0,6,0,2160000
Buenos Aires,Vicente López,239,Dos de Abril,0,1,30,4,10420000
Buenos Aires,General Pueyrredón,306,Villa Evita,1,2,92,14,35470000
Buenos Aires,Almirante Brown,743,San Pablo II,0,0,6,0,1800000
Buenos Aires,Quilmes,1145,Sayonara II,0,9,261,23,83010000
Buenos Aires,General Pueyrredón,4274,Conventillo,0,0,16,0,3420000
Buenos Aires,General Rodríguez,1147,Parque Granaderos,1,10,125,7,42120000
Buenos Aires,Merlo,4452,Cabulli,0,7,104,4,33320000
Buenos Aires,Quilmes,1175,El Sol,0,4,100,7,34780000
Buenos Aires,Escobar,443,Primero de Julio,1,0,27,4,11020000
Buenos Aires,Almirante Brown,415,Nuevo Sol II,0,1,31,4,12440000
Buenos Aires,Moreno,1393,Dimini,0,1,2,0,940000
Buenos Aires,Zárate,347,Pecorena,0,0,22,2,8530000
Buenos Aires,Tigre,5326,Rialto,0,1,6,0,3360000
Buenos Aires,La Plata,91,La Bajada,0,0,24,1,7080000
Buenos Aires,General San Martín,359,La California,0,3,19,4,6760000
Buenos Aires,Balcarce,364,Sin Nombre,0,0,8,0,2040000
Buenos Aires,Moreno,1498,Bongiovanni,3,6,113,5,38580000
Buenos Aires,Chivilcoy,374,Rojas,0,0,18,1,5880000
Buenos Aires,Berisso,378,Santa Cruz,0,11,189,12,68220000
Buenos Aires,Florencio Varela,382,San Francisco Chico,0,2,57,5,20340000
Buenos Aires,Florencio Varela,735,Martín Gras y Calle 828,0,0,46,2,12810000
Buenos Aires,Quilmes,4604,La Ribera,0,2,92,13,33180000
Buenos Aires,Azul,115,San Martín de Porres,0,1,22,2,6820000
Buenos Aires,Lomas de Zamora,805,Sin Nombre,0,1,44,5,13740000
Buenos Aires,General San Martín,2934,Independencia,4,63,956,83,345250000
Buenos Aires,Presidente Perón,827,San Martín,0,2,95,10,30580000
Buenos Aires,Esteban Echeverría,783,San Nicolás,0,1,27,3,10220000
Buenos Aires,San Miguel,848,San Ambrosio II,0,2,40,2,15850000
Buenos Aires,Pilar,219,La Escondida,0,6,174,17,58360000
Buenos Aires,Hurlingham,867,Cristo Obrero,0,0,2,0,600000
Buenos Aires,La Plata,325,36 Bis y 135,0,0,5,0,1200000
Buenos Aires,Lomas de Zamora,886,Soledad,0,4,73,6,25700000
Buenos Aires,Zárate,287,Los Rosales,0,2,24,6,8080000
Buenos Aires,Hurlingham,902,Nuevo Parque Quirno,0,1,47,4,15100000
Buenos Aires,General Pueyrredón,444,El Martillo,0,0,33,4,11160000
Buenos Aires,Moreno,921,Seminario,0,1,21,3,7260000
Buenos Aires,Patagones,4919,Colonia Ferroviaria,0,1,4,0,2280000
Buenos Aires,Almirante Brown,937,El Trébol,0,0,2,0,480000
Buenos Aires,General San Martín,644,Trece de Julio,0,3,87,10,33430000
Buenos Aires,Ituzaingó,956,El Martillazo I,0,0,8,1,2280000
Buenos Aires,Pergamino,533,Santa Teresita,0,1,51,4,17990000
Buenos Aires,La Plata,975,El Retiro,1,6,237,23,78330000
Buenos Aires,Florencio Varela,135,Don José,0,5,80,5,33510000
Buenos Aires,José C. Paz,993,Frino,0,1,32,0,10210000
Buenos Aires,Junín,525,Las Marías,0,0,1,0,240000
Buenos Aires,Avellaneda,1013,Madariaga,0,3,38,5,13210000
Buenos Aires,Tordillo,335,Paraje Villa Roch,0,0,3,2,1200000
Buenos Aires,Villa Gesell,1030,La Esperanza,1,2,70,9,26920000
Buenos Aires,Lobos,301,Pym,0,0,3,0,580000
Buenos Aires,San Vicente,1046,Santa Ana,0,5,96,7,35380000
Buenos Aires,Ensenada,900,Club de Pesca,0,0,15,0,4330000
Buenos Aires,La Plata,1065,La Piedad,0,7,176,13,56310000
Buenos Aires,Pilar,255,San Souci,0,3,55,5,20900000
Buenos Aires,La Plata,1083,29 y 90,0,4,78,9,28680000
Buenos Aires,Quilmes,1281,Veinticuatro de Marzo,0,0,12,0,2880000
Buenos Aires,La Plata,1100,Sin Nombre,0,1,11,0,3320000
Buenos Aires,Moreno,1280,Mayor del Pino,0,1,22,2,8140000
Buenos Aires,San Nicolás,275,Martínez,1,1,29,3,9000000
Buenos Aires,9 de Julio,517,Los Aromos,0,0,18,3,5980000
Buenos Aires,Malvinas Argentinas,240,Santa Mónica,0,2,26,2,9580000
Buenos Aires,Zárate,284,Los Sauces,0,0,11,4,3920000
Buenos Aires,San Vicente,1130,Versalles,0,1,13,2,6820000
Buenos Aires,Chascomús,212,Algarrobo,0,0,19,3,6730000
Buenos Aires,Mercedes,1183,San Martín II,0,1,40,7,15660000
Buenos Aires,Moreno,928,Veintitrés de Diciembre,4,23,339,16,113360000
Buenos Aires,Luján,5345,Lezica,0,2,0,0,1200000
Buenos Aires,Almirante Brown,552,Villa París,0,0,9,1,2640000
Buenos Aires,Malvinas Argentinas,222,La Hoya,0,1,50,0,16670000
Buenos Aires,Avellaneda,1316,Luján,0,7,89,8,30640000
Buenos Aires,General San Martín,1238,Mitre y Boulogne Sur Mer,0,1,12,0,4080000
Buenos Aires,Chacabuco,4750,Misioneros II,0,0,1,0,600000
Buenos Aires,Florencio Varela,1200,La Huella,0,2,29,1,10930000
Buenos Aires,Berisso,4619,Colar,0,0,7,0,1900000
Buenos Aires,La Plata,4,La Favelita,0,1,3,0,2400000
Buenos Aires,Zárate,1074,Nueva Esperanza,0,0,23,3,7160000
Buenos Aires,Pilar,5312,Santa Brígida,1,5,82,6,33900000
Buenos Aires,Pehuajó,320,Talleres,0,1,27,4,8660000
Buenos Aires,General San Martín,1249,La Catanga,0,1,28,5,8940000
Buenos Aires,Quilmes,4231,Ciudad Oculta,0,0,9,0,2140000
Buenos Aires,Bragado,512,El Complejo,0,0,3,1,1320000
Buenos Aires,Tres de Febrero,1122,Paredón,0,1,28,5,9090000
Buenos Aires,Chascomús,202,La Esmeralda,0,1,13,2,5160000
Buenos Aires,La Matanza,332,Don Juan,2,22,295,17,113860000
Buenos Aires,La Matanza,1321,Doce de Octubre,1,14,348,19,118670000
Buenos Aires,Merlo,163,Pasaje Zapiola 446,0,0,1,1,480000
Buenos Aires,José C. Paz,653,Sagrada Familia,1,7,146,18,53200000
Buenos Aires,Moreno,1250,Altos de La Reja,0,8,166,12,60160000
Buenos Aires,Malvinas Argentinas,229,Pech,0,0,2,0,600000
Buenos Aires,Esteban Echeverría,1391,Esperanza,0,2,33,4,11500000
Buenos Aires,Esteban Echeverría,1407,La Paz,0,5,60,4,21240000
Buenos Aires,Lomas de Zamora,349,Antártida Argentina,0,9,165,14,58300000
Buenos Aires,Tigre,5325,Arenera,0,1,2,0,1800000
Buenos Aires,Vicente López,179,La Fabrikita,0,5,36,6,16980000
Buenos Aires,Vicente López,180,Las Flores,1,29,352,39,125100000
Buenos Aires,Lanús,181,Rivadavia,0,1,10,1,3360000
Buenos Aires,La Matanza,712,Ayacucho,0,0,10,1,2980000
Buenos Aires,Villarino,362,Colonia Ferroviaria,0,0,39,5,13900000
Buenos Aires,Pilar,1479,San Alejo,0,1,99,14,36060000
Buenos Aires,José M. Ezeiza,367,Luján II,0,0,19,1,5140000
Buenos Aires,Tres de Febrero,5387,Magaldi,0,0,1,0,600000
Buenos Aires,Capitán Sarmiento,372,Centro,0,0,2,0,480000
Buenos Aires,General San Martín,1516,Altafini,0,3,6,1,3490000
Buenos Aires,La Matanza,376,Las Achiras,0,14,143,17,56930000
Buenos Aires,Pilar,1536,Toro y Paso,0,1,9,0,3720000
Buenos Aires,Florencio Varela,380,Los Tronquitos II,0,1,48,1,17130000
Buenos Aires,José C. Paz,1557,La Triangulito,0,0,10,0,3000000
Buenos Aires,Pehuajó,384,Cumba,0,0,4,0,960000
Buenos Aires,San Nicolás,268,Los Pinos,0,2,27,2,8580000
Buenos Aires,La Plata,2,Malvinas II,1,15,123,6,48490000
Buenos Aires,General San Martín,2868,Sarmiento,0,1,15,1,4860000
Buenos Aires,Moreno,786,Anderson,0,1,37,3,12800000
Buenos Aires,Pilar,330,Boliviano II,1,2,45,9,15280000
Buenos Aires,General Pueyrredón,795,Libertad,0,2,25,3,9620000
Buenos Aires,General Pueyrredón,5648,Las Canteras,0,0,5,1,3120000
Buenos Aires,Presidente Perón,811,Hospital Guernica,0,1,39,0,11600000
Buenos Aires,Chivilcoy,168,Sur,0,0,1,0,240000
Buenos Aires,General Pueyrredón,822,Parque Hermoso,0,4,45,5,17850000
Buenos Aires,Quilmes,2923,La Loma,1,7,122,4,44320000
Buenos Aires,Lomas de Zamora,832,General Conesa y Campana,0,0,17,2,4660000
Buenos Aires,Tigre,2904,Juan Pablo II,0,6,135,13,45560000
Buenos Aires,Esteban Echeverría,843,Santa Adela y Santa Teresita,0,1,7,1,2640000
Buenos Aires,Pilar,1,Monterrey I,0,1,5,2,2980000
Buenos Aires,General Pueyrredón,852,Las Heras,0,6,121,7,41080000
Buenos Aires,Villarino,4337,Veinticuatro de Septiembre,1,5,52,1,19420000
Buenos Aires,Hurlingham,862,Villegas,0,1,6,0,2740000
Buenos Aires,La Plata,75,El Bajo,0,0,12,3,4420000
Buenos Aires,Tigre,872,San Luis,0,0,13,4,5360000
Buenos Aires,Mercedes,1119,Puente Plateado,0,0,8,2,2380000
Buenos Aires,La Plata,880,Santa Ana,0,1,19,2,6370000
Buenos Aires,Moreno,925,Pages,0,1,5,0,1440000
Buenos Aires,General Pueyrredón,890,Newbery,0,0,5,0,1560000
Buenos Aires,Merlo,1193,El Argentino I,1,1,85,3,30330000
Buenos Aires,Florencio Varela,898,Cura Brochero,0,1,15,1,4920000
Buenos Aires,Ensenada,329,Rubencito,0,2,37,0,14600000
Buenos Aires,Quilmes,1273,Sayonara I,0,1,40,1,12220000
Buenos Aires,La Plata,23,Malvinas Argentinas,0,2,25,3,9920000
Buenos Aires,Florencio Varela,915,La Fiat,0,0,5,0,1780000
Buenos Aires,Moreno,829,Malaver,1,0,11,0,3940000
Buenos Aires,Moreno,944,Santa Paula II,0,3,20,1,7280000
Buenos Aires,La Costa,1405,Santa Fe y Madariaga,0,1,2,0,1080000
Buenos Aires,Moreno,933,Santa Paula I,1,2,18,1,7210000
Buenos Aires,Malvinas Argentinas,1259,Rodriguez,0,0,14,1,4180000
Buenos Aires,General Pueyrredón,4272,San Carlos,0,1,4,2,2880000
Buenos Aires,Ituzaingó,953,Nueve de Julio,1,0,25,1,7180000
Buenos Aires,Ituzaingó,952,El Culto,0,0,11,0,3360000
Buenos Aires,Moreno,541,Lomas Verdes,0,2,86,6,28140000
Buenos Aires,Florencio Varela,960,Humahuaca,0,0,27,2,7300000
Buenos Aires,Florencio Varela,614,Terraplén y San Juan,0,3,28,5,12000000
Buenos Aires,Florencio Varela,970,Los Coquis,0,0,19,6,7780000
Buenos Aires,La Matanza,1357,Palito,0,5,56,5,23420000
Buenos Aires,Malvinas Argentinas,980,Descartes y José de San Martín,0,0,12,2,3820000
Buenos Aires,Esteban Echeverría,296,Los Pocitos,0,0,11,2,3840000
Buenos Aires,Florencio Varela,989,Dos de Febrero,0,5,99,10,40600000
Buenos Aires,Luján,597,San Pedro,0,3,55,3,19610000
Buenos Aires,Berisso,1000,Villa Progreso II,0,3,32,5,13040000
Buenos Aires,Lomas de Zamora,504,Centenario,0,8,163,15,63010000
Buenos Aires,Florencio Varela,1009,Nueve de Febrero,0,4,60,7,23800000
Buenos Aires,Moreno,1239,Seis de Enero,0,7,81,2,32480000
Buenos Aires,Berisso,1018,Universitario,0,1,13,0,4660000
Buenos Aires,Bragado,465,Villa Cano,0,0,18,3,5240000
Buenos Aires,Tres de Febrero,1026,Rayito de Sol,0,2,48,2,16060000
Buenos Aires,Moreno,1362,Cascallares II,1,7,117,2,39860000
Buenos Aires,La Plata,1034,Sin Nombre,0,0,11,2,3700000
Buenos Aires,Berazategui,1395,Sin Nombre,0,1,15,1,5640000
Buenos Aires,Merlo,4546,Nueva Esperanza,6,9,171,19,60430000
Buenos Aires,Moreno,1352,Rififí,0,0,44,6,14340000
Buenos Aires,La Matanza,499,El Fortín,2,16,531,47,189790000
Buenos Aires,Almirante Brown,752,San Pablo,0,0,5,1,1920000
Buenos Aires,Escobar,261,De Acunto,0,3,38,1,12200000
Buenos Aires,Malvinas Argentinas,209,Bella Flor,0,0,6,0,1300000
Buenos Aires,Ituzaingó,753,Atalaya,0,0,9,1,2260000
Buenos Aires,José C. Paz,1384,La Cava,0,5,118,6,41200000
Buenos Aires,José C. Paz,1079,Terminal 391,0,0,30,3,10000000
Buenos Aires,Pergamino,562,Belgrano,1,0,28,3,9940000
Buenos Aires,La Matanza,1319,René Salamanca,0,4,94,5,30180000
Buenos Aires,Hurlingham,891,San Damián,0,1,47,3,15080000
Buenos Aires,San Nicolás,269,Evita,0,1,38,2,9780000
Buenos Aires,Tandil,5677,Terrabuela,0,1,4,0,2760000
Buenos Aires,San Nicolás,272,Los Pescadores,0,0,10,1,2760000
Buenos Aires,Quilmes,896,La Vera,1,6,80,9,33350000
Buenos Aires,Almirante Brown,274,Las Latitas,0,2,30,1,9940000
Buenos Aires,Almirante Brown,1102,San Agustín,0,1,9,1,3800000
Buenos Aires,San Nicolás,276,Las Mellizas,1,3,49,6,17650000
Buenos Aires,Tres de Febrero,1033,Esperanza,3,5,107,9,37950000
Buenos Aires,Luján,598,La Loma,0,4,15,0,6730000
Buenos Aires,Bahía Blanca,659,Carlos Gardel,0,0,7,0,2640000
Buenos Aires,La Matanza,5292,El Triunfo,0,2,9,1,6500000
Buenos Aires,Zárate,283,Barrio H,0,0,30,2,10220000
Buenos Aires,Lomas de Zamora,1157,Dos de Mayo,1,5,114,3,38520000
Buenos Aires,Lomas de Zamora,1162,Libertad,0,7,76,11,30540000
Buenos Aires,La Matanza,1333,San Cayetano II,1,4,88,7,30420000
Buenos Aires,La Matanza,5300,Tres Manzanas,0,0,3,0,1560000
Buenos Aires,Pilar,4560,Lima,0,0,9,2,2740000
Buenos Aires,La Matanza,292,El Pasillo,0,0,2,0,1200000
Buenos Aires,Quilmes,548,El Triángulo,0,2,46,3,16270000
Buenos Aires,Zárate,294,La Ilusión,0,9,100,3,39360000
Buenos Aires,General San Martín,2866,Billinghurst II,0,0,11,1,3480000
Buenos Aires,Tigre,5335,Nueva Esperanza,0,3,5,0,4080000
Buenos Aires,Villa Gesell,4300,El Canal,0,0,4,0,960000
Buenos Aires,Moreno,4543,Sin Nombre,0,0,3,0,630000
Buenos Aires,Moreno,1396,La Latita,0,1,4,0,1540000
Buenos Aires,Tigre,967,Arroyo El Claro IV,0,0,7,2,2360000
Buenos Aires,Malvinas Argentinas,253,Eaton,0,0,8,2,3460000
Buenos Aires,Quilmes,1223,Iapi I,0,7,72,6,29400000
Buenos Aires,Merlo,5378,Esperanza,1,5,23,1,15480000
Buenos Aires,Tigre,1332,Basualdo,0,1,13,1,4300000
Buenos Aires,San Vicente,1131,Santa Rosa,0,0,2,1,580000
Buenos Aires,Morón,1214,Esperanza,0,1,21,1,5960000
Buenos Aires,Pergamino,571,La 513,0,0,10,2,4320000
Buenos Aires,Malvinas Argentinas,257,Santa Elena,0,0,48,4,13360000
Buenos Aires,La Matanza,447,Argenpan,0,0,11,0,3480000
Buenos Aires,Zárate,286,Las Violetas,0,0,16,0,4560000
Buenos Aires,Pilar,4597,William Morris,0,5,39,4,19190000
Buenos Aires,General Pueyrredón,4309,Cabo Corrientes,0,0,12,3,4520000
Buenos Aires,Lomas de Zamora,273,Santa Catalina,3,100,1513,123,559400000
Buenos Aires,Tres de Febrero,4297,Maldonado,2,5,81,14,32690000
Buenos Aires,Quilmes,565,Primavera,0,5,100,12,34840000
Buenos Aires,José M. Ezeiza,317,Vista Alegre,0,7,229,20,75900000
Buenos Aires,Florencio Varela,955,Paysandú,0,1,66,8,23690000
Buenos Aires,Almirante Brown,319,San Lucas,0,2,5,1,2640000
Buenos Aires,Moreno,1297,Villa Ángela,0,1,13,0,3940000
Buenos Aires,Malvinas Argentinas,1302,Teniente General Ibañez,0,0,11,0,3240000
Buenos Aires,San Miguel,5310,Madre Esperanza,0,3,16,0,9720000
Buenos Aires,General Rodríguez,470,Los Troncos,1,3,103,3,32410000
Buenos Aires,Escobar,1132,Los Pinos,0,5,54,4,19460000
Buenos Aires,Almirante Brown,1059,La Tranquera,0,4,45,2,16790000
Buenos Aires,Quilmes,564,La Unión,0,1,28,1,8150000
Buenos Aires,General Rodríguez,511,Mi Rincón,2,7,100,6,38560000
Buenos Aires,Merlo,4453,Villa Angélica,2,3,113,4,38920000
Buenos Aires,Escobar,4575,Parque Norte,0,1,9,0,5040000
Buenos Aires,La Matanza,449,Primavera,2,21,363,20,132130000
Buenos Aires,Punta Indio,331,Latorre,0,2,17,6,9360000
Buenos Aires,La Matanza,1348,La Isla,0,3,31,3,11710000
Buenos Aires,San Fernando,1150,Arroyo Fate,0,2,27,8,11020000
Buenos Aires,Pilar,4342,Agustoni,0,38,769,50,268370000
Buenos Aires,Baradero,4756,La Rotonda,0,0,6,1,3360000
Buenos Aires,Luján,4740,Parque Lasa,0,0,0,1,600000
Buenos Aires,Tres de Febrero,299,La Favela,0,0,15,0,3600000
Buenos Aires,La Plata,917,San Antonio,0,1,11,0,3840000
Buenos Aires,La Costa,5655,Pueyrredón,0,0,4,0,2400000
Buenos Aires,José C. Paz,621,Nestor Kirchner,0,0,3,0,950000
Buenos Aires,José C. Paz,1386,Mirador de Altube II,0,2,42,3,15180000
Buenos Aires,José C. Paz,4737,La Esperanza,0,0,2,0,960000
Buenos Aires,Moreno,1398,La Porteña II,1,13,125,13,53420000
Buenos Aires,Tigre,1152,Carlos y Avenida del Trabajo,0,0,3,1,960000
Buenos Aires,José M. Ezeiza,346,Tres Américas,0,5,144,13,50880000
Buenos Aires,25 de Mayo,5658,El Triángulo,0,0,2,0,610000
Buenos Aires,San Pedro,348,Don Juan,0,1,29,6,11880000
Buenos Aires,Olavarría,1416,Villa Aurora,0,0,3,1,960000
Buenos Aires,La Plata,350,San Cayetano,0,0,26,0,8540000
Buenos Aires,San Pedro,636,San Francisco,0,0,10,1,2620000
Buenos Aires,Merlo,352,Martín Fierro,1,0,8,1,3360000
Buenos Aires,Ituzaingó,353,Evita II,0,0,3,0,720000
Buenos Aires,Mercedes,354,Facundo Quiroga,0,4,65,3,21080000
Buenos Aires,José M. Ezeiza,355,San Francisco Javier,0,2,43,7,17540000
Buenos Aires,La Matanza,356,El Cascote,0,1,10,1,4180000
Buenos Aires,Balcarce,357,28 y 103,0,0,7,2,2380000
Buenos Aires,Mercedes,358,Marchetti,0,4,104,10,34940000
Buenos Aires,Tigre,1460,Colombia y Libertad,0,1,11,1,4470000
Buenos Aires,José M. Ezeiza,361,El Ombú,0,2,102,9,35300000
Buenos Aires,Hurlingham,717,San Jorge,0,0,16,2,6600000
Buenos Aires,La Plata,47,155 y 46,0,1,10,1,3820000
Buenos Aires,General Pueyrredón,5645,Playa Serena,1,1,2,1,3000000
Buenos Aires,General Pueyrredón,365,Regional,0,1,11,1,3840000
Buenos Aires,Presidente Perón,1490,América Unida,0,7,85,8,32230000
Buenos Aires,Villa Gesell,368,El Golf,0,0,4,0,1440000
Buenos Aires,Merlo,5375,Río Alegre,0,6,116,5,45250000
Buenos Aires,San Pedro,371,Bajo Puerto,0,1,25,2,6880000
Buenos Aires,Moreno,1508,Reja Grande,0,0,37,4,11980000
Buenos Aires,Ituzaingó,373,Nuevo,0,0,1,0,240000
Buenos Aires,Moreno,5352,La Esperanza,0,2,23,0,14300000
Buenos Aires,Chivilcoy,375,De Los Inmigrantes y M. Luis Conti,0,0,12,0,2740000
Buenos Aires,Quilmes,1525,La Cañada II,0,0,1,0,600000
Buenos Aires,Florencio Varela,377,Los Tronquitos I,0,16,289,19,105580000
Buenos Aires,Campana,148,Las Colinas,0,2,13,2,5520000
Buenos Aires,Berisso,379,Villa Roca,0,6,185,13,62580000
Buenos Aires,Ramallo,1544,Sur,0,2,22,4,10540000
Buenos Aires,La Matanza,381,Sarmiento,1,1,62,7,19400000
Buenos Aires,Tigre,4732,Cina Cina,1,2,48,1,21420000
Buenos Aires,Lomas de Zamora,383,Dos de Abril,0,7,126,4,42370000
Buenos Aires,La Plata,1565,El Olvido,0,1,51,7,18880000
Buenos Aires,Escobar,385,Stone,0,1,62,4,25800000
Buenos Aires,La Matanza,755,Cruz del Sur,1,19,152,11,63970000
Buenos Aires,José C. Paz,50,Urquiza,1,3,22,3,12140000
Buenos Aires,Moreno,777,Reja Grande II,0,1,6,1,3000000
Buenos Aires,La Matanza,780,Primavera II,0,3,134,16,49120000
Buenos Aires,La Matanza,4253,Barrio 1001,1,5,96,6,34820000
Buenos Aires,San Vicente,5404,San José,0,0,2,0,1200000
Buenos Aires,José C. Paz,442,Muñiz,1,9,156,6,58580000
Buenos Aires,Presidente Perón,788,Parque Americano,0,17,493,38,162570000
Buenos Aires,Hurlingham,870,La Chimenea,0,1,16,0,5860000
Buenos Aires,José C. Paz,793,Parque Jardín,0,0,13,0,3580000
Buenos Aires,La Matanza,725,San Mariano,2,5,145,7,47950000
Buenos Aires,La Plata,801,Villa Montoro,0,8,132,16,49490000
Buenos Aires,José C. Paz,721,Comunidad Guaraní,1,4,105,2,35870000
Buenos Aires,La Plata,807,Villa Montoro,0,10,211,12,68630000
Buenos Aires,Pergamino,924,Güemes Norte,0,0,13,1,4200000
Buenos Aires,Berisso,813,Solidaridad,0,2,24,2,7700000
Buenos Aires,General Pueyrredón,4245,Matadero,0,2,22,4,8320000
Buenos Aires,San Isidro,2938,El Ombú,0,4,31,3,12620000
Buenos Aires,San Isidro,2931,Iberlucea,0,2,13,2,5000000
Buenos Aires,San Isidro,2930,Uspallata,0,0,10,0,2480000
Buenos Aires,San Isidro,2907,Uruguay,1,10,167,25,64180000
Buenos Aires,Magdalena,2922,Monoblock,0,1,18,0,4780000
Buenos Aires,Luján,605,Villa del Parque,0,4,78,3,27100000
Buenos Aires,Presidente Perón,834,Estación Numancia,0,7,307,20,99950000
Buenos Aires,General San Martín,2870,El Ombú,0,0,7,1,1780000
Buenos Aires,General Pueyrredón,839,Parque Peña,1,1,16,3,5740000
Buenos Aires,Almirante Brown,2896,Ona,0,5,75,12,31930000
Buenos Aires,Moreno,845,Don Máximo,0,2,16,1,6120000
Buenos Aires,Malvinas Argentinas,2886,El Cruce,1,4,40,6,15900000
Buenos Aires,Florencio Varela,158,Santa Inés,0,1,51,4,16500000
Buenos Aires,Florencio Varela,389,La Antena Rural,0,2,11,0,4540000
Buenos Aires,Tandil,611,Villa Gaucho,0,3,29,5,13080000
Buenos Aires,Mercedes,150,Geo,0,1,51,0,14500000
Buenos Aires,General Rodríguez,860,San Bernardo,0,0,7,0,2790000
Buenos Aires,General San Martín,1256,La Tranquila,0,3,43,3,14290000
Buenos Aires,Arrecifes,1253,Lavalle,0,1,11,2,4810000
Buenos Aires,Almirante Brown,584,Pueblo Unido,0,3,59,1,17910000
Buenos Aires,San Fernando,694,Pasaje Arroyo Cordero,0,0,6,2,2260000
Buenos Aires,Lanús,1277,Tres de Febrero,0,3,22,4,10980000
Buenos Aires,Moreno,691,Las Catalinas,0,4,112,6,40150000
Buenos Aires,La Plata,627,La Usina,0,0,39,2,14600000
Buenos Aires,Villarino,878,Hospital,0,1,32,1,9270000
Buenos Aires,La Matanza,1322,La Jabonera,0,4,44,2,15920000
Buenos Aires,La Plata,883,El Bajo,0,0,3,0,720000
Buenos Aires,Merlo,617,El Bajo,0,0,13,0,6240000
Buenos Aires,Hurlingham,888,Dos de Abril,0,4,111,3,33470000
Buenos Aires,Moreno,5355,Caacupé Ocho de Diciembre,1,0,5,0,2910000
Buenos Aires,La Plata,892,Martín Fierro,0,0,7,1,2400000
Buenos Aires,La Plata,901,El Retiro I,0,1,5,2,2280000
Buenos Aires,Moreno,1254,Puente Falbo,0,0,14,1,4230000
Buenos Aires,Merlo,4570,Juan Perón,0,10,114,7,40150000
Buenos Aires,Avellaneda,1226,Sasetru,0,1,5,0,1780000
Buenos Aires,Florencio Varela,1058,Sin Nombre,0,0,1,0,240000
Buenos Aires,Esteban Echeverría,4226,Montecarlo,0,1,38,0,11240000
Buenos Aires,La Matanza,4474,Primero de Mayo,0,0,5,0,2040000
Buenos Aires,Moreno,909,El Vergel,0,0,35,7,12730000
Buenos Aires,Esteban Echeverría,764,Malvinas,0,2,19,1,6540000
Buenos Aires,Almirante Brown,772,Ocho de Agosto,0,0,9,0,2500000
Buenos Aires,Malvinas Argentinas,199,La Gótica,0,0,21,1,5400000
Buenos Aires,José C. Paz,766,Parque Jardín II,0,1,11,0,4060000
Buenos Aires,Lomas de Zamora,4725,La Villita,0,2,13,0,7000000
Buenos Aires,Almirante Brown,4609,Esther,0,2,16,0,6340000
Buenos Aires,Moreno,1260,Villa Zapiola,0,1,13,2,4500000
Buenos Aires,Esteban Echeverría,4406,La Paz,0,5,43,1,22570000
Buenos Aires,Tigre,436,San Jorge,0,15,157,22,63880000
Buenos Aires,Moreno,931,Aberastury,0,4,75,6,23860000
Buenos Aires,La Plata,5687,Ferroviario,0,0,2,0,1200000
Buenos Aires,La Plata,935,La Granja II,0,0,4,1,1280000
Buenos Aires,Florencio Varela,1211,Los Quinchos,0,2,119,12,40890000
Buenos Aires,Tigre,940,Arroyo El Claro II,0,1,19,0,5860000
Buenos Aires,General Pueyrredón,435,Estación Chapadmalal,0,2,7,0,3970000
Buenos Aires,Quilmes,341,Veinticuatro de Diciembre,0,6,118,16,42710000
Buenos Aires,Almirante Brown,590,Los Pinos,0,7,161,9,54140000
Buenos Aires,Berisso,547,Santa Teresita II,0,6,120,17,43780000
Buenos Aires,General Pueyrredón,4295,San Jacinto,0,3,48,5,17360000
Buenos Aires,Tandil,4284,Villa Aguirre,0,0,11,0,2880000
Buenos Aires,La Matanza,540,Arroyo Las Víboras,0,9,183,12,58990000
Buenos Aires,Almirante Brown,1106,Don Pipo,0,1,12,0,4780000
Buenos Aires,Malvinas Argentinas,224,Solar del Norte,0,2,23,1,7080000
Buenos Aires,La Plata,5684,La Unión,0,0,8,0,4800000
Buenos Aires,La Matanza,1327,San Alberto,0,7,158,22,56250000
Buenos Aires,Tigre,968,Lavalle y Perna,0,0,17,2,6240000
Buenos Aires,La Plata,820,Sin Nombre,0,0,3,1,870000
Buenos Aires,Lincoln,972,Mibelli,1,0,4,2,2040000
Buenos Aires,La Plata,4708,Hipódromo,0,2,6,0,2720000
Buenos Aires,Moreno,977,Juan Domingo Perón II,2,11,207,16,68360000
Buenos Aires,La Matanza,665,El Treinta y Uno / Justina,0,1,32,5,11460000
Buenos Aires,Moreno,982,Parque San Carlos,0,9,104,3,35690000
Buenos Aires,Junín,527,Los Almendros,0,0,6,2,2640000
Buenos Aires,Luján,987,San Fermín,0,12,291,20,91420000
Buenos Aires,Pilar,4588,Solares del Norte,0,4,17,0,7310000
Buenos Aires,Hurlingham,991,Malarredo I,0,0,6,0,1920000
Buenos Aires,General San Martín,4254,Villa Hidalgo,1,32,402,31,149650000
Buenos Aires,Malvinas Argentinas,996,Santa Elena,0,1,12,1,3960000
Buenos Aires,Avellaneda,1242,Modelo,0,0,12,0,3240000
Buenos Aires,Malvinas Argentinas,1002,San José,0,0,12,0,4080000
Buenos Aires,Tandil,591,Las Tunitas,0,8,81,3,33980000
Buenos Aires,Almirante Brown,1006,Diecisiete de Noviembre,0,1,20,1,7420000
Buenos Aires,Salto,1020,Predio Estación de Ferrocarril,0,0,8,1,2880000
Buenos Aires,Moreno,4385,Santa Brígida,1,16,334,22,117650000
Buenos Aires,La Matanza,1353,Puerta de Hierro,0,5,113,13,41960000
Buenos Aires,General Pueyrredón,1016,Parque Peña,0,0,8,0,1920000
Buenos Aires,José C. Paz,1374,San Pantaleón II,0,0,33,0,10170000
Buenos Aires,Florencio Varela,1010,La Fábrica,0,0,7,0,2760000
Buenos Aires,Lobos,4308,Las Tosquitas,0,0,1,1,840000
Buenos Aires,Marcos Paz,1024,El Prado,0,0,2,0,600000
Buenos Aires,La Matanza,1366,Tuyutí,0,1,13,2,4900000
Buenos Aires,Tres de Febrero,1028,Puerta 8,0,3,79,5,26130000
Buenos Aires,Luján,592,Sin Nombre,0,1,38,1,12250000
Buenos Aires,Moreno,1032,La Porteña,1,8,131,5,46060000
Buenos Aires,La Matanza,1358,Villa 21,0,2,19,5,7660000
Buenos Aires,Avellaneda,1036,Azul,0,1,26,5,9280000
Buenos Aires,La Matanza,4476,El Talita,0,1,19,2,8020000
Buenos Aires,General Rodríguez,495,El Ombú,0,0,10,2,3920000
Buenos Aires,Avellaneda,159,Sin Nombre,0,0,4,0,1320000
Buenos Aires,Avellaneda,1044,Honor y Dignidad,0,2,66,2,18260000
Buenos Aires,Necochea,663,Los Carritos,0,0,0,1,100000
Buenos Aires,Almirante Brown,4199,Los Altos,0,5,84,8,28600000
Buenos Aires,Malvinas Argentinas,242,Santa Mónica,0,0,4,0,820000
Buenos Aires,La Plata,664,48 y 144,0,6,54,3,20960000
Buenos Aires,La Matanza,4475,Los Paraguayos,0,1,13,0,4430000
Buenos Aires,Malvinas Argentinas,254,San Jorge,0,0,1,0,240000
Buenos Aires,Malvinas Argentinas,1061,Eaton,0,5,50,3,16720000
Buenos Aires,Lomas de Zamora,334,Treinta de Agosto,0,3,35,6,13700000
Buenos Aires,General San Martín,4280,Villa Progreso,0,2,13,1,5310000
Buenos Aires,Malvinas Argentinas,1068,El Cuadrado,0,0,6,2,1920000
Buenos Aires,Esteban Echeverría,1403,El Gaucho,0,7,111,17,46370000
Buenos Aires,Quilmes,1279,Malvinas,0,0,25,0,7920000
Buenos Aires,Tandil,4283,La Unión,0,3,23,1,8920000
Buenos Aires,San Vicente,1077,Nueva Esperanza,0,7,125,7,47390000
Buenos Aires,General Pueyrredón,4249,Caribe,0,5,48,3,18520000
Buenos Aires,La Plata,1081,La Bajada II,0,0,5,1,1440000
Buenos Aires,La Matanza,136,El Porvenir II,1,30,419,32,150590000
Buenos Aires,Villarino,4340,Ferroviario,0,0,6,0,1440000
Buenos Aires,La Plata,1076,Sebastián,0,0,21,0,6080000
Buenos Aires,Moreno,1089,Satélite II,1,8,96,8,37190000
Buenos Aires,Esteban Echeverría,4483,Nueve de Abril,0,4,39,7,16140000
Buenos Aires,General Rodríguez,1094,Arraras,0,2,31,6,12580000
Buenos Aires,Zárate,1096,Irigoyen,0,0,28,4,8400000
Buenos Aires,Merlo,1098,El Zorzal,1,12,222,6,75710000
Buenos Aires,Bahía Blanca,4912,Obrero Sur,0,1,7,1,4250000
Buenos Aires,Esteban Echeverría,4408,Sin Nombre,0,0,12,2,4570000
Buenos Aires,José C. Paz,4417,Alvear III,0,0,22,2,7200000
Buenos Aires,Avellaneda,1108,Dieciseis de Marzo,0,3,24,2,10330000
Buenos Aires,Malvinas Argentinas,439,Solares de la Reina,0,2,5,2,3600000
Buenos Aires,La Plata,1115,La Vía,0,3,86,5,30570000
Buenos Aires,Pehuajó,1118,Progreso,0,0,12,2,4200000
Buenos Aires,Patagones,1120,Villa del Carmen,0,2,44,5,14240000
Buenos Aires,General San Martín,4281,Sin Nombre,0,1,7,0,2280000
Buenos Aires,San Vicente,1126,Mataderos,0,10,218,18,74800000
Buenos Aires,Pilar,1128,Pinazo,0,23,506,58,181880000
Buenos Aires,Malvinas Argentinas,1164,Bellaflor,0,2,37,2,13590000
Buenos Aires,Bahía Blanca,640,Tierras Argentinas,0,11,332,17,103630000
Buenos Aires,San Nicolás,267,Don Miguel,0,0,37,1,9940000
Buenos Aires,La Matanza,503,Chivilcoy y Caballito,0,1,26,5,11140000
Buenos Aires,La Matanza,5295,Picaluga,0,2,41,5,12860000
Buenos Aires,Lomas de Zamora,170,La Chanchería,0,6,118,12,42580000
Buenos Aires,Ensenada,221,El Puente,0,0,6,1,1540000
Buenos Aires,La Matanza,5290,Veintiocho de Octubre,0,3,17,0,11280000
Buenos Aires,Vicente López,1146,Gándara,0,2,13,3,6240000
Buenos Aires,La Plata,17,Vieja Estación,0,0,12,1,3960000
Buenos Aires,Malvinas Argentinas,1071,San Antonio,0,2,14,0,5260000
Buenos Aires,La Matanza,1155,Los Álamos II,0,12,241,11,87120000
Buenos Aires,Almirante Brown,581,Quinta 68,0,0,2,1,1080000
Buenos Aires,San Vicente,1160,San José FFCC,0,0,29,1,9560000
Buenos Aires,San Miguel,5308,Plazoleta,0,0,1,0,600000
Buenos Aires,Moreno,912,Cinco de Enero,0,11,205,9,67800000
Buenos Aires,Brandsen,327,Los Aromos,0,2,28,1,9840000
Buenos Aires,Luján,966,Lezica,0,1,24,0,7440000
Buenos Aires,San Isidro,545,Nueva Esperanza,0,2,21,1,7420000
Buenos Aires,Almirante Brown,220,Parque Roma,0,2,14,2,7410000
Buenos Aires,La Matanza,466,Luz y Fuerza II,0,0,2,3,1680000
Buenos Aires,Moreno,4397,San Alberto,0,7,87,8,34230000
Buenos Aires,Berazategui,1179,Santa Isabel II,0,3,1,0,1700000
Buenos Aires,Campana,1181,Las Praderas,0,12,175,9,69820000
Buenos Aires,La Matanza,515,Arroyo Morales y Chivilcoy,0,0,17,1,5160000
Buenos Aires,Merlo,1186,La Blanquita,0,0,2,0,480000
Buenos Aires,Campana,1188,San Felipe,0,1,91,4,26280000
Buenos Aires,Marcos Paz,1190,Martín Fierro,0,2,22,0,10060000
Buenos Aires,Merlo,4252,Veintiseis de Octubre,0,2,60,1,17180000
Buenos Aires,Escobar,5302,San Javier,0,0,1,0,600000
Buenos Aires,José C. Paz,5342,La Bistrica,0,3,28,2,18270000
Buenos Aires,La Matanza,746,Ampliación Cruz del Sur,1,0,10,0,4560000
Buenos Aires,Lobos,4541,Primavera,0,0,3,0,720000
Buenos Aires,San Isidro,4529,Congo,0,0,1,0,240000
Buenos Aires,General Pueyrredón,4537,Santa Rita,0,0,8,3,5280000
Buenos Aires,General Alvarado,4538,Las Margaritas,0,0,3,1,1680000
Buenos Aires,Arrecifes,5659,Saavedra,0,0,1,0,600000
Buenos Aires,Punta Indio,4536,Barrio Norte,0,0,0,1,600000
Buenos Aires,La Plata,5686,Primero de Agosto,0,0,7,0,3510000
Buenos Aires,San Miguel,1205,San Ambrosio,0,4,58,6,23660000
Buenos Aires,Ensenada,333,Miguelín,0,0,8,1,3960000
Buenos Aires,La Plata,18,El Triángulo,0,2,23,0,8410000
Buenos Aires,Malvinas Argentinas,1137,Arroyo Basualdo,0,2,51,4,16100000
Buenos Aires,La Matanza,281,Un Techo Para Todos,4,6,171,17,59150000
Buenos Aires,Tigre,73,Irsa,0,3,31,0,10080000
Buenos Aires,General Rodríguez,1085,Altos del Oeste,4,9,194,17,74570000
Buenos Aires,La Costa,1263,Seamos Libres,0,2,38,1,14030000
Buenos Aires,Ituzaingó,1247,Sueños del Pilar,0,0,13,1,4300000
Buenos Aires,Avellaneda,4451,Lamanna,0,0,1,0,240000
Buenos Aires,Tigre,121,Calle Gutiérrez,0,1,8,1,3000000
Buenos Aires,Luján,5348,Luchetti,0,7,52,3,28050000
Buenos Aires,San Isidro,4491,Puerto,0,0,4,3,1900000
Buenos Aires,Quilmes,570,La Paz II,0,2,48,3,18080000
Buenos Aires,San Miguel,1206,San Alfonso,0,0,8,2,2600000
Buenos Aires,Quilmes,1138,Villa Luján III,0,9,217,12,75260000
Buenos Aires,General Rodríguez,569,Pico Rojo,1,7,74,2,30040000
Buenos Aires,Florencio Varela,169,San Rudecindo II,0,3,58,10,24730000
Buenos Aires,Quilmes,1134,Villa Luján,3,19,456,28,159950000
Buenos Aires,Hurlingham,907,La Juanita,0,1,12,1,4560000
Buenos Aires,San Nicolás,266,San Martín,0,1,23,4,8280000
Buenos Aires,Merlo,5370,Las Américas,0,0,5,0,2760000
Buenos Aires,San Pedro,563,9 de Julio y Rivadavia,0,1,20,3,6580000
Buenos Aires,Quilmes,4307,Ribera del Uno,0,0,3,0,1560000
Buenos Aires,San Pedro,265,Banfield,0,4,47,2,16480000
Buenos Aires,José C. Paz,919,Vucetich II,0,0,1,0,240000
Buenos Aires,Tigre,5324,Don Federico,0,0,3,0,1560000
Buenos Aires,Mercedes,5670,San Justo,0,1,3,1,2040000
Buenos Aires,General Pueyrredón,4296,Santa Rosa del Mar,0,5,81,3,26600000
Buenos Aires,General San Martín,4279,Pilar,0,0,1,1,960000
Buenos Aires,Quilmes,1283,Veintisiete de Marzo,0,1,14,2,4560000
Buenos Aires,Quilmes,1285,Los Eucaliptus,0,11,201,14,68780000
Buenos Aires,Esteban Echeverría,1287,Santa Catalina,0,2,35,5,14380000
Buenos Aires,Moreno,4739,Villa Salas,0,0,3,0,1560000
Buenos Aires,Almirante Brown,19,Campo Ramos,0,12,75,5,32150000
Buenos Aires,Lomas de Zamora,1293,Gabriel Miró,1,12,260,25,85760000
Buenos Aires,Lomas de Zamora,1295,La Cava,1,31,807,47,276100000
Buenos Aires,La Plata,10,Hijos de Malvinas,1,1,28,2,8470000
Buenos Aires,Lomas de Zamora,1299,San José Obrero,1,8,158,10,54300000
Buenos Aires,Moreno,4445,Tres de Febrero,5,10,276,11,96250000
Buenos Aires,Merlo,4486,La Morita,0,4,41,5,16200000
Buenos Aires,San Vicente,1320,Biocca,0,0,21,1,8020000
Buenos Aires,Almirante Brown,4478,Fondo de Los Álamos,0,0,9,1,3720000
Buenos Aires,Tigre,56,Gallardo y 9 de Julio,0,1,48,6,17190000
Buenos Aires,Tigre,1325,Arroyo Las Tunas,0,5,92,8,33050000
Buenos Aires,La Matanza,1063,Diecisiete de Noviembre,1,18,199,41,76500000
Buenos Aires,Avellaneda,1042,El Fortín,0,1,44,5,14510000
Buenos Aires,Moreno,4736,Santa Paula,0,1,4,0,1660000
Buenos Aires,La Matanza,1315,Madre Teresa de Calcuta,0,1,20,2,7810000
Buenos Aires,Tigre,5322,El Arco,0,0,4,0,2160000
Buenos Aires,San Miguel,4615,El Obrero,0,0,7,0,2020000
Buenos Aires,La Plata,5689,Villa Garivaldi,0,0,1,0,600000
Buenos Aires,Merlo,1123,Las Palmeras,0,1,8,3,4040000
Buenos Aires,General Villegas,5667,La Trocha,0,0,3,0,1320000
Buenos Aires,Merlo,4574,Los Eucaliptus,0,0,15,2,4560000
Buenos Aires,Avellaneda,131,Siete de Septiembre,0,2,38,2,12890000
Buenos Aires,La Matanza,4457,Vernazza,0,1,8,2,4560000
Buenos Aires,Malvinas Argentinas,312,Veinticinco de Mayo,0,0,3,0,840000
Buenos Aires,San Vicente,1341,La Laurita,0,2,22,1,8280000
Buenos Aires,La Matanza,1343,Danubio,0,1,18,5,7640000
Buenos Aires,La Matanza,1345,Costa Azul,0,2,81,5,27080000
Buenos Aires,Pilar,4595,Alcazábal,0,1,17,3,7920000
Buenos Aires,Tigre,538,La Mascota,0,2,36,6,14360000
Buenos Aires,Merlo,4569,El Edén,2,8,102,8,40720000
Buenos Aires,Moreno,4444,San Cayetano,0,3,72,3,24100000
Buenos Aires,Quilmes,509,Finexcor,0,21,415,12,137030000
Buenos Aires,Almirante Brown,575,Zabala,0,1,24,3,8240000
Buenos Aires,Tigre,620,Basualdo,0,5,42,6,16700000
Buenos Aires,Baradero,4761,Sindicatos,0,1,0,0,600000
Buenos Aires,Berisso,200,Peruana,0,2,39,4,13890000
Buenos Aires,General Pueyrredón,4746,Villa Lourdes,0,1,12,2,3960000
Buenos Aires,Hurlingham,904,Malarredo II,0,0,2,0,480000
Buenos Aires,Hurlingham,905,El Mástil,0,0,4,0,1320000
Buenos Aires,Villa Gesell,1029,Valle Guaraní,0,2,50,10,17400000
Buenos Aires,La Matanza,323,Los Álamos,2,5,68,8,26990000
Buenos Aires,Malvinas Argentinas,237,Vechiardo,0,0,10,2,2460000
Buenos Aires,Merlo,1378,Las Margaritas,0,2,98,6,30200000
Buenos Aires,Quilmes,4241,San Cayetano,1,4,95,4,35210000
Buenos Aires,Bahía Blanca,658,Don Onésimo,0,1,27,2,8880000
Buenos Aires,Florencio Varela,666,San Cayetano,0,8,98,9,41700000
Buenos Aires,San Vicente,1388,Villa Coll,0,10,217,21,81940000
Buenos Aires,Merlo,171,La Estrella,1,8,98,5,38970000
Buenos Aires,San Miguel,6305,Obligado,0,29,612,52,215430000
Buenos Aires,La Plata,88,116 y 77,0,2,3,0,2140000
Buenos Aires,San Pedro,1397,Argentino,0,2,37,5,13520000
Buenos Aires,La Plata,59,Villa Aburridita,1,6,256,20,86800000
Buenos Aires,Moreno,674,Haras Trujúi,0,5,123,2,42040000
Buenos Aires,La Plata,5682,La Falcone,0,0,2,0,1200000
Buenos Aires,Tigre,343,Las Quintas,0,0,11,1,4420000
Buenos Aires,Florencio Varela,1207,Sin Nombre,0,2,28,1,9510000
Buenos Aires,Pilar,1409,Salas,0,10,230,11,76610000
Buenos Aires,Almirante Brown,1412,Catorce de Febrero,0,13,165,8,60620000
Buenos Aires,Almirante Brown,1414,El Progreso,0,3,88,5,32170000
Buenos Aires,Tigre,1310,El Claro,0,0,16,1,5070000
Buenos Aires,Almirante Brown,1418,25 de Mayo y Fontana,0,1,20,3,7500000
Buenos Aires,General Rodríguez,146,Güemes,0,4,62,2,23320000
Buenos Aires,Almirante Brown,1423,Libertad,0,3,87,15,31080000
Buenos Aires,Merlo,1195,Santa Cecilia,1,3,9,0,4090000
Buenos Aires,La Plata,11,514 y 138,0,1,19,1,6240000
Buenos Aires,Junín,697,San Jorge II,0,0,10,3,3480000
Buenos Aires,Esteban Echeverría,698,Costa Esperanza,0,0,31,4,10910000
Buenos Aires,La Costa,699,Las Quintas,0,0,3,1,960000
Buenos Aires,San Fernando,700,Ferroviario,0,2,37,2,12720000
Buenos Aires,San Miguel,702,Mayor Irusta y Gaboto,0,3,77,2,24970000
Buenos Aires,San Pedro,703,Piojillo,0,0,7,0,1800000
Buenos Aires,La Costa,704,Sin Nombre,0,0,4,0,1080000
Buenos Aires,Pergamino,705,Ricardo John y Conscripto Silva,0,0,4,1,1320000
Buenos Aires,Bahía Blanca,706,Evita,0,4,178,19,63280000
Buenos Aires,Bahía Blanca,707,Rosario Sur,0,0,4,2,1920000
Buenos Aires,La Matanza,708,San Nicolás,0,2,61,4,21190000
Buenos Aires,Bahía Blanca,709,El Porvenir,0,1,75,3,22500000
Buenos Aires,La Matanza,710,La Tregua,0,0,8,1,3100000
Buenos Aires,Moreno,711,Prozorovich,0,9,179,3,59200000
Buenos Aires,Tigre,2927,Los Tábanos,1,3,16,3,7540000
Buenos Aires,Moreno,714,San Francisco,1,13,252,21,94390000
Buenos Aires,San Pedro,715,La Tosquera,1,6,119,28,47960000
Buenos Aires,Esteban Echeverría,716,Siglo XX,0,2,37,1,13080000
Buenos Aires,Lanús,1469,Eva Perón,0,21,400,35,136870000
Buenos Aires,Esteban Echeverría,718,La Paz III,0,3,24,0,8480000
Buenos Aires,Ituzaingó,363,Iparraguirre,0,1,0,0,600000
Buenos Aires,Pilar,1475,El Manzanar,2,10,228,22,75880000
Buenos Aires,Quilmes,4592,La Primavera,0,2,27,4,10060000
Buenos Aires,La Matanza,1481,Veintiuno de Marzo,1,3,48,3,17540000
Buenos Aires,La Plata,1483,Sin Nombre,0,1,37,4,11540000
Buenos Aires,Florencio Varela,1488,Arroyo Las Piedras Sudeste,0,0,24,2,7920000
Buenos Aires,La Matanza,1318,La Juanita,1,1,17,1,6080000
Buenos Aires,Presidente Perón,1492,El Roble,0,3,123,11,41430000
Buenos Aires,San Vicente,1494,La Pradera,0,17,182,13,75410000
Buenos Aires,Moreno,1496,Puente Roca,2,2,73,4,24500000
Buenos Aires,Esteban Echeverría,609,Santa Rita y Avenida Doctor Gilberto Elizalde,0,0,10,4,4560000
Buenos Aires,La Plata,22,Colinas del Sol,0,4,12,2,6370000
Buenos Aires,Merlo,1503,Sin Nombre,0,1,1,0,1200000
Buenos Aires,Presidente Perón,1506,San Roque,0,1,71,3,22270000
Buenos Aires,Merlo,5373,Santa Isabel,0,2,36,1,19620000
Buenos Aires,Lomas de Zamora,1510,Sin Nombre,0,1,64,4,20150000
Buenos Aires,Marcos Paz,1512,Santa María,0,2,66,5,22700000
Buenos Aires,Presidente Perón,1514,Santa Teresita,0,0,8,0,2280000
Buenos Aires,José C. Paz,5343,La Esperanza de Lamas,0,3,26,1,14970000
Buenos Aires,Pilar,1518,Los Tilos,0,18,257,30,99450000
Buenos Aires,José C. Paz,1521,Providencia,0,6,100,10,35290000
Buenos Aires,Escobar,1523,Storni y Uruguay,0,0,3,2,1300000
Buenos Aires,General Pueyrredón,889,Malvinas Argentinas,0,0,15,4,5760000
Buenos Aires,La Plata,1528,Sin Nombre,0,0,3,0,720000
Buenos Aires,Almirante Brown,1530,Sakura,0,1,24,1,8720000
Buenos Aires,Escobar,1534,Los Robles y Facundo Quiroga,1,3,15,4,7780000
Buenos Aires,La Matanza,450,San Cayetano,0,10,222,19,70950000
Buenos Aires,Quilmes,1538,La Ribera de Bernal,0,2,48,3,16250000
Buenos Aires,La Plata,1540,Toba,1,3,66,1,20740000
Buenos Aires,La Costa,1542,Sin Nombre,0,0,2,0,480000
Buenos Aires,Esteban Echeverría,4405,Santa Mónica,0,0,4,1,1740000
Buenos Aires,Berisso,1548,Néstor Kirchner,1,6,194,4,62080000
Buenos Aires,Merlo,1552,Juancito,0,9,146,7,50120000
Buenos Aires,La Matanza,1554,Triángulo,0,0,7,0,1800000
Buenos Aires,Tigre,4727,Villa La Ñata,0,0,1,0,600000
Buenos Aires,Escobar,1559,Phillips,0,8,161,14,55540000
Buenos Aires,General San Martín,1561,La Carcova,1,42,833,64,291200000
Buenos Aires,José C. Paz,1563,Mirador de Altube,1,5,194,11,64720000
Buenos Aires,Zárate,315,Los Pinos,0,3,31,3,12000000
Buenos Aires,Berazategui,1567,Kennedy Norte,0,1,23,3,8580000
Buenos Aires,Berisso,1569,Obrero,0,15,203,11,72720000
Buenos Aires,La Matanza,1571,Costa Esperanza,1,20,218,9,78040000
Buenos Aires,José C. Paz,1372,San Agustín,1,1,37,4,14480000
Buenos Aires,Quilmes,1576,Villa Luján II,0,3,83,8,27270000
Buenos Aires,Pilar,1578,Peruzotti,0,3,37,5,15370000
Buenos Aires,La Matanza,776,San José,0,1,14,1,5640000
Buenos Aires,Lomas de Zamora,101,Libertad,0,0,10,1,3840000
Buenos Aires,La Matanza,778,El Progreso,0,0,21,0,7080000
Buenos Aires,Moreno,1500,Evita Obrera,0,2,43,3,14260000
Buenos Aires,Berazategui,5388,Pereyra,0,1,2,0,1800000
Buenos Aires,Malvinas Argentinas,243,Kilómetro 30,0,2,8,0,3970000
Buenos Aires,San Vicente,5405,Las Violetas,0,0,1,0,250000
Buenos Aires,Moreno,1303,Villa Escobar,0,0,9,1,3460000
Buenos Aires,José M. Ezeiza,5401,Barrio del Plata,0,0,1,0,600000
Buenos Aires,La Matanza,1304,Los Prados,0,1,9,0,3240000
Buenos Aires,Quilmes,787,Barracas de Cambaceres,0,5,128,4,43310000
Buenos Aires,Esteban Echeverría,5398,Los Colonos,0,0,1,0,600000
Buenos Aires,San Nicolás,577,Cavalli,0,3,45,7,15340000
Buenos Aires,Quilmes,2940,Los Álamos,0,16,298,28,103080000
Buenos Aires,La Matanza,791,Los Vagones,0,0,12,0,3360000
Buenos Aires,Lomas de Zamora,1305,Unión y Fuerza,0,4,125,12,39410000
Buenos Aires,La Matanza,794,Villa Adriana,0,1,9,0,3480000
Buenos Aires,La Plata,85,Los Chaques,0,0,11,1,3960000
Buenos Aires,General Pueyrredón,800,Las Heras,0,1,14,1,5040000
Buenos Aires,Necochea,724,Los Álamos,0,0,22,4,6780000
Buenos Aires,General Pueyrredón,804,Colinas de Las Sierras,0,1,5,0,1800000
Buenos Aires,Almirante Brown,5395,Las Talas,0,0,1,0,600000
Buenos Aires,Presidente Perón,806,Las Lomas,0,21,332,24,124530000
Buenos Aires,General Pueyrredón,5646,Belisario Roldan,0,0,5,0,1860000
Buenos Aires,La Plata,810,Los Ciruelos,0,0,3,0,720000
Buenos Aires,Merlo,2949,Pompeya,1,2,32,6,11940000
Buenos Aires,Berisso,812,El Carmen,0,12,221,13,75180000
Buenos Aires,Avellaneda,2947,El Dínamo,1,3,34,2,13040000
Buenos Aires,La Plata,814,Don Fabián,0,1,54,3,19690000
Buenos Aires,General Rodríguez,554,Villa Bengochea,0,2,13,0,7110000
Buenos Aires,La Plata,818,La Rueda,0,0,8,2,3240000
Buenos Aires,General San Martín,2935,Loyola,0,10,83,11,35970000
Buenos Aires,Merlo,2936,Argentino,0,2,17,0,6220000
Buenos Aires,Quilmes,2926,Nueve de Julio,0,0,8,0,2280000
Buenos Aires,Malvinas Argentinas,823,Olivos II,0,1,2,1,1920000
Buenos Aires,La Plata,5,Casaca,0,0,3,1,1920000
Buenos Aires,San Fernando,2928,Alsina,0,5,24,1,10740000
Buenos Aires,Avellaneda,145,Santa Catalina,0,1,117,6,36260000
Buenos Aires,Quilmes,2924,IAPI,0,25,332,17,127630000
Buenos Aires,Baradero,2919,Tiro Federal,0,0,28,11,12680000
Buenos Aires,Moreno,831,Reja Grande II,0,1,10,1,3480000
Buenos Aires,General Pueyrredón,2915,Villa Vertiz - Anexo Cariño,0,0,16,5,6060000
Buenos Aires,La Plata,833,La Granjita,0,7,140,16,48660000
Buenos Aires,General Pueyrredón,2914,Parque Independencia,0,5,211,16,66200000
Buenos Aires,Almirante Brown,836,San Jerónimo,0,0,3,1,1320000
Buenos Aires,General San Martín,2869,Unión Vecinal Nueva Vida Para Nuestros Hijos,0,0,19,0,4760000
Buenos Aires,Almirante Brown,838,Asunción,0,0,8,0,2040000
Buenos Aires,Bahía Blanca,2903,Miramar,0,2,46,6,16560000
Buenos Aires,Florencio Varela,2901,Bosques Centro,0,3,45,3,17720000
Buenos Aires,Florencio Varela,2890,Dos de Febrero,0,0,14,2,4760000
Buenos Aires,La Plata,844,Etcheverry I,0,0,1,0,600000
Buenos Aires,Tandil,2895,Darío Santillán,0,0,46,1,11840000
Buenos Aires,Villa Gesell,2894,Sin Nombre,0,3,36,3,12090000
Buenos Aires,San Nicolás,2879,Villa Esperanza,0,1,46,2,14500000
Buenos Aires,Vicente López,2888,La Villita de Carballo,0,0,5,0,1180000
Buenos Aires,Pehuajó,2885,Villa Radizi,0,0,2,0,480000
Buenos Aires,General San Martín,2884,Villa Palmera,0,1,7,0,2400000
Buenos Aires,Avellaneda,2876,Nueva Ana,0,2,8,3,4920000
Buenos Aires,Tigre,853,Andalucía,0,2,38,4,12760000
Buenos Aires,Morón,2875,El Pasillo de Cucha Cucha,0,0,7,0,2160000
Buenos Aires,Bahía Blanca,4915,Villa Buenos Aires,0,2,6,0,4560000
Buenos Aires,Punta Indio,411,La Loma,0,0,2,0,600000
Buenos Aires,San Miguel,859,Cuartel II,0,0,20,1,6100000
Buenos Aires,Quilmes,1269,San Cayetano,1,3,81,10,29230000
Buenos Aires,General San Martín,861,Barrio Nuevo,0,3,44,8,16410000
Buenos Aires,La Matanza,2865,Arozanera,0,0,9,2,2640000
Buenos Aires,La Plata,863,Sin Nombre,0,1,35,1,12120000
Buenos Aires,La Plata,696,Altos del Sol,0,2,59,8,24560000
Buenos Aires,Avellaneda,866,Viaducto,0,1,10,0,3840000
Buenos Aires,Lomas de Zamora,344,Padre Mugica III,0,1,31,2,9470000
Buenos Aires,Hurlingham,869,Del Río,0,0,1,0,240000
Buenos Aires,Merlo,1201,Villa Amelia,0,0,5,0,1680000
Buenos Aires,Quilmes,579,San Sebastián II,0,2,103,7,34840000
Buenos Aires,José M. Ezeiza,578,Moreno y Derqui,0,2,17,1,5720000
Buenos Aires,La Matanza,873,Armonía,0,1,56,5,17200000
Buenos Aires,Merlo,690,Ferrari,0,14,190,14,66550000
Buenos Aires,General Pueyrredón,875,Parque Peña,0,0,2,0,600000
Buenos Aires,General San Martín,618,Sin Nombre,0,1,2,1,1560000
Buenos Aires,Florencio Varela,877,San Francisco Chico,0,1,54,4,18080000
Buenos Aires,José C. Paz,737,Ferrari,0,6,56,8,24590000
Buenos Aires,Bahía Blanca,689,Caracol II,0,3,46,3,15460000
Buenos Aires,Lomas de Zamora,1307,Nueva Esperanza,0,21,364,33,142570000
Buenos Aires,Hurlingham,882,El Progreso,0,0,31,0,8530000
Buenos Aires,Moreno,1266,Manzanares,0,2,56,3,18640000
Buenos Aires,Villarino,885,Matadero,0,0,31,2,10880000
Buenos Aires,Florencio Varela,4547,Lomas de Monteverde,0,0,4,1,1540000
Buenos Aires,San Isidro,1174,Veinte de Junio,0,3,126,10,38190000
Buenos Aires,Carmen de Areco,153,La Cooperativa,0,0,11,5,3960000
Buenos Aires,Tres de Febrero,4613,Ferroviario Alianza,0,0,0,1,240000
Buenos Aires,General Rodríguez,69,Los Aromos,1,4,81,8,34980000
Buenos Aires,Merlo,5371,Ferrari,0,0,4,0,2160000
Buenos Aires,Berisso,4618,Villa Progreso,0,1,15,1,4070000
Buenos Aires,Hurlingham,5367,C. Villegas y Bustamante y Guevara,0,0,2,0,960000
Buenos Aires,Baradero,4757,Germaíz,0,2,2,0,1900000
Buenos Aires,Hurlingham,962,El Molino,0,2,23,2,7200000
Buenos Aires,General Pueyrredón,849,Newbery,0,0,20,4,6400000
Buenos Aires,Escobar,440,Doña Justa,0,9,93,7,40180000
Buenos Aires,La Plata,4577,Abasto Nuevo,0,4,53,3,21080000
Buenos Aires,La Costa,5654,Nueva Atlantis,0,0,1,0,600000
Buenos Aires,José C. Paz,259,Nuestra Señora de Caacupé,0,1,28,2,9830000
Buenos Aires,Villa Gesell,1052,Cabaña de Berni,0,0,19,6,8500000
Buenos Aires,Ituzaingó,959,Santa Rita,0,1,9,1,3960000
Buenos Aires,Exaltación de la Cruz,649,Los Floristas,0,0,11,0,3960000
Buenos Aires,Chascomús,446,Iporá,0,0,30,2,10040000
Buenos Aires,General Pueyrredón,4236,Bosque Grande,0,3,16,3,8910000
Buenos Aires,Florencio Varela,961,Suecia y Berna,0,0,25,3,8250000
Buenos Aires,La Plata,468,La Aceitera,0,5,58,2,20400000
Buenos Aires,Ensenada,198,Arenero,0,0,6,0,1560000
Buenos Aires,Moreno,910,Santa Elena,0,1,52,0,15600000
Buenos Aires,Florencio Varela,176,Doce de Julio,0,10,195,16,68900000
Buenos Aires,Almirante Brown,197,Villa París,0,2,89,8,30510000
Buenos Aires,Salto,769,Triángulo,0,0,10,2,3940000
Buenos Aires,La Matanza,784,Lusitano,0,0,2,1,1080000
Buenos Aires,La Plata,51,Santa Isabel,0,1,30,1,10560000
Buenos Aires,Quilmes,768,Los Eucaliptos de Solano,0,4,53,4,19040000
Buenos Aires,La Plata,194,Ruta del Sol,0,4,69,2,24560000
Buenos Aires,Quilmes,1271,Villa del Carmen,0,3,50,3,16850000
Buenos Aires,Moreno,1313,Pfizer,0,0,7,0,2400000
Buenos Aires,Tigre,310,Arroyo El Claro,0,2,31,2,11280000
Buenos Aires,General Pueyrredón,460,Las Avenidas,0,1,3,0,1320000
Buenos Aires,Zárate,603,Cementerio,0,0,19,1,6580000
Buenos Aires,Zárate,235,Estación Escalada,0,0,2,0,480000
Buenos Aires,Merlo,604,El Alto,0,4,61,2,20600000
Buenos Aires,Moreno,826,Lomas Verdes II,0,2,29,2,8100000
Buenos Aires,La Plata,79,Sin Nombre,0,1,48,6,17050000
Buenos Aires,San Vicente,1129,Los Hornos,0,3,83,4,29160000
Buenos Aires,Moreno,930,Fondo 25 de Mayo,1,1,17,0,5260000
Buenos Aires,Escobar,463,El Matadero,1,4,40,3,17260000
Buenos Aires,Malvinas Argentinas,205,La Canchita,1,0,20,4,6680000
Buenos Aires,General Pueyrredón,4273,La Loma,0,0,23,3,7570000
Buenos Aires,Tigre,934,Bolívar y Tedín,0,0,8,2,3250000
Buenos Aires,La Plata,5681,Evita,0,6,28,1,18640000
Buenos Aires,Pilar,936,Belgrano y Chacabuco,0,1,18,6,7900000
Buenos Aires,Hurlingham,893,Mitre,0,0,5,0,1440000
Buenos Aires,Florencio Varela,938,Los Pilares,0,2,90,3,31580000
Buenos Aires,Merlo,678,El Mate,0,1,14,0,4780000
Buenos Aires,Quilmes,1272,Kilómetro 13,0,3,143,3,40570000
Buenos Aires,Quilmes,551,San Ignacio,0,5,81,9,30760000
Buenos Aires,Zárate,1041,Villa Negri,1,1,70,9,27190000
Buenos Aires,Campana,144,El Destino,0,1,43,2,13180000
Buenos Aires,Olavarría,4759,Matadero,1,0,41,3,13640000
Buenos Aires,La Plata,4465,La Granja,0,1,17,5,7260000
Buenos Aires,Merlo,"1154* ",La Pradera II,0,0,0,1,240000
Buenos Aires,Moreno,4386,La Gloria II,1,5,139,12,47740000
Buenos Aires,Villa Gesell,1043,La 115,0,3,14,3,6460000
Buenos Aires,La Plata,895,El Parque,0,0,4,0,1200000
Buenos Aires,Necochea,130,88 Entre 47 y 49,0,0,3,1,820000
Buenos Aires,La Matanza,543,Santa Cecilia,2,6,200,19,73850000
Buenos Aires,Quilmes,1113,Villa Luján I,0,3,92,6,29590000
Buenos Aires,Lobos,4358,La Jabonera,0,0,4,0,1080000
Buenos Aires,La Plata,113,Joel,2,7,165,10,55370000
Buenos Aires,La Plata,8,La Fábrica,0,1,30,3,9540000
Buenos Aires,General Rodríguez,539,Parque Jolly,1,4,36,4,15940000
Buenos Aires,La Plata,5685,Jazmín,0,0,5,0,3000000
Buenos Aires,Esteban Echeverría,1278,Martínez Moreno,0,0,4,0,1200000
Buenos Aires,Merlo,4485,San Andrés,3,12,230,14,79290000
Buenos Aires,Villarino,4920,Dieciocho de Junio,0,0,2,2,2160000
Buenos Aires,Junín,438,Villa del Parque,0,0,7,0,2410000
Buenos Aires,La Matanza,82,Las Camelias,0,2,48,4,16160000
Buenos Aires,Bahía Blanca,4612,Más Barrios,1,3,98,11,37370000
Buenos Aires,Merlo,4389,Papa Francisco,1,3,154,3,45410000
Buenos Aires,Escobar,434,Ovejero Chico,2,12,249,24,87990000
Buenos Aires,Florencio Varela,971,La Esperanza II,0,1,70,3,24580000
Buenos Aires,La Plata,4390,Nueva Esperanza,1,1,21,3,7020000
Buenos Aires,La Matanza,974,Tierra y Libertad,0,3,64,5,22530000
Buenos Aires,Pilar,4728,La Loma,0,0,2,1,1060000
Buenos Aires,General Pueyrredón,976,Villa Gustava,0,1,20,2,6940000
Buenos Aires,Quilmes,20,Laprida,0,3,50,0,16260000
Buenos Aires,Hurlingham,979,Juan Pedro Rolón,0,2,33,4,11480000
Buenos Aires,General San Martín,1558,San José,0,2,9,1,4080000
Buenos Aires,Magdalena,981,Camino Esquiaga,0,0,5,0,1200000
Buenos Aires,Florencio Varela,1196,Budapest y Rumania,0,1,14,0,3960000
Buenos Aires,Hurlingham,984,Pasaje Güemes,0,0,5,1,1560000
Buenos Aires,Hurlingham,464,El Palanco,0,1,9,0,2880000
Buenos Aires,Hurlingham,986,Mitre,0,2,13,2,6100000
Buenos Aires,Pilar,1021,San Cayetano,0,16,244,15,86290000
Buenos Aires,Moreno,988,El Quijote,0,5,122,10,42650000
Buenos Aires,La Plata,87,La Cantera,1,1,170,5,56080000
Buenos Aires,Magdalena,990,Sección Quinta,0,0,2,1,1080000
Buenos Aires,José C. Paz,1370,Roosevelt I,0,3,31,3,12080000
Buenos Aires,Avellaneda,992,Isla Maciel,1,8,150,14,51380000
Buenos Aires,Chivilcoy,160,Esperanza,0,1,10,0,4080000
Buenos Aires,Florencio Varela,995,Santa Rosa II,1,2,81,2,24500000
Buenos Aires,Florencio Varela,567,Triángulo de Don José,0,3,91,4,33320000
Buenos Aires,Berisso,999,Villa Argüello,0,25,524,34,173690000
Buenos Aires,Olavarría,4356,Costero Sur,0,0,12,0,3360000
Buenos Aires,Berisso,1001,Villa Nueva,0,11,199,13,68730000
Buenos Aires,Lanús,5005,Villa Caraza,0,2,130,4,37670000
Buenos Aires,General Pueyrredón,1003,Parque Peña,0,1,0,0,600000
Buenos Aires,Esteban Echeverría,759,Los Niños,0,2,10,1,3820000
Buenos Aires,Berisso,1005,Progreso II,0,0,7,2,2740000
Buenos Aires,La Plata,155,Villa San Martín,0,1,21,3,7880000
Buenos Aires,Malvinas Argentinas,1007,San Lucas,1,0,6,0,1900000
Buenos Aires,Esteban Echeverría,137,Costa Azul,0,3,27,7,14860000
Buenos Aires,Almirante Brown,4607,La Hermosa,0,8,99,3,37740000
Buenos Aires,Cañuelas,4606,La Balanza,0,0,12,2,4060000
Buenos Aires,Pergamino,576,Kennedy II,0,0,4,0,1320000
Buenos Aires,Florencio Varela,523,El Molino III,0,2,46,2,17830000
Buenos Aires,Lanús,1014,Gaita,0,0,32,2,9900000
Buenos Aires,Tandil,594,Villa Laza,0,2,66,4,19540000
Buenos Aires,Tigre,490,La Escondida,0,0,2,0,480000
Buenos Aires,General San Martín,1241,De Los Constituyentes y Mitre,0,1,3,0,1800000
Buenos Aires,General Pueyrredón,1019,Beltrán,0,0,0,1,240000
Buenos Aires,Morón,154,Veinte de junio,0,1,24,1,7660000
Buenos Aires,Lomas de Zamora,5004,Fiorito IV,0,21,266,15,98550000
Buenos Aires,Villarino,4921,Basso,0,0,9,0,3720000
Buenos Aires,La Matanza,1023,Alberti,0,2,83,8,27350000
Buenos Aires,Luján,593,Padre Varela,0,9,128,12,44670000
Buenos Aires,La Matanza,491,Los Ceibos I,0,10,229,9,83000000
Buenos Aires,Lomas de Zamora,5003,Fiorito III,0,3,43,4,15320000
Buenos Aires,Villarino,1027,Primavera,1,6,171,10,51870000
Buenos Aires,Malvinas Argentinas,245,Carumbé,0,0,7,1,1950000
Buenos Aires,Ramallo,164,Cementerio,0,0,3,0,720000
Buenos Aires,Bahía Blanca,4916,Estación Aguará,0,0,0,1,250000
Buenos Aires,Villa Gesell,1031,Las Praderas,0,1,78,12,24560000
Buenos Aires,San Pedro,670,Las Canitas,0,0,12,1,3840000
Buenos Aires,Marcos Paz,1231,Torchiario,0,1,56,10,22400000
Buenos Aires,Ituzaingó,1375,Malvinas Argentinas,0,0,7,0,2310000
Buenos Aires,Avellaneda,1035,Lealtad y Justicia,0,9,144,16,55370000
Buenos Aires,San Pedro,244,Las Cañitas,0,1,49,8,17340000
Buenos Aires,La Matanza,172,San Petersburgo,1,12,128,20,51160000
Buenos Aires,San Miguel,601,Mitre,0,32,523,29,185350000
Buenos Aires,Florencio Varela,1039,Trece de Octubre,1,6,124,8,40480000
Buenos Aires,Merlo,1198,Samoré,0,0,23,1,6800000
Buenos Aires,Junín,669,Los Totoreros,0,0,9,0,2280000
Buenos Aires,Quilmes,4602,Villa Augusta,0,0,1,0,600000
Buenos Aires,Escobar,251,El Mirador,0,1,38,3,12340000
Buenos Aires,Malvinas Argentinas,250,Santa Lucía,0,0,13,1,3580000
Buenos Aires,Tigre,1369,Sin Nombre,0,0,38,7,12510000
Buenos Aires,Mercedes,1219,Soldado Baldivares,0,1,5,0,1920000
Buenos Aires,Pergamino,497,La Bloquera,1,0,5,0,2520000
Buenos Aires,Zárate,252,Cementerio,0,9,110,15,41870000
Buenos Aires,Presidente Perón,1050,América Unida II,0,1,26,2,9320000
Buenos Aires,La Plata,4710,Terra Mía,0,1,16,1,6700000
Buenos Aires,Hurlingham,1364,Arroyo Morón,0,0,28,0,7520000
Buenos Aires,Saladillo,4709,La Laguna,0,0,1,0,600000
Buenos Aires,La Plata,1055,Sin Nombre,0,0,25,0,8360000
Buenos Aires,Dolores,201,Estadio,0,0,5,0,1200000
Buenos Aires,José M. Ezeiza,4605,El Paso,0,0,2,0,600000
Buenos Aires,Tres de Febrero,5385,El Progreso,0,0,0,1,600000
Buenos Aires,Florencio Varela,1060,San Jorge II,0,2,79,2,24630000
Buenos Aires,Quilmes,111,Total Gas,0,0,53,1,15700000
Buenos Aires,Malvinas Argentinas,1062,San José,0,1,2,2,1900000
Buenos Aires,Lomas de Zamora,4719,El Bajo,0,2,6,0,4210000
Buenos Aires,Malvinas Argentinas,1064,Guadalupe,1,1,28,1,10160000
Buenos Aires,General Pueyrredón,819,Parque Palermo,0,3,106,4,36830000
Buenos Aires,José C. Paz,661,11 de Septiembre y Fernández Moreno,1,2,81,8,26840000
Buenos Aires,Merlo,4269,Los Perales,2,0,35,3,12590000
Buenos Aires,Merlo,1070,Lago del Bosque,2,1,65,4,21040000
Buenos Aires,La Plata,615,Boliviana,0,1,9,0,2880000
Buenos Aires,Malvinas Argentinas,1072,Bella Flor,0,0,26,3,8320000
Buenos Aires,General Pueyrredón,681,Villa del Parque,0,0,17,2,5760000
Buenos Aires,Morón,173,Achaga,0,0,2,0,720000
Buenos Aires,La Matanza,1359,Sarmiento,0,0,13,1,3940000
Buenos Aires,La Plata,68,Sin Nombre,0,0,1,1,480000
Buenos Aires,La Plata,77,Las Rosas,0,8,272,13,87340000
Buenos Aires,Lobos,1078,Hipódromo,1,3,21,2,9230000
Buenos Aires,Bahía Blanca,120,Punta Blanca (Sur),0,1,16,3,6820000
Buenos Aires,La Plata,1080,El Ombú,1,1,40,3,13600000
Buenos Aires,Avellaneda,147,La Saladita,0,0,6,2,2880000
Buenos Aires,General Pueyrredón,4324,El Trébol,0,4,22,1,8500000
Buenos Aires,La Matanza,1324,Justo Villegas,0,0,9,2,4320000
Buenos Aires,Escobar,1084,La Chechela,3,16,175,12,66440000
Buenos Aires,Merlo,4647,Eva Perón,2,6,41,2,18300000
Buenos Aires,Moreno,1086,Portugal,0,8,211,6,70480000
Buenos Aires,Quilmes,428,Tres de Marzo,0,0,16,1,4800000
Buenos Aires,La Plata,1088,La Victoria,0,4,65,10,23580000
Buenos Aires,Berisso,4620,Martín Fierro,0,0,14,0,3840000
Buenos Aires,Florencio Varela,522,Infico,0,4,60,4,22660000
Buenos Aires,Almirante Brown,4477,Amancay,0,2,86,6,24780000
Buenos Aires,Escobar,1093,La Esperanza,0,3,57,7,19820000
Buenos Aires,Merlo,1163,Campanilla,4,21,325,24,113950000
Buenos Aires,Hurlingham,899,Libertad,0,2,33,0,11400000
Buenos Aires,Quilmes,1282,Nueve de Agosto,0,4,112,5,31890000
Buenos Aires,La Plata,1097,San Luis,0,2,38,4,13820000
Buenos Aires,Lomas de Zamora,4392,Diecisiete de Marzo,0,4,69,1,22860000
Buenos Aires,Lanús,1099,Porá,0,8,133,12,45460000
Buenos Aires,La Matanza,4473,Veinticinco de Mayo,0,0,21,0,6600000
Buenos Aires,La Matanza,1101,Gauchito Gil,0,2,68,5,23390000
Buenos Aires,Marcos Paz,5669,Campo de Cimci,0,0,0,1,600000
Buenos Aires,La Plata,1105,Los Pinos,0,2,94,13,32090000
Buenos Aires,Bahía Blanca,4914,Villa Talleres II,0,1,4,0,2290000
Buenos Aires,Tres de Febrero,1107,Capitán Bermúdez,1,1,47,5,16260000
Buenos Aires,General Pueyrredón,4426,La Herradura,0,9,53,2,32570000
Buenos Aires,Ensenada,1109,11 y 134,0,1,25,0,7920000
Buenos Aires,Esteban Echeverría,191,Las Chacritas,0,5,47,3,18540000
Buenos Aires,Moreno,1246,Parque Oeste,0,6,59,6,22620000
Buenos Aires,Moreno,4442,Luján,0,5,85,9,30510000
Buenos Aires,Merlo,1116,Sin Nombre,0,0,2,0,480000
Buenos Aires,Lomas de Zamora,4450,O'Higgins,0,0,21,2,7080000
Buenos Aires,Merlo,4454,Tres de Noviembre,1,6,220,12,69530000
Buenos Aires,La Matanza,4458,El Tizón,2,1,47,3,17620000
Buenos Aires,Merlo,1121,Alegre,1,2,38,1,12940000
Buenos Aires,General Pueyrredón,4275,Villa Primavera,0,0,11,1,3720000
Buenos Aires,Cañuelas,66,El Ombú,0,4,33,3,13150000
Buenos Aires,Pergamino,561,Güemes Sur,0,2,22,2,8890000
Buenos Aires,José M. Ezeiza,4479,Glorias del Deporte,0,1,4,0,1680000
Buenos Aires,Bragado,524,Sin Nombre,0,1,4,0,1900000
Buenos Aires,Merlo,4487,Unión,1,6,107,4,33760000
Buenos Aires,Florencio Varela,519,Villa Esther,0,6,82,9,30700000
Buenos Aires,Tres de Febrero,1087,París,0,0,12,1,4200000
Buenos Aires,Esteban Echeverría,606,Maipú y Pinamar,0,0,4,1,1680000
Buenos Aires,General San Martín,223,Sin Nombre,0,3,32,8,13280000
Buenos Aires,La Matanza,1356,Pelufo,0,3,92,6,34900000
Buenos Aires,La Matanza,5296,Fernández Fernández,0,7,32,4,21910000
Buenos Aires,Vicente López,241,Valle Grande,0,0,12,4,4780000
Buenos Aires,Florencio Varela,166,Nueve de Julio,0,4,195,12,62340000
Buenos Aires,José C. Paz,67,11 de Septiembre y Bruguetti,0,0,9,0,2740000
Buenos Aires,Merlo,1177,Loma Grande,1,5,78,2,28310000
Buenos Aires,Junín,683,San Antonio I,0,0,4,2,2040000
Buenos Aires,Saladillo,1141,Saladillo Norte,0,0,4,0,940000
Buenos Aires,Morón,1323,Presidente Ibáñez,0,9,192,15,59500000
Buenos Aires,Chascomús,514,El Porteño,0,0,6,0,1800000
Buenos Aires,José C. Paz,1537,Estación Piñero,2,1,40,2,13840000
Buenos Aires,La Matanza,5291,Smith,0,0,4,0,2400000
Buenos Aires,La Plata,86,Monasterio,0,1,7,1,2770000
Buenos Aires,General Pueyrredón,4353,La Serranita,0,1,15,0,5410000
Buenos Aires,Lomas de Zamora,72,Ocho de diciembre,0,15,231,27,84050000
Buenos Aires,Brandsen,326,Santa Isabel,0,0,44,6,14100000
Buenos Aires,San Vicente,1151,El Fortín,0,0,18,5,5840000
Buenos Aires,Lobos,302,Ferroviario,0,0,7,2,2600000
Buenos Aires,Tigre,1153,Sagrada Familia,0,5,92,8,31490000
Buenos Aires,José M. Ezeiza,4744,Vista Linda,0,0,4,0,2400000
Buenos Aires,La Costa,4527,Primero de Mayo,1,0,27,0,6970000
Buenos Aires,Tigre,1208,Almirante Brown,0,0,4,3,2020000
Buenos Aires,Mercedes,1159,El Álamo,0,4,37,1,12800000
Buenos Aires,Merlo,1110,El Ombú,2,7,222,11,68360000
Buenos Aires,Ensenada,1161,Martínez,0,6,51,5,21730000
Buenos Aires,La Plata,15,La Fortaleza,0,2,35,6,14120000
Buenos Aires,Merlo,4246,Santa Ana,0,3,44,0,17250000
Buenos Aires,Vicente López,112,Borges y Rosetti,0,0,5,0,1200000
Buenos Aires,San Vicente,291,Los Naranjos,0,1,19,2,6720000
Buenos Aires,Zárate,279,La Ponderosa,0,0,36,9,14650000
Buenos Aires,Merlo,1167,La Estrella,0,21,298,19,101870000
Buenos Aires,La Plata,1309,El Triunfo,0,0,5,2,2600000
Buenos Aires,Bahía Blanca,4244,Barrio 1810,0,1,5,2,2740000
Buenos Aires,La Costa,4302,Hípico,0,0,4,0,820000
Buenos Aires,Pilar,5317,Ferrum,0,1,16,0,7800000
Buenos Aires,San Miguel,850,Santa María,0,0,8,1,2520000
Buenos Aires,Coronel de Marina Leonardo Rosales,638,Gaudi,0,4,73,13,24880000
Buenos Aires,Junín,675,Martín Güemes,0,0,8,1,2020000
Buenos Aires,Moreno,926,Villanueva,0,21,264,16,100930000
Buenos Aires,General San Martín,945,Nueve de Julio,1,9,126,12,47120000
Buenos Aires,Florencio Varela,204,Pico de Oro,0,2,31,1,9610000
Buenos Aires,Moreno,913,Las Catonas,0,0,32,1,8260000
Buenos Aires,Zárate,1180,Reysol,0,0,36,5,10240000
Buenos Aires,Olavarría,5671,Belén,0,0,2,3,2310000
Buenos Aires,Lanús,1182,Diez de Enero,0,6,103,6,36390000
Buenos Aires,Zárate,280,Seis de agosto,0,0,24,1,6600000
Buenos Aires,La Plata,74,El Futuro,0,7,210,19,69130000
Buenos Aires,Merlo,677,El Palomo,0,3,65,4,23660000
Buenos Aires,Campana,1187,Lubo,0,1,21,5,8260000
Buenos Aires,Hurlingham,626,Cartero,0,0,5,0,1920000
Buenos Aires,Mercedes,1189,Malvinas,0,0,32,6,11200000
Buenos Aires,Avellaneda,62,Lucena,0,0,8,0,1920000
Buenos Aires,Campana,1191,Villa Nueva,0,0,6,0,1800000
Buenos Aires,Exaltación de la Cruz,506,La Sidrera,0,0,7,3,3240000
Buenos Aires,Esteban Echeverría,750,Las Torres,0,1,8,1,3960000
Buenos Aires,Hurlingham,916,La Esperanza II,0,1,10,1,4300000
Buenos Aires,Junín,749,Ricardo Rojas,0,0,14,0,3960000
Buenos Aires,Quilmes,5390,El Progreso,0,2,5,0,3600000
Buenos Aires,Tigre,5334,Arroyo Reconquista,0,0,1,0,600000
Buenos Aires,Tres de Febrero,5386,Cuba,0,0,1,0,150000
Buenos Aires,La Matanza,4717,Ramón Carrillo,0,1,7,3,3360000
Buenos Aires,General Rodríguez,5340,San Carlos,0,0,3,0,1450000
Buenos Aires,Vicente López,1140,Virgen de Luján,1,5,57,14,24320000
Buenos Aires,Moreno,4345,Casco Salas,0,1,5,0,1800000
Buenos Aires,Cañuelas,142,San Esteban,1,0,46,1,13500000
Buenos Aires,Maipú,4343,Colonia Ferrari,0,0,1,1,480000
Buenos Aires,Moreno,4542,Lomas Verdes,0,0,9,0,2880000
Buenos Aires,José C. Paz,4544,Potosí y Florencio Ballesteros,0,0,3,1,680000
Buenos Aires,Almirante Brown,550,El Ombú II,0,0,22,3,6920000
Buenos Aires,José C. Paz,5344,Bolívar,0,1,7,0,3520000
Buenos Aires,Almirante Brown,4530,La Victoria,0,3,73,5,25650000
Buenos Aires,General Pueyrredón,4427,José Hernández,0,0,12,2,4060000
Buenos Aires,La Plata,65,Barrio Nuevo,0,2,77,6,24750000
Buenos Aires,Esteban Echeverría,745,El Parque,0,2,14,1,4630000
Buenos Aires,La Matanza,4714,Juan Domingo Perón,1,13,154,20,58540000
Buenos Aires,San Isidro,4528,Roque Sáenz Peña,0,0,8,1,2790000
Buenos Aires,Lomas de Zamora,471,Libre Amanecer,0,2,70,5,22770000
Buenos Aires,La Matanza,1360,Santos Vega,0,15,236,34,90460000
Buenos Aires,Lanús,1220,Pampa,1,5,169,24,53140000
Buenos Aires,Avellaneda,1221,El Parque,0,0,10,0,3000000
Buenos Aires,La Matanza,1222,San Cayetano III,1,13,334,20,109480000
Buenos Aires,La Matanza,646,Oro Verde,0,2,47,7,17100000
Buenos Aires,Esteban Echeverría,1402,Sarmiento,0,3,89,5,25960000
Buenos Aires,La Plata,4521,El Molino,0,3,86,2,27160000
Buenos Aires,Pilar,467,Padre Urquiza,0,2,98,12,33540000
Buenos Aires,La Matanza,5293,Diecisiete de Septiembre,1,18,81,7,54210000
Buenos Aires,Malvinas Argentinas,228,Iparaguirre,0,0,10,2,3080000
Buenos Aires,San Nicolás,673,Provincianos,0,2,116,20,38440000
Buenos Aires,Esteban Echeverría,263,La Morita,1,6,170,20,61620000
Buenos Aires,General Pueyrredón,432,Estación Chapadmalal,0,0,6,1,2400000
Buenos Aires,Tigre,5333,El Lucero,0,1,0,0,600000
Buenos Aires,Morón,190,Angela Dorrego,0,0,5,0,1200000
Buenos Aires,Bahía Blanca,117,Portal del Este,0,3,13,0,5760000
Buenos Aires,Moreno,230,La Gloria,2,16,404,15,128890000
Buenos Aires,Moreno,927,El Reencuentro,2,9,125,8,44980000
Buenos Aires,Tandil,4282,Movediza II,0,2,26,1,8860000
Buenos Aires,Florencio Varela,748,Irineo Portela y Calle 519,0,1,4,1,1800000
Buenos Aires,Lomas de Zamora,5392,La Loma,0,1,3,0,2400000
Buenos Aires,General Rodríguez,573,Luchetti,0,0,19,0,5540000
Buenos Aires,Pergamino,572,Cristo Rey,0,3,49,0,16430000
Buenos Aires,Chascomús,1387,San Cayetano,0,0,5,0,2550000
Buenos Aires,Florencio Varela,568,Don José IV,0,0,36,0,11740000
Buenos Aires,La Plata,175,Martín Fierro,0,0,24,2,7420000
Buenos Aires,Campana,1185,Santa Lucía II,0,1,5,2,1910000
Buenos Aires,Avellaneda,149,La Esperanza,0,0,8,1,3720000
Buenos Aires,Ramallo,5672,Santa Rosa,0,0,3,0,1800000
Buenos Aires,Quilmes,507,Penta,0,8,139,11,46880000
Buenos Aires,La Matanza,1331,Veinte de Diciembre,0,1,29,2,9940000
Buenos Aires,La Plata,854,Santa Rosa,0,3,67,3,23120000
Buenos Aires,Pilar,4594,El Bosque,0,1,6,4,3220000
Buenos Aires,General Rodríguez,531,Los Naranjos I,0,0,23,1,8020000
Buenos Aires,La Plata,851,La 28,0,1,5,0,1800000
Buenos Aires,Villarino,4339,Manzanos,0,1,16,2,5530000
Buenos Aires,Moreno,5357,San Norberto,0,5,40,0,25950000
Buenos Aires,Lomas de Zamora,1165,Tres de Enero,0,12,167,8,59240000
Buenos Aires,Esteban Echeverría,742,La Nango,0,1,45,2,12960000
Buenos Aires,Moreno,324,Los Paraísos II,0,2,10,3,4400000
Buenos Aires,Merlo,5374,Loma Verde,0,0,2,0,1200000
Buenos Aires,Lobos,4323,Las Latas,0,0,3,0,1080000
Buenos Aires,Bahía Blanca,740,Saladero,0,4,51,6,19000000
Buenos Aires,General Pueyrredón,4384,Autódromo,0,9,337,28,113030000
Buenos Aires,Pilar,402,Leguizamón y Haití,0,2,26,6,11020000
Buenos Aires,Almirante Brown,634,El Triunfo,0,1,40,4,14110000
Buenos Aires,Malvinas Argentinas,453,Asamblea y Buenos Aires,0,1,12,1,4200000
Buenos Aires,Baradero,4311,Don Pedro,0,1,30,5,10060000
Buenos Aires,Tandil,608,La Movediza I,0,1,91,4,29700000
Buenos Aires,Merlo,5379,José Diecinueve de Septiembre,0,1,14,1,6440000
Buenos Aires,Moreno,4441,Los Cedros,0,6,106,6,37430000
Buenos Aires,La Plata,4616,Sin Nombre,0,0,5,0,1900000
Buenos Aires,General Juan Madariaga,445,Quintanilla,0,0,5,2,2260000
Buenos Aires,Tigre,1171,Colombia,0,1,29,2,10390000
Buenos Aires,Moreno,1275,La Gloria,0,1,26,2,9320000
Buenos Aires,Azul,4360,Villa Mitre,0,0,13,0,3360000
Buenos Aires,Merlo,5377,La Pantanosa,0,1,10,2,6240000
Buenos Aires,General San Martín,4549,Ocho de Mayo,0,13,273,22,94490000
Buenos Aires,José C. Paz,1073,Vucetich I,0,1,37,0,12340000
Buenos Aires,Mercedes,1284,Marchetti II,0,3,94,3,28710000
Buenos Aires,Avellaneda,4243,Unión de Avellaneda,0,1,12,2,4690000
Buenos Aires,Quilmes,1286,San Sebastián,0,2,100,1,30910000
Buenos Aires,Lomas de Zamora,1308,Néstor Kirchner,0,6,124,7,45610000
Buenos Aires,Lomas de Zamora,1288,El Faro,0,2,67,2,19720000
Buenos Aires,Quilmes,508,Kolinos,0,1,89,10,31730000
Buenos Aires,Moreno,81,Benito Juárez y Balaguer,0,2,37,1,13640000
Buenos Aires,Lomas de Zamora,1291,Juan Manuel de Rosas II,0,1,41,2,12540000
Buenos Aires,Pilar,1292,De Vicenzo Alto,0,2,23,2,8530000
Buenos Aires,Avellaneda,1133,El Arroyo,0,2,30,2,9360000
Buenos Aires,La Matanza,1294,Dos de Abril II,0,0,8,1,2020000
Buenos Aires,Almirante Brown,546,San Pablo y Echagüe,0,0,3,0,590000
Buenos Aires,Malvinas Argentinas,1296,Veinticinco de Mayo,1,1,48,2,14990000
Buenos Aires,Lomas de Zamora,4395,Juan Manuel de Rosas,0,17,216,10,82210000
Buenos Aires,Mercedes,1298,Calle 64 y Calle 15,0,0,6,1,2160000
Buenos Aires,La Matanza,71,América,1,0,33,1,10160000
Buenos Aires,Avellaneda,1301,Tierra Verde,0,6,46,4,17610000
Buenos Aires,La Plata,60,Dos de abril,0,5,65,3,24700000
Buenos Aires,Pilar,4561,Pilarica,0,2,18,1,6960000
Buenos Aires,La Plata,553,El Retiro,0,4,136,5,41970000
Buenos Aires,Cañuelas,4484,La Pradera,1,12,254,16,84170000
Buenos Aires,Escobar,5301,San Luis,0,1,9,0,4800000
Buenos Aires,La Plata,84,90 y 19,0,2,34,3,11200000
Buenos Aires,Villarino,879,África,0,1,12,1,4060000
Buenos Aires,San Vicente,641,Parque Ibáñez,0,3,64,8,23390000
Buenos Aires,General San Martín,580,California,0,2,17,2,6100000
Buenos Aires,Berisso,133,Nueva York,0,0,24,4,8890000
Buenos Aires,Moreno,4735,Pfizer,0,1,12,1,5500000
Buenos Aires,Lomas de Zamora,963,Victoria,0,1,3,1,1920000
Buenos Aires,Tres de Febrero,4614,Derqui,0,2,5,1,3120000
Buenos Aires,San Vicente,4501,Sin Nombre,0,0,4,2,1160000
Buenos Aires,San Isidro,5320,Capitán Rosales,0,0,1,0,600000
Buenos Aires,Florencio Varela,469,Santa Ana I,0,2,38,4,15120000
Buenos Aires,Almirante Brown,4242,Betharram,0,5,86,11,35500000
Buenos Aires,Junín,623,La Celeste,0,0,8,2,2880000
Buenos Aires,San Nicolás,278,Mitre,0,0,24,4,7640000
Buenos Aires,Moreno,4388,San Francisco,0,10,116,7,41860000
Buenos Aires,La Matanza,162,Los Pinos,0,2,23,3,8260000
Buenos Aires,General Pueyrredón,5652,Santa Paula,0,0,4,0,1710000
Buenos Aires,La Matanza,1335,El Trébol,1,7,224,16,74440000
Buenos Aires,La Matanza,4222,Diecisiete de marzo,0,3,58,5,25240000
Buenos Aires,La Plata,5688,Los Pinos,0,0,2,1,1800000
Buenos Aires,Escobar,1053,Ovejero Chico II,0,3,35,4,13520000
Buenos Aires,Tigre,1338,Corrientes y Arroyo Claro,0,0,7,0,2160000
Buenos Aires,Merlo,4568,El Mosquito,0,1,7,1,2510000
Buenos Aires,La Plata,622,La Unión,1,1,38,6,12620000
Buenos Aires,Azul,4468,Villa Piazza Norte,0,0,15,1,6240000
Buenos Aires,Pilar,1224,La Carbonera,0,0,16,2,5840000
Buenos Aires,Merlo,4572,El Sol,0,0,4,0,820000
Buenos Aires,Quilmes,426,La Resistencia,0,7,75,6,29670000
Buenos Aires,La Matanza,4459,Bicentenario,0,5,77,2,24640000
Buenos Aires,La Costa,5656,Sin Nombre,0,0,1,0,600000
Buenos Aires,General Rodríguez,4734,Nuevo Marabó,0,1,8,2,5500000
Buenos Aires,La Plata,954,Sin Nombre,0,0,5,1,1440000
Buenos Aires,Quilmes,1268,Dos de Abril,1,1,49,2,15450000
Buenos Aires,Tres de Febrero,313,Mercado,1,0,42,5,14820000
Buenos Aires,La Matanza,1342,Nuestro Futuro,1,3,70,2,23960000
Buenos Aires,Quilmes,1267,Gendarmería,0,2,50,2,15400000
Buenos Aires,La Matanza,1344,Santa Rita,1,7,126,14,44400000
Buenos Aires,Esteban Echeverría,857,La Paz II,0,3,37,4,14140000
Buenos Aires,Moreno,1346,Trujúi III,0,0,11,0,3100000
Buenos Aires,Florencio Varela,969,Villa María,0,0,45,3,13240000
Buenos Aires,La Matanza,1349,Nicoll,1,19,669,34,216350000
Buenos Aires,Baradero,213,La Igualdad,0,0,5,2,1800000
Buenos Aires,Avellaneda,4548,El Viaducto,0,1,3,0,1300000
Buenos Aires,La Plata,70,Aeropuerto,0,3,102,9,34900000
Buenos Aires,Lomas de Zamora,4449,Santa Cecilia,0,1,9,0,3360000
Buenos Aires,Moreno,4440,El Progreso,1,0,94,1,27870000
Buenos Aires,Moreno,4443,Ocho de Diciembre,1,5,98,2,32320000
Buenos Aires,La Matanza,1365,Santa Clara,0,2,36,8,15010000
Buenos Aires,Esteban Echeverría,298,Sin Nombre,0,1,5,1,2400000
Buenos Aires,La Matanza,1328,Los Ceibos II,0,15,262,12,94500000
Buenos Aires,Ituzaingó,957,Amigos de 2 de Febrero,0,0,4,0,960000
Buenos Aires,La Matanza,1329,Scasso,0,2,89,5,30290000
Buenos Aires,Quilmes,574,El Tala,0,23,254,25,93720000
Buenos Aires,Dolores,4301,Piloto Sur,0,0,1,0,240000
Buenos Aires,Mercedes,4760,Sin Nombre,0,1,2,0,1200000
Buenos Aires,Zárate,215,Ascárate,0,0,17,0,5740000
Buenos Aires,Chacabuco,4749,Los Amigos,0,1,3,0,2050000
Buenos Aires,Avellaneda,4742,Las Vías,0,0,2,1,720000
Buenos Aires,Esteban Echeverría,4745,Patria Grande,0,1,4,0,1560000
Buenos Aires,Luján,595,Ameghino,2,17,422,21,141180000
Buenos Aires,Mercedes,1209,San Martín,0,2,24,7,10400000
Buenos Aires,Quilmes,1172,El Emporio del Tanque,0,11,353,17,110950000
Buenos Aires,General San Martín,587,California,0,1,6,0,2260000
Buenos Aires,Pilar,336,Luchetti,0,6,64,12,27170000
Buenos Aires,La Matanza,1330,Diecinueve de Septiembre,1,10,254,16,87100000
Buenos Aires,Moreno,1290,Villa Trinidad,0,8,120,9,43690000
Buenos Aires,Lomas de Zamora,1311,El Chaparral,0,1,9,2,4080000
Buenos Aires,San Pedro,607,Defensores Unidos,0,0,4,0,960000
Buenos Aires,Exaltación de la Cruz,309,La Plegaria,0,0,9,0,2160000
Buenos Aires,General San Martín,630,Eucaliptus,0,18,246,19,94170000
Buenos Aires,Lanús,167,Campomar,0,1,2,0,1080000
Buenos Aires,La Matanza,4712,San Javier,0,0,3,1,1440000
Buenos Aires,Zárate,328,Nueve de Julio,0,4,22,1,8860000
Buenos Aires,Quilmes,1127,Diez de Noviembre,0,0,23,1,7060000
Buenos Aires,Moreno,5354,Primero de Marzo,1,1,3,0,2260000
Buenos Aires,Almirante Brown,932,Dos de Mayo,0,0,52,7,16070000
Buenos Aires,La Costa,1265,Ampliación El Tala,0,0,8,0,2280000
Buenos Aires,Merlo,"1114* ",Santa Julia,2,3,54,4,20080000
Buenos Aires,Moreno,1389,Los Molinos,0,9,137,8,43180000
Buenos Aires,Moreno,1367,Cascallares,0,0,1,2,1200000
Buenos Aires,Junín,679,La Rufinita,0,0,3,0,580000
Buenos Aires,Chivilcoy,174,Blanco,0,1,20,0,6490000
Buenos Aires,La Plata,682,40 y 150,0,1,42,1,12370000
Buenos Aires,José C. Paz,1385,El Ceibo,0,2,81,10,27800000
Buenos Aires,Zárate,"288* ",Los Pomelos,0,0,10,0,2400000
Buenos Aires,Lomas de Zamora,"393* ",Barrio Obrero I,0,0,172,5,42060000
Buenos Aires,Almirante Brown,684,Parque Gauchito Gil,0,9,95,9,37500000
Buenos Aires,José M. Ezeiza,583,Sol de Oro,0,2,34,5,14270000
Buenos Aires,José C. Paz,1383,Viena,0,3,101,5,31370000
Buenos Aires,Florencio Varela,1204,1540 y 1515,0,1,12,2,4290000
Buenos Aires,José C. Paz,1382,Provincias Unidas,0,0,18,3,6100000
Buenos Aires,General Rodríguez,161,Agua de Oro,0,1,76,7,24360000
Buenos Aires,Lomas de Zamora,1381,América Latina,0,8,71,2,27920000
Buenos Aires,Florencio Varela,1203,1418 y 1435,0,1,35,2,12440000
Buenos Aires,Esteban Echeverría,1406,Santos Vega y Lago Argentino,0,3,44,4,15180000
Buenos Aires,Quilmes,4743,Los Pinos,1,0,5,0,2280000
Buenos Aires,La Plata,89,Frison,0,3,45,4,15370000
Buenos Aires,San Nicolás,672,Nueve de Julio,0,1,18,0,4920000
Buenos Aires,Almirante Brown,1410,Gendarmería,0,1,44,3,16420000
Buenos Aires,General Villegas,4752,Migliore,0,0,10,0,5200000
Buenos Aires,San Pedro,1413,Banfield II,0,1,15,0,5260000
Buenos Aires,La Matanza,727*,Esteban de Luca,0,0,1,1,480000
Buenos Aires,Almirante Brown,1415,Los Álamos II,0,0,11,1,2860000
Buenos Aires,Zárate,632,El Progreso,0,5,121,13,42160000
Buenos Aires,Campana,1417,La Josefa,0,1,5,0,2380000
Buenos Aires,La Plata,559,Niní,0,5,39,3,13820000
Buenos Aires,Almirante Brown,1419,Lindo,0,2,9,1,5260000
Buenos Aires,Necochea,558,Tiro Federal,1,0,3,0,2040000
Buenos Aires,Almirante Brown,1422,La Esperanza,0,1,7,0,2140000
Buenos Aires,San Nicolás,676,Los Pinos II,0,1,4,1,1780000
Buenos Aires,Pergamino,1424,Tupac Amarú,0,0,28,3,11290000
Buenos Aires,Tigre,1210,Las Tunas,0,10,222,21,76600000
Buenos Aires,La Plata,90,65 y 153,0,0,24,2,7240000
Buenos Aires,La Plata,21,El Rincón II,0,0,9,2,3580000
Buenos Aires,Pilar,1428,Luchetti,0,17,266,16,100990000
Buenos Aires,Quilmes,1429,Papa Francisco,0,10,200,11,66480000
Buenos Aires,Almirante Brown,1430,Ciudad Oculta,0,0,4,2,1800000
Buenos Aires,Pilar,1431,Madre Rosa,0,1,13,1,5040000
Buenos Aires,Necochea,1433,Puerto,0,0,0,1,240000
Buenos Aires,Almirante Brown,1434,Bradley,0,0,4,0,820000
Buenos Aires,Almirante Brown,1435,San Cayetano,0,1,21,2,7680000
Buenos Aires,Pilar,1436,Toro,0,1,51,6,17780000
Buenos Aires,La Matanza,1437,José Luis Cabezas,0,1,64,8,20580000
Buenos Aires,Lomas de Zamora,1438,Nuevo Horizonte,0,10,97,12,38420000
Buenos Aires,San Fernando,1439,San Lorenzo,0,3,57,8,21840000
Buenos Aires,San Fernando,1440,La Esperanza,0,5,49,8,18740000
Buenos Aires,San Fernando,1441,Alvear,0,1,8,2,3220000
Buenos Aires,Pilar,1442,Villa Luján,0,4,65,5,23240000
Buenos Aires,San Fernando,1443,Tiro Federal,0,0,5,2,2020000
Buenos Aires,San Fernando,1444,San Jorge,0,5,190,23,60080000
Buenos Aires,San Miguel,1445,Don Alfonso,0,1,7,1,2520000
Buenos Aires,Pilar,1446,Monterrey Sur,0,2,108,11,35000000
Buenos Aires,San Fernando,1447,San Martín,0,1,86,10,28480000
Buenos Aires,Pilar,1448,El Bosque,1,1,9,1,3720000
Buenos Aires,Pergamino,1449,Kennedy I,0,3,27,2,12460000
Buenos Aires,Ituzaingó,1450,El Martillazo II,0,0,6,0,1560000
Buenos Aires,San Miguel,1451,Santa Brígida,1,6,175,13,57870000
Buenos Aires,Pilar,1452,Falcón,0,1,11,0,3480000
Buenos Aires,San Fernando,1455,Aviación,0,0,7,1,2500000
Buenos Aires,Campana,1456,San Cayetano,0,6,109,9,36370000
Buenos Aires,San Miguel,1457,Barrufaldi,1,9,188,10,68510000
Buenos Aires,Pilar,1458,Sin Nombre,0,7,97,6,32620000
Buenos Aires,Arrecifes,1459,Terraplén FFCC,0,3,28,7,11120000
Buenos Aires,General San Martín,2867,Sarmiento II,0,0,24,3,9120000
Buenos Aires,Lanús,1461,Radio El Puente,0,9,115,9,38900000
Buenos Aires,Lanús,1462,Ilasa,1,4,96,7,35520000
Buenos Aires,Pergamino,1463,Villa San José,0,0,7,2,2280000
Buenos Aires,Quilmes,1465,Monteverde,2,16,391,29,131290000
Buenos Aires,Tigre,1466,Parque Alegre,1,1,23,9,9900000
Buenos Aires,Pilar,1467,Las Margaritas,0,0,9,2,3120000
Buenos Aires,San Isidro,1468,Santa Ana,0,5,89,7,29400000
Buenos Aires,Almirante Brown,2943,Dos de Abril,0,0,26,7,9920000
Buenos Aires,Pilar,1470,San Souci Norte,0,0,3,0,1200000
Buenos Aires,San Miguel,1471,Mariló,1,5,132,8,46750000
Buenos Aires,Lanús,1472,Balcarce,0,4,84,11,27940000
Buenos Aires,Exaltación de la Cruz,1473,Puente Fierro,0,2,7,1,3240000
Buenos Aires,La Plata,92,Veintiseis de julio,0,1,39,4,12700000
Buenos Aires,General Pueyrredón,5649,San Jorge,0,3,13,3,9990000
Buenos Aires,Merlo,1478,Las Tejas,2,12,404,22,132570000
Buenos Aires,Merlo,114,FH,0,6,79,2,26250000
Buenos Aires,Florencio Varela,93,El Parque,1,7,199,16,75510000
Buenos Aires,General Pueyrredón,5644,Virgen de Luján,0,1,5,0,3600000
Buenos Aires,Quilmes,1482,Garay,0,4,63,3,21550000
Buenos Aires,Avellaneda,1339,Rancho Grande San Lorenzo,0,9,140,7,45860000
Buenos Aires,Merlo,1484,Las Torres,2,14,122,8,49500000
Buenos Aires,La Matanza,4716,Las Canarias,0,2,7,2,5640000
Buenos Aires,Pilar,1489,Manzone,0,11,183,15,66530000
Buenos Aires,Pilar,5314,Vicente López,0,0,2,0,960000
Buenos Aires,Hurlingham,1491,Arroyo Soto,0,0,11,2,3630000
Buenos Aires,Cañuelas,5397,Manuel Belgrano,0,1,9,0,5760000
Buenos Aires,Campana,1493,La Esperanza,0,1,31,2,9800000
Buenos Aires,Malvinas Argentinas,633,Los Olivos,1,5,72,14,29760000
Buenos Aires,Presidente Perón,1495,La Yaya I,0,5,166,15,54280000
Buenos Aires,San Vicente,5406,Ocho de Octubre,0,0,10,4,5890000
Buenos Aires,Cañuelas,1497,Máximo Paz Oeste,0,5,183,16,59460000
Buenos Aires,Lomas de Zamora,1312,Sebastián,0,1,23,6,9800000
Buenos Aires,San Pedro,94,La Barranca,0,8,86,15,33060000
Buenos Aires,Pergamino,1501,Jorge Newbery,0,9,148,19,57580000
Buenos Aires,Lomas de Zamora,1502,Estación Budge,0,3,50,3,17280000
Buenos Aires,Tres de Febrero,5384,Matienzo,0,2,2,0,2400000
Buenos Aires,Moreno,1505,El Milenio,0,0,9,0,2160000
Buenos Aires,Morón,5383,Goria,0,0,1,0,600000
Buenos Aires,San Miguel,1507,Puente Roca III,0,0,3,0,1080000
Buenos Aires,Ituzaingó,5368,San Francisco,0,0,1,0,600000
Buenos Aires,Escobar,1509,Villa La Esperanza,0,1,19,1,6200000
Buenos Aires,Merlo,5372,Los Naranjos,0,0,3,0,1800000
Buenos Aires,Pergamino,1511,Hernández,0,3,79,9,30640000
Buenos Aires,Moreno,5362,Las Piñas,0,0,7,0,3100000
Buenos Aires,Tigre,1513,Benavidez II,0,4,28,8,12980000
Buenos Aires,Moreno,5361,Manantiales,0,1,54,2,24420000
Buenos Aires,Merlo,1515,San Francisco,2,4,101,5,31550000
Buenos Aires,Florencio Varela,4598,La Curva,0,0,4,0,960000
Buenos Aires,Lomas de Zamora,96,Mariscal Sucre,0,1,18,2,6300000
Buenos Aires,Malvinas Argentinas,5351,El Cuadrado,0,0,2,0,1200000
Buenos Aires,Lomas de Zamora,1519,Diez de Abril,1,9,220,28,84520000
Buenos Aires,General Rodríguez,5339,René Favaloro,0,2,9,0,6600000
Buenos Aires,Escobar,1522,Villa Alegre,1,2,75,5,25620000
Buenos Aires,Vicente López,5337,Sin Nombre,0,1,0,0,600000
Buenos Aires,Merlo,1524,Primero de Mayo,0,0,3,0,1560000
Buenos Aires,Moreno,4545,Malaver II,0,0,4,0,960000
Buenos Aires,La Plata,1526,La Laguna,0,0,9,3,3820000
Buenos Aires,La Matanza,5299,Mercosur,0,0,2,0,720000
Buenos Aires,Moreno,1529,Puente Roca II,2,11,123,5,47010000
Buenos Aires,San Miguel,887,El Faro,0,0,4,0,1320000
Buenos Aires,Almirante Brown,1532,Zabala,0,0,1,0,240000
Buenos Aires,Pilar,5304,El Triángulo,0,1,12,0,4420000
Buenos Aires,Florencio Varela,1535,Santa Rosa III,0,0,6,0,1800000
Buenos Aires,Bahía Blanca,739,Cinco de Abril,0,0,5,2,1590000
Buenos Aires,La Plata,97,19 y 77,0,2,35,4,13180000
Buenos Aires,Moreno,4733,Morenito,0,0,2,0,840000
Buenos Aires,José C. Paz,1539,Aguas Claras,0,2,21,0,6720000
Buenos Aires,La Matanza,455,Monte Tartaglia,0,0,29,2,8220000
Buenos Aires,Merlo,1541,Soler,0,1,7,1,3200000
Buenos Aires,La Matanza,842,Veintisiete de Octubre,0,0,9,1,2400000
Buenos Aires,Pilar,1543,Santa Ana I,0,1,77,0,20420000
Buenos Aires,Ensenada,208,El Porteño,0,2,36,3,12580000
Buenos Aires,La Matanza,1546,El Triunfo,2,30,602,52,219280000
Buenos Aires,Florencio Varela,53,La Sirena,0,3,47,8,18580000
Buenos Aires,Merlo,1549,Isla Soledad,1,4,38,2,15660000
Buenos Aires,Malvinas Argentinas,233,Marquesado,0,1,3,1,1540000
Buenos Aires,Lomas de Zamora,1553,El Paredón,0,4,88,2,25290000
Buenos Aires,Tigre,5327,Mozart,0,0,2,0,720000
Buenos Aires,José C. Paz,1556,Unión Néstor Kirchner,5,43,811,42,270250000
Buenos Aires,José M. Ezeiza,311,Luján,0,2,86,16,27390000
Buenos Aires,La Plata,99,Las Margaritas,0,4,61,6,21460000
Buenos Aires,Tigre,4731,Ricardo Rojas,1,9,26,5,19420000
Buenos Aires,La Matanza,1560,El Bajo,0,1,34,4,10190000
Buenos Aires,Lomas de Zamora,4724,Los Tanos,0,5,24,1,10760000
Buenos Aires,José C. Paz,1562,Sarmiento,0,2,80,4,24900000
Buenos Aires,Lomas de Zamora,4723,Sin Nombre,0,2,4,0,3250000
Buenos Aires,José C. Paz,1564,Sol y Verde II,2,19,494,19,166790000
Buenos Aires,La Plata,6,La Güemes,0,0,3,1,1180000
Buenos Aires,Quilmes,1566,El Fortín,0,1,103,12,35270000
Buenos Aires,Malvinas Argentinas,227,San Pascual,1,2,29,0,9440000
Buenos Aires,La Plata,1568,La Isla,0,2,54,9,18590000
Buenos Aires,Dolores,210,Nueva Esperanza,0,1,17,2,6460000
Buenos Aires,Ensenada,1570,El Zanjón,1,8,163,13,65210000
Buenos Aires,Zárate,216,Villa Nueva,0,0,4,0,1200000
Buenos Aires,Ensenada,1572,Villa Catela,0,4,80,9,30900000
Buenos Aires,Malvinas Argentinas,232,Pech,0,0,10,0,3480000
Buenos Aires,Lomas de Zamora,1574,Las Casuarinas,0,6,112,6,42540000
Buenos Aires,Tigre,452,Liniers,0,3,168,27,56390000
Buenos Aires,Quilmes,1577,Itatí,0,64,1653,107,532470000
Buenos Aires,Almirante Brown,871,Martín Arín,0,0,19,2,5960000
Buenos Aires,La Plata,775,516Bis y 220,0,0,23,3,6180000
Buenos Aires,Quilmes,110,La Arboleda,0,0,15,0,5040000
Buenos Aires,Ensenada,195,48 y 130,0,0,4,0,820000
Buenos Aires,Lobos,4351,Rivadavia,0,0,2,0,480000
Buenos Aires,General San Martín,388,La Rana,1,25,189,32,90840000
Buenos Aires,La Plata,613,Mercosur,0,1,47,9,17590000
Buenos Aires,La Plata,12,Villa Rica,0,1,18,1,5100000
Buenos Aires,Moreno,556,Bongiovani II,1,5,87,4,30510000
Buenos Aires,Quilmes,186,Esperanza Chica,0,2,42,6,17320000
Buenos Aires,Moreno,922,Los Mirasoles,0,0,1,1,480000
Buenos Aires,Tigre,736,San Lorenzo,0,9,160,29,57910000
Buenos Aires,La Plata,63,La Palangana,1,0,18,4,7550000
Buenos Aires,Florencio Varela,782,Arroyo Las Piedras Sur,0,2,29,3,11860000
Buenos Aires,Bahía Blanca,652,Costa Blanca,0,4,61,4,19000000
Buenos Aires,Moreno,5353,Veinticinco de Septiembre,0,4,11,0,8300000
Buenos Aires,Bahía Blanca,730,Villa Talleres,0,3,113,7,34950000
Buenos Aires,Escobar,391,El Ruso,0,5,43,7,16360000
Buenos Aires,Exaltación de la Cruz,321,Sin Nombre,0,1,44,7,14840000
Buenos Aires,Almirante Brown,733,La Cumbre,0,3,37,5,13750000
Buenos Aires,San Isidro,2939,Sauce,0,7,111,13,38280000
Buenos Aires,Escobar,392,Cabot,0,5,64,9,24910000
Buenos Aires,Esteban Echeverría,5399,El Retoño,0,0,4,0,2400000
Buenos Aires,José C. Paz,732,Papelitos,0,2,35,4,13440000
Buenos Aires,La Matanza,628,Concordia y Rufino Zado,1,1,15,4,8120000
Buenos Aires,San Fernando,394,San Francisco,0,3,22,1,7880000
Buenos Aires,Florencio Varela,185,La Casona de López,0,0,22,5,8880000
Buenos Aires,Moreno,731,Dieciocho de Julio,1,17,264,9,88520000
Buenos Aires,Moreno,923,Mariló,0,1,10,1,3580000
Buenos Aires,La Matanza,395,Del Cencerro,0,0,9,1,3340000
Buenos Aires,Moreno,1306,Parque I,0,1,13,0,4350000
Buenos Aires,Tigre,102,Arroyo El Claro III,0,0,34,6,10410000
Buenos Aires,José C. Paz,651,Lido,0,2,14,0,5500000
Buenos Aires,Almirante Brown,396,Nuevo Sol,0,13,185,13,67390000
Buenos Aires,La Matanza,4715,Luján,1,9,179,21,64500000
Buenos Aires,Bahía Blanca,726,Empleados de Comercio,0,1,4,4,2760000
Buenos Aires,La Costa,723,San Martín,0,0,3,0,720000
Buenos Aires,San Isidro,397,La Cava,3,39,674,71,241850000
Buenos Aires,General Pueyrredón,5641,Pueyrredón,0,0,1,0,360000
Buenos Aires,Hurlingham,874,Parque Quirno II,0,0,10,0,2880000
Buenos Aires,Quilmes,1480,Azul,2,19,271,14,101310000
Buenos Aires,Tres de Febrero,398,Villa Risso,0,0,2,0,840000
Buenos Aires,Dolores,184,Detrás del Cementerio,0,0,1,1,340000
Buenos Aires,San Vicente,1340,Ocho de Octubre,0,1,25,1,8880000
Buenos Aires,Tigre,2941,Andalucía,0,1,29,1,10140000
Buenos Aires,Ramallo,399,El Triángulo,0,0,16,1,4680000
Buenos Aires,General Pueyrredón,5647,Lomas de San Patricio,0,1,5,0,3000000
Buenos Aires,General San Martín,103,Plazoleta 9 de Julio,0,2,32,3,12540000
Buenos Aires,La Matanza,719,Urdimenea,0,0,5,0,1440000
Buenos Aires,Florencio Varela,400,Villa Hudson Fondo,1,14,384,23,130290000
Buenos Aires,Quilmes,1474,Villa Luján IV,0,5,156,17,55490000
Buenos Aires,San Andrés de Giles,183,Estación Solís,0,1,10,0,3260000
Buenos Aires,Moreno,2942,San Carlos I,1,5,71,8,25270000
Buenos Aires,Tigre,401,La Villita,0,0,7,2,2860000
Buenos Aires,Moreno,2950,Satélite,0,0,23,2,6800000
Buenos Aires,General San Martín,2952,Villa Tropezón,1,3,42,7,15250000
Buenos Aires,Malvinas Argentinas,1199,El Chiri,0,9,67,7,26660000
Buenos Aires,Avellaneda,2948,Sin Nombre,0,1,3,1,2140000
Buenos Aires,San Fernando,2944,La Loma,0,0,9,1,2880000
Buenos Aires,Lanús,2945,Vías Muertas,0,3,19,3,8400000
Buenos Aires,General Pueyrredón,4352,El Colmenar,0,5,71,1,25660000
Buenos Aires,Lanús,403,Talleres,0,0,30,5,9000000
Buenos Aires,La Matanza,1317,José Hernández,0,1,6,1,2620000
Buenos Aires,Merlo,104,Circuito,0,2,46,2,16260000
Buenos Aires,Bahía Blanca,2905,Nueve de Noviembre,1,11,199,18,70750000
Buenos Aires,Florencio Varela,404,Las Piletas,0,0,4,0,940000
Buenos Aires,Quilmes,2925,Santa María,0,3,29,3,10300000
Buenos Aires,San Isidro,2937,Villa Ruedita,0,1,6,2,2760000
Buenos Aires,General San Martín,625,Costa Esperanza,2,43,667,61,244840000
Buenos Aires,La Plata,405,Medalla Milagrosa,0,1,47,3,14560000
Buenos Aires,Lanús,2932,Villa de La Fe,0,6,230,16,76930000
Buenos Aires,Merlo,2933,Belgrano,0,2,13,3,5960000
Buenos Aires,Bahía Blanca,656,Pampa Central,0,0,5,1,1440000
Buenos Aires,General Juan Madariaga,406,Los Pinos II,0,0,2,1,720000
Buenos Aires,General San Martín,582,Morris,0,1,4,0,1560000
Buenos Aires,Tres de Febrero,2929,Villa Matheus,0,2,31,5,10520000
Buenos Aires,San Miguel,1149,Parque La Gloria,0,5,50,4,17460000
Buenos Aires,Florencio Varela,407,Luján,1,9,265,16,89960000
Buenos Aires,General Pueyrredón,2918,Villa de Termas Huinco,0,0,5,0,1200000
Buenos Aires,La Plata,105,Alegre,0,4,138,10,42300000
Buenos Aires,General San Martín,1173,Costa del Lago,1,8,222,15,79350000
Buenos Aires,General Juan Madariaga,408,Los Pinos I,0,0,1,0,240000
Buenos Aires,Florencio Varela,2920,La Colorada,0,0,8,1,2650000
Buenos Aires,Moreno,2921,San Carlos II,0,3,66,6,21880000
Buenos Aires,General Pueyrredón,2910,Las Dalias,0,0,19,4,8050000
Buenos Aires,Tigre,409,La Esperanza,0,7,171,18,59300000
Buenos Aires,General Pueyrredón,2916,Villa Cariño,0,1,17,5,6440000
Buenos Aires,25 de Mayo,2917,San Vicente de Paul,0,0,29,3,8760000
Buenos Aires,General Pueyrredón,2911,Ameghino,0,1,10,2,4680000
Buenos Aires,Almirante Brown,410,El Trébol,0,6,121,11,47200000
Buenos Aires,General Pueyrredón,2912,Pasillo El Regional,0,0,3,1,1320000
Buenos Aires,General Pueyrredón,2913,López de Gomara,0,0,3,0,1200000
Buenos Aires,Zárate,747,Anta,0,0,6,0,1920000
Buenos Aires,Ensenada,308,Piria,0,5,103,12,37460000
Buenos Aires,Malvinas Argentinas,4416,San Carlitos,0,0,6,0,2520000
Buenos Aires,La Plata,106,Carlos Agosti,0,3,61,6,21600000
Buenos Aires,La Matanza,2899,Villa Constructora,0,2,40,2,13380000
Buenos Aires,José M. Ezeiza,412,Monte Rosa,0,1,93,6,28600000
Buenos Aires,La Matanza,2900,Dos de Abril,0,1,56,7,18340000
Buenos Aires,Florencio Varela,2902,Santa Marta,0,1,23,1,8190000
Buenos Aires,25 de Mayo,2889,Sandalio,0,5,78,6,29710000
Buenos Aires,General Juan Madariaga,413,Belgrano,0,0,7,2,2880000
Buenos Aires,San Fernando,2897,Santa Rosa,1,7,116,13,41540000
Buenos Aires,Luján,2898,Lanusse,0,3,44,0,12310000
Buenos Aires,General Pueyrredón,2891,Nuevo Golf,0,16,103,6,55180000
Buenos Aires,Bragado,414,Fátima,0,1,11,1,4920000
Buenos Aires,Almirante Brown,2892,Roldán,0,0,4,1,1180000
Buenos Aires,Monte Hermoso,2893,La Esperanza,0,3,38,7,14460000
Buenos Aires,Avellaneda,2871,La Tierrita,0,4,58,3,21930000
Buenos Aires,Escobar,271,Ovejero Viejo,0,3,93,5,33220000
Buenos Aires,Florencio Varela,2887,El Molino,0,2,65,6,26530000
Buenos Aires,La Plata,107,Padre Cajade,0,2,66,2,20340000
Buenos Aires,San Isidro,2880,Ferroviario Santa Rosa,1,3,36,4,13660000
Buenos Aires,General Pueyrredón,416,Felix U. Camet,0,2,71,11,26440000
Buenos Aires,Avellaneda,2881,Nueva Ana II,0,4,21,6,10400000
Buenos Aires,General San Martín,2882,Villa Sarmiento,0,1,18,4,7040000
Buenos Aires,San Pedro,2872,Cementerio,0,4,50,7,19640000
Buenos Aires,Azul,417,San Francisco de Asís,1,1,39,3,12230000
Buenos Aires,La Matanza,2877,Diecisiete de Marzo Bis,0,2,32,6,13420000
Buenos Aires,Tres de Febrero,2878,Libertador,0,1,5,0,2020000
Buenos Aires,La Plata,2873,El Mercadito,0,1,32,4,11940000
Buenos Aires,Azul,418,Villa Giammatolo,0,1,2,1,1680000
Buenos Aires,Avellaneda,2874,Doce de Mayo,0,0,9,1,3480000
Buenos Aires,Chivilcoy,5664,La Victoria,0,1,0,1,1200000
Buenos Aires,Moreno,1376,Cortejarena,0,0,17,3,6470000
Buenos Aires,La Plata,61,La Esperanza,0,2,57,5,19900000
Buenos Aires,Zárate,316,San Sebastián,0,1,20,3,6510000
Buenos Aires,La Plata,109,Villa Alba,0,0,14,0,3820000
Buenos Aires,Moreno,1262,Villa Zapiola,0,0,22,5,8700000
Buenos Aires,Olavarría,420,Francisco Moreno,0,0,1,0,240000
Buenos Aires,Pergamino,557,Virgen de Itatí,0,0,45,4,14160000
Buenos Aires,Merlo,390,Ferrari,0,0,9,1,2760000
Buenos Aires,Almirante Brown,695,Gutiérrez y República Argentina,0,1,16,3,6460000
Buenos Aires,Olavarría,421,Eucaliptus,0,0,36,2,10440000
Buenos Aires,Esteban Echeverría,751,San Ignacio,0,12,123,10,49700000
Buenos Aires,Pilar,4596,Güemes,0,5,41,2,15680000
Buenos Aires,Almirante Brown,1426,Los Troncos,0,2,12,0,4280000
Buenos Aires,Olavarría,422,Villa Mailén,0,1,8,1,3240000
Buenos Aires,José C. Paz,178,Concejal Alfonzo II,0,0,17,1,4800000
Buenos Aires,Almirante Brown,1427,Los Paraguayos,0,9,90,1,36470000
Buenos Aires,Lanús,1047,ACUBA,0,17,340,20,106460000
Buenos Aires,Tigre,423,El Garrote,0,16,218,28,85160000
Buenos Aires,Junín,692,La Celeste,0,0,6,0,1300000
Buenos Aires,Campana,151,Estación Otamendi Abandonada,0,1,4,6,3600000
Buenos Aires,Esteban Echeverría,1404,Nueve de Enero,0,13,565,33,192050000
Buenos Aires,Necochea,424,La Terminal,0,1,16,2,5520000
Buenos Aires,Cañuelas,686,La Unión II,0,5,63,2,22500000
Buenos Aires,Pilar,1202,Río Luján,0,4,52,1,23840000
Buenos Aires,Malvinas Argentinas,258,Uruguay y Hernández,0,0,7,0,2040000
Buenos Aires,General Pueyrredón,425,Parque El Retazo,0,0,3,0,720000
Buenos Aires,Monte,1212,Circunvalación,0,0,4,0,960000
Buenos Aires,Pehuajó,1420,Santa María,0,0,2,3,1060000
Buenos Aires,Quilmes,589,El Matadero,1,17,376,16,117970000
Buenos Aires,General Pueyrredón,5653,Libertad,0,0,1,0,600000
Buenos Aires,Hurlingham,177,Ceamse,0,0,42,1,11920000
Buenos Aires,Pilar,300,Buenos Aires y FFCC San Martín,0,0,6,0,1800000
Buenos Aires,San Andrés de Giles,188,El Esfuerzo,0,0,13,1,4300000
Buenos Aires,Balcarce,427,39 y 2,0,0,3,0,720000
Buenos Aires,Mercedes,701*,Ravello,0,1,44,3,12340000
Buenos Aires,Almirante Brown,586,Los Ciruelos,0,1,65,7,21300000
Buenos Aires,Mercedes,1264,FFCC y Calle 107,0,3,16,0,5640000
Buenos Aires,Ensenada,196,Tranquila,0,6,91,9,34380000
Buenos Aires,Hurlingham,4576,Roca,0,0,5,0,1200000
Buenos Aires,La Matanza,4875,San Ignacio,0,2,10,1,5200000
Buenos Aires,Moreno,1144,La Unión,0,3,83,4,30190000
Buenos Aires,San Vicente,429,Hospital,0,1,29,0,10760000
Buenos Aires,San Miguel,688,Rosa Mística,0,0,12,1,2840000
Buenos Aires,Tandil,585,Villa Cordobita,0,5,56,6,21800000
Buenos Aires,Almirante Brown,1136,Las Tunas,0,0,19,1,6940000
Buenos Aires,General Pueyrredón,430,Dos de Abril,0,2,55,10,20520000
Buenos Aires,Quilmes,1135,La Matera,0,31,889,58,287050000
Buenos Aires,La Matanza,619,Villa Madero,1,8,54,5,25680000
Buenos Aires,Merlo,4645,La Pradera,0,0,3,2,2160000
Buenos Aires,Merlo,431,Parque El Sol,10,19,353,14,124990000
Buenos Aires,Escobar,1276,Cri Cri,2,4,58,5,23320000
Buenos Aires,Bragado,520,Las Violetas,0,0,6,3,2520000
Buenos Aires,Merlo,5369,La Victoria,0,1,10,0,4740000
Buenos Aires,La Plata,858,Santa Rosa Calle 39,0,0,3,0,1080000
Buenos Aires,Pinamar,4381,Sin Nombre,0,0,4,2,1520000
Buenos Aires,Merlo,5380,Nueva Vida,0,7,31,1,17370000
Buenos Aires,Moreno,5363,La Porteña III,1,1,8,1,5400000
Buenos Aires,Lanús,187,San Francisco de Asís,0,0,11,1,2460000
Buenos Aires,Pergamino,738,La Guarida,0,0,8,3,2980000
Buenos Aires,Esteban Echeverría,1169,Chiriguano y El Triunfo,0,7,205,13,70550000
Buenos Aires,José C. Paz,1082,Estación Sol y Verde,0,0,9,1,2520000
Buenos Aires,Moreno,5356,Ayelén I,1,0,5,0,3600000
Buenos Aires,Moreno,5360,Lomas Verdes III,0,0,2,0,1200000
Buenos Aires,Brandsen,138,La Parada,0,0,2,1,1080000
Buenos Aires,General Pueyrredón,4748,El Casal,0,0,4,0,2050000
Buenos Aires,Marcos Paz,4573,El Prado,0,0,6,0,2880000
Buenos Aires,Presidente Perón,1517,Agrocolonias,0,1,47,6,18590000
Buenos Aires,Chascomús,156,La Pampita,0,0,3,1,1680000
Buenos Aires,Almirante Brown,16,El Canario,0,7,54,12,23750000
Buenos Aires,Bahía Blanca,741,Estación White,0,0,5,0,1200000
Buenos Aires,La Matanza,555,Sarmiento,3,23,372,31,144400000
Buenos Aires,Esteban Echeverría,1408,El Manzanar,0,3,38,4,12760000
Buenos Aires,San Pedro,542,Sargento Cabral,0,0,17,0,4920000
Buenos Aires,La Plata,1049,El Country,0,2,17,4,8500000
Buenos Aires,Lincoln,5668,René Favaloro,0,0,2,0,1200000
Buenos Aires,La Matanza,1350,Independencia,0,5,85,11,27600000
Buenos Aires,Esteban Echeverría,650,Don Tito,0,0,6,1,1900000
Buenos Aires,Berazategui,510,Compal,0,1,37,1,11310000
Buenos Aires,La Matanza,1337,Villa 48,0,2,18,3,8070000
Buenos Aires,Almirante Brown,1051,Nuevo,0,1,34,2,10300000
Buenos Aires,Florencio Varela,1192,Paraná,0,0,124,9,37550000
Buenos Aires,José C. Paz,387,Las Acacias,0,0,2,0,960000
Buenos Aires,La Matanza,1336,Doce de Octubre,1,4,45,1,16020000
Buenos Aires,Pilar,260,Santa Ana II,0,1,23,1,6700000
Buenos Aires,La Plata,322,Cristo Rey,0,6,130,14,46520000
Buenos Aires,Esteban Echeverría,4469,La Sofía,0,0,4,1,2040000
Buenos Aires,Merlo,4270,María Victoria,0,0,11,1,3870000
Buenos Aires,Chascomús,513,Anahí,0,0,3,0,720000
Buenos Aires,Tigre,1194,Costilla,0,1,11,1,3560000
Buenos Aires,San Isidro,1251,Cava Chica,0,7,148,8,48920000
Buenos Aires,Mercedes,1248,Guilford,0,0,7,1,2380000
Buenos Aires,Vicente López,238,Siete de mayo,0,3,17,3,7900000
Buenos Aires,Malvinas Argentinas,226,El Chiri II,0,1,29,3,9840000
Buenos Aires,Ituzaingó,824,Nuevo San Alberto,1,3,71,5,23360000
Buenos Aires,Moreno,218,Primero de mayo,0,3,39,7,15470000
Buenos Aires,General San Martín,100,La Segunda,0,1,22,1,7160000
Buenos Aires,Las Flores,958,Sin Frontera,0,0,3,1,1200000
Buenos Aires,Escobar,462,Villa Bote,1,5,66,4,22520000
Buenos Aires,Ituzaingó,781,La Esperanza,1,5,107,4,36520000
Buenos Aires,La Matanza,774,Villa Polledo,0,1,17,2,5970000
Buenos Aires,Junín,789,El Triángulo,0,0,6,0,1440000
Buenos Aires,Ensenada,207,Mosconi,0,2,31,6,12920000
Buenos Aires,Malvinas Argentinas,225,Alvear,0,2,38,6,13090000
Buenos Aires,La Plata,80,Alegre,0,1,29,2,9600000
Buenos Aires,Lanús,4721,Nueve de Julio,0,19,135,13,61260000
Buenos Aires,Quilmes,1270,Santa Lucía,0,6,155,7,51190000
Buenos Aires,Zárate,314,Ocho de Septiembre,0,3,64,9,22690000
Buenos Aires,Merlo,612,Las Flores,3,12,283,16,102110000
Buenos Aires,Lanús,4722,San Martín,0,1,16,1,7210000
Buenos Aires,La Matanza,865,El Torero,0,1,50,3,15400000
Buenos Aires,Hurlingham,908,La Floresta,0,0,1,1,480000
Buenos Aires,Esteban Echeverría,765,San Pantaleón,0,9,180,18,61210000
Buenos Aires,San Fernando,600,San Rafael I,0,6,62,6,22240000
Buenos Aires,Ensenada,231,Cambaceres,0,1,4,0,1920000
Buenos Aires,Lomas de Zamora,4720,Villa Corchito,0,1,7,2,3960000
Buenos Aires,Avellaneda,116,Siete de Enero,0,4,75,5,26850000
Buenos Aires,Vicente López,4726,Ferroviario Aristóbulo del Valle,0,1,0,0,600000
Buenos Aires,La Plata,941,La Granja I,0,0,13,0,4080000
Buenos Aires,Florencio Varela,943,La Tosquera,0,5,111,7,36780000
Buenos Aires,Escobar,234,El Triángulo,0,1,6,1,2400000
Buenos Aires,Junín,687,Campo de La Cruz,0,1,11,1,5040000
Buenos Aires,La Matanza,1257,Lucero,0,8,65,7,26260000
Buenos Aires,Tigre,461,La Casitas,0,3,39,5,15760000
Buenos Aires,Ensenada,828,Eucaliptus,0,1,84,7,27560000
Buenos Aires,Esteban Echeverría,763,Santa Evita,0,1,4,0,1560000
Buenos Aires,Ensenada,206,Zona Franca,0,1,10,0,3360000
Buenos Aires,San Fernando,157,San José II,0,0,18,1,5140000
Buenos Aires,La Plata,946,La Granjita II,0,1,22,1,7190000
Buenos Aires,Lomas de Zamora,192,Malvinas,0,3,7,2,4680000
Buenos Aires,Lanús,454,Villa Sapito,0,2,76,6,25400000
Buenos Aires,Avellaneda,119,Danubio Azul,0,3,66,5,19200000
Buenos Aires,Moreno,949,San Cayetano,0,1,29,1,8490000
Buenos Aires,Moreno,951,San Enrique,0,2,34,2,11020000
Buenos Aires,Hurlingham,950,Diecisiete de Agosto,0,0,3,1,1320000
Buenos Aires,Arrecifes,1255,La Costa,0,0,8,3,3350000
Buenos Aires,Moreno,1258,Bongiovanni,0,0,7,2,2280000
Buenos Aires,Escobar,4593,Los Pinos,0,0,6,1,1660000
Buenos Aires,Tigre,457,Colón y Calderón de La Barca,0,0,8,0,1780000
Buenos Aires,La Plata,5683,Terra Mía II,0,2,4,0,3600000
Buenos Aires,Avellaneda,4591,Vagón,0,0,10,1,2760000
Buenos Aires,Junín,685,San Antonio II,0,0,4,0,960000
Buenos Aires,Junín,458,Progreso II,0,1,12,1,4440000
Buenos Aires,José C. Paz,1379,Pueyrredón,0,0,31,2,8620000
Buenos Aires,Ituzaingó,1380,La Unión,0,1,5,3,3120000
Buenos Aires,La Matanza,1351,El Dorado,0,3,63,3,21100000
Buenos Aires,Junín,459,San Juan,0,0,4,1,1560000
Buenos Aires,Bahía Blanca,4913,Moresino,0,3,2,0,2310000
Buenos Aires,Avellaneda,118,Sin Nombre,0,1,2,0,1440000
Buenos Aires,Zárate,295,Los Olivos,0,0,34,3,10800000
Buenos Aires,La Matanza,645,Recoleta,1,5,160,14,57590000
Buenos Aires,La Plata,3,Ferroviario,0,1,30,0,9420000
Buenos Aires,La Costa,339,Pucará,0,0,6,0,1350000
Buenos Aires,General Rodríguez,549,Maravilla del Oeste,0,1,26,2,10430000
Buenos Aires,Lomas de Zamora,297,Seis de Agosto,0,1,14,3,5120000
Buenos Aires,La Matanza,1143,Arroyo Dupi,0,0,6,2,2400000
Buenos Aires,Moreno,914,Atalaya,0,12,290,9,89380000
Buenos Aires,Lomas de Zamora,1139,El Progreso,0,7,89,8,32930000
Buenos Aires,Mercedes,1142,Redes,0,3,63,5,21240000
Buenos Aires,Esteban Echeverría,1392,La Victoria,0,7,177,7,56630000
Buenos Aires,Pergamino,894,Mastrángelo,0,3,62,6,24830000
Buenos Aires,Pergamino,534,San José II,0,4,66,8,26840000
Buenos Aires,La Matanza,1334,La Lomita,0,3,58,5,23490000
Buenos Aires,Zárate,602,La Esperanza,0,2,71,4,23200000
Buenos Aires,Esteban Echeverría,1400,La Quinta,0,1,36,1,11320000
Buenos Aires,Berazategui,1038,Prosperidad,0,1,45,4,16220000
Buenos Aires,La Costa,1399,Sin Nombre,0,0,1,2,1080000
Buenos Aires,San Vicente,680,San José I,0,10,173,3,63580000
Buenos Aires,Tigre,345,Baires,0,4,53,12,23880000
Buenos Aires,Moreno,1390,Güemes,0,0,6,0,2520000
Buenos Aires,La Plata,4707,Las Vías,0,2,1,0,1560000
Buenos Aires,San Nicolás,544,Doce de Marzo,0,2,40,8,14700000
Buenos Aires,La Plata,57,Villa Alba,0,1,35,3,13220000
Buenos Aires,San Pedro,530,Riobamba y Rivero,0,0,9,0,2500000
Buenos Aires,La Plata,419,16 y 80,1,4,57,9,23020000
Buenos Aires,General San Martín,52,Martín Fierro,0,7,90,14,35590000
Buenos Aires,Lanús,141,Los Ceibos,0,9,173,21,58120000
Buenos Aires,Zárate,5678,San Isidro,0,1,8,0,3660000
Buenos Aires,Azul,4359,Villa Piazza Sur,0,0,27,2,8620000
Buenos Aires,San Pedro,5676,Sin Nombre,0,4,5,2,5900000
Buenos Aires,Avellaneda,152,Jardín de América,0,0,3,0,720000
Buenos Aires,Quilmes,437,Arroyo Las Piedras I,0,16,280,23,102430000
Buenos Aires,Ramallo,5674,Valle de Oro,0,0,1,0,250000
Buenos Aires,Cañuelas,140,Libertad,0,5,118,9,43870000
Buenos Aires,San Andrés de Giles,5675,La Esperanza,0,1,6,0,3960000
Buenos Aires,Merlo,139,Las Delicias,1,4,139,5,43420000
Buenos Aires,Bahía Blanca,657,Caracol I,0,1,53,4,15260000
Buenos Aires,Merlo,6355,La Pradera I,0,0,1,0,240000
Buenos Aires,Lincoln,537,Chacra 599,0,0,27,3,7920000
Buenos Aires,Florencio Varela,4603,Caacupé,0,0,23,1,8500000
Buenos Aires,San Pedro,536,Bajo Campodónico,0,0,29,8,10920000
Buenos Aires,Pergamino,535,La Latita,0,0,20,2,6480000
Buenos Aires,Vicente López,1156,Primero de Julio,0,0,23,1,7000000
Buenos Aires,Pilar,338,Boliviano,0,7,121,11,44720000
Buenos Aires,Esteban Echeverría,762,San Agustín,0,6,146,8,50360000
Buenos Aires,Lomas de Zamora,4396,Dos de Abril,0,2,108,5,37900000
Buenos Aires,Avellaneda,4611,Anexo Quince de Octubre,0,0,4,0,1080000
Buenos Aires,La Matanza,5298,San Martín,2,1,2,1,3360000
Buenos Aires,La Plata,472,Gambier,0,0,14,1,4800000
Buenos Aires,Pergamino,532,San José I,0,0,21,0,6960000
Buenos Aires,La Plata,4387,Tres de Abril,0,0,62,1,18190000
Buenos Aires,Tres de Febrero,1090,Matienzo,0,3,42,4,12820000
Buenos Aires,General San Martín,473,Martínez,0,0,3,0,720000
Buenos Aires,Pilar,4729,El Manantial,0,0,12,0,5160000
Buenos Aires,Presidente Perón,1040,Numancia Norte,0,7,127,8,49960000
Buenos Aires,San Fernando,4730,Presidente Perón,0,2,25,5,13730000
Buenos Aires,Hurlingham,474,Arroyo Morón y Díaz de Solís,0,0,2,0,840000
Buenos Aires,Vicente López,236,Panamericano,0,0,25,2,7440000
Buenos Aires,Marcos Paz,1037,Urioste,0,1,5,3,2520000
Buenos Aires,Esteban Echeverría,4407,Montecarlo,0,0,13,2,5040000
Buenos Aires,General Rodríguez,476,Bengochea,1,0,39,2,12000000
Buenos Aires,Tigre,1178,El Ahorcado,0,1,63,7,23640000
Buenos Aires,Avellaneda,122,Inflamable,0,30,425,47,164150000
Buenos Aires,Esteban Echeverría,290,San Joaquín,0,0,5,1,1920000
Buenos Aires,Tigre,477,Soeva,0,0,4,0,1080000
Buenos Aires,La Matanza,1361,Chiclana e Iwanowski,0,0,3,1,1440000
Buenos Aires,Junín,662,Petit France,0,0,2,0,840000
Buenos Aires,José C. Paz,441,Comunidad Pueblo Guaraní,0,2,11,0,5040000
Buenos Aires,Tigre,478,Arroyo Sarandí,0,0,2,0,480000
Buenos Aires,Moreno,193,Los Hornos,0,7,179,3,55480000
Buenos Aires,La Matanza,4713,Vicente López,1,3,15,2,9600000
Buenos Aires,Esteban Echeverría,761,Puerto Argentino,1,3,43,3,17040000
Buenos Aires,Necochea,479,Estación Quequén,0,0,1,0,360000
Buenos Aires,José C. Paz,1368,Saavedra Lamas II,3,10,105,7,40560000
Buenos Aires,Tres de Febrero,1025,Once de Septiembre,0,2,20,1,7440000
Buenos Aires,Avellaneda,128,Villa Corina,0,3,47,8,18960000
Buenos Aires,La Matanza,480,Las Antenas,2,17,192,23,76670000
Buenos Aires,La Matanza,4711,Las Moritas,0,3,7,0,4450000
Buenos Aires,Baradero,123,Auto Club,0,1,27,3,9440000
Buenos Aires,Moreno,4344,San Jorge,0,0,1,1,480000
Buenos Aires,Pilar,481,Gauchito Gil,0,1,25,2,7400000
Buenos Aires,Avellaneda,4346,Sin Nombre,0,0,3,0,840000
Buenos Aires,Morón,668,Patagones,0,1,35,6,10860000
Buenos Aires,La Matanza,1377,Arroyo Finochetto,2,3,32,4,14120000
Buenos Aires,Florencio Varela,482,Santa Ana II,0,4,58,2,21240000
Buenos Aires,General Pueyrredón,1017,Parque Peña,0,0,9,0,3000000
Buenos Aires,San Nicolás,671,Moreno,0,1,64,7,19260000
Buenos Aires,La Plata,304,Savoia,0,4,58,6,19200000
Buenos Aires,Almirante Brown,483,Kanmar,0,1,24,1,8020000
Buenos Aires,La Matanza,1314,El Triángulo II,1,0,25,1,8640000
Buenos Aires,Lomas de Zamora,5001,Villa Urbana,0,13,158,17,59660000
Buenos Aires,Pilar,5315,El Jordán,0,1,2,0,1800000
Buenos Aires,José M. Ezeiza,484,Villa Golf,0,1,61,10,22260000
Buenos Aires,Lomas de Zamora,566,Las Maderitas,0,0,8,0,2040000
Buenos Aires,Pilar,124,Henry Martín y México,0,0,5,0,1440000
Buenos Aires,Pergamino,560,Desamparados,0,0,5,1,1560000
Buenos Aires,General Rodríguez,485,Los Naranjos II,0,1,9,1,3320000
Buenos Aires,Morón,897,Larrea,0,0,16,0,4320000
Buenos Aires,Esteban Echeverría,760,Parish Roberston,0,1,14,0,5260000
Buenos Aires,Almirante Brown,528,Santa Teresita,0,1,29,1,11190000
Buenos Aires,Florencio Varela,486,San Nicolás,0,0,25,2,8290000
Buenos Aires,General Rodríguez,529,Villa Vengochea II,0,1,29,5,9840000
Buenos Aires,Azul,4361,Urioste,0,0,2,0,480000
Buenos Aires,La Plata,846,Sin Nombre,0,0,5,0,1560000
Buenos Aires,Florencio Varela,487,La Esperanza,0,6,234,21,84750000
Buenos Aires,La Matanza,1197,Loma II,0,15,177,15,67760000
Buenos Aires,La Plata,78,El Retiro,0,0,19,1,5760000
Buenos Aires,La Plata,493,Los Robles,0,2,63,5,21000000
Buenos Aires,General Rodríguez,488,Marabó,2,12,217,13,76780000
Buenos Aires,Bahía Blanca,1233,Puertas del Sur,0,15,255,16,88980000
Buenos Aires,Berazategui,125,Once,0,6,187,9,66100000
Buenos Aires,José M. Ezeiza,342,Santa Marta,0,5,127,10,43240000
Buenos Aires,San Vicente,489,La Laguna,0,0,4,0,960000
Buenos Aires,Bahía Blanca,758,Diecisiete de Agosto,0,2,34,1,11040000
Buenos Aires,Lanús,1245,Primero de Mayo,0,0,51,2,15440000
Buenos Aires,La Plata,1095,154 y 413,0,0,4,2,1920000
Buenos Aires,La Plata,64,El Molino,0,0,14,3,3800000
Buenos Aires,Zárate,4758,El Milagro,0,1,8,1,5520000
Buenos Aires,José C. Paz,648,Las Acacias,0,3,65,3,20730000
Buenos Aires,San Vicente,526,San José II,0,2,53,5,17620000
Buenos Aires,Quilmes,1237,Veinticinco de Mayo,0,6,86,6,32810000
Buenos Aires,Escobar,247,San Miguel,2,12,228,7,80670000
Buenos Aires,Morón,1218,Texalar,0,1,1,1,1440000
Buenos Aires,Ituzaingó,667,Buen Ayre,0,0,25,1,7440000
Buenos Aires,Florencio Varela,492,Kilómetro 26 Cuadro Estación,0,1,4,1,2640000
Buenos Aires,Pilar,248,Los Laureles,0,0,13,4,4450000
Buenos Aires,Avellaneda,126,Martín García,0,1,18,3,5720000
Buenos Aires,Lomas de Zamora,1168,Diecisiete de Noviembre,0,62,1151,130,412630000
Buenos Aires,Escobar,1235,Amancay,3,13,523,30,184920000
Buenos Aires,Arrecifes,1240,Río Negro y Catamarca,0,1,12,1,4520000
Buenos Aires,La Matanza,596,Esperanza,3,22,631,38,207130000
Buenos Aires,José C. Paz,1371,San Pantaleón III,0,6,80,2,26180000
Buenos Aires,La Plata,494,Puente de Fierro,0,27,428,28,149850000
Buenos Aires,General San Martín,1234,Nueve de Julio,0,4,24,1,11960000
Buenos Aires,La Plata,7,8 y 489,0,0,4,1,1560000
Buenos Aires,Bahía Blanca,757,Altos Sánchez,0,1,28,1,7640000
Buenos Aires,Malvinas Argentinas,246,Eaton,1,0,5,1,2000000
Buenos Aires,Baradero,4310,Tobares,0,0,17,4,5160000
Buenos Aires,Exaltación de la Cruz,307,Los Cardos,0,0,0,1,100000
Buenos Aires,Malvinas Argentinas,1232,El Primaveral,4,6,175,16,56910000
Buenos Aires,Pilar,496,Mundo Aparte,0,4,27,1,10460000
Buenos Aires,Lomas de Zamora,5002,Fiorito II,0,3,35,0,13180000
Buenos Aires,Malvinas Argentinas,1244,Lavallol,1,3,20,1,8280000
Buenos Aires,La Plata,14,El Rincón I,0,0,5,3,2400000
Buenos Aires,Lomas de Zamora,1011,DAM,0,3,101,7,31460000
Buenos Aires,Lomas de Zamora,1176,La Lonja,0,4,37,6,14460000
Buenos Aires,San Nicolás,262,Avambaé,0,1,20,3,6820000
Buenos Aires,Ituzaingó,639,Rocío del Cielo,0,1,8,1,3710000
Buenos Aires,General Rodríguez,498,Villa Raffo,0,5,22,0,13010000
Buenos Aires,Lanús,1012,Villa Jardín,0,53,806,84,284720000
Buenos Aires,Malvinas Argentinas,1067,San Calal,0,0,9,0,2160000
Buenos Aires,Florencio Varela,1228,San Rudecindo I,0,8,208,16,70670000
Buenos Aires,Berazategui,305,Tres de Junio II,0,2,53,2,18100000
Buenos Aires,General San Martín,1236,Arenera,0,3,22,5,10280000
Buenos Aires,Florencio Varela,516,Villa Mónica,0,1,12,1,4800000
Buenos Aires,San Isidro,1261,San Cayetano,1,4,195,13,58730000
Buenos Aires,Florencio Varela,500,Villa Angélica,0,0,13,3,6120000
Buenos Aires,Lomas de Zamora,4394,La L,0,3,171,10,50580000
Buenos Aires,Exaltación de la Cruz,249,Carlos Lemee,0,0,7,1,1920000
Buenos Aires,José C. Paz,1373,San Atilio,0,7,108,2,34810000
Buenos Aires,Florencio Varela,501,Terraplén y Arroyo Las Piedras,0,2,50,2,20660000
Buenos Aires,Lomas de Zamora,4393,33 Manzanas,1,14,313,20,102680000
Buenos Aires,Almirante Brown,337,Almafuerte,1,9,173,11,59250000
Buenos Aires,Almirante Brown,4610,Veintisiete de Marzo,0,0,10,1,2680000
Buenos Aires,Almirante Brown,502,Plaza CGT,0,3,50,4,16860000
Buenos Aires,La Matanza,754,9 de Mayo II,0,2,78,7,27980000
Buenos Aires,Esteban Echeverría,1401,Las Cañitas,0,0,13,0,4260000
Buenos Aires,La Matanza,1363,El Porvenir,0,2,38,3,13040000
Buenos Aires,Mercedes,1045,La Pampita,0,0,26,2,7080000
Buenos Aires,Avellaneda,1227,Villa Tranquila,1,27,441,52,162430000
Buenos Aires,General Pueyrredón,4747,San Patricio,0,3,3,0,3360000
Buenos Aires,La Plata,55,El Bajo,0,1,9,1,3220000
Buenos Aires,San Fernando,1148,Hall,0,2,32,4,11720000
Buenos Aires,Zárate,282,Ferry,0,0,8,1,2640000
Buenos Aires,La Plata,36,166 y 523,0,0,4,0,1680000
Catamarca,San Fernando Del Valle De Catamarca,2725,Papa Francisco,0,4,71,6,25320000
Catamarca,San Fernando Del Valle De Catamarca,2726,Santa Lucía Sur,0,0,17,1,5500000
Catamarca,San Fernando Del Valle De Catamarca,2727,Valle Hermoso,0,0,10,3,4560000
Catamarca,San Isidro,2729,Los Plateados,0,3,44,8,18560000
Catamarca,San Fernando Del Valle De Catamarca,2735,Rivera,0,0,10,3,3120000
Catamarca,Chumbicha,4945,Hipódromo,0,0,3,1,1920000
Catamarca,San Fernando Del Valle De Catamarca,2744,Humelia,0,0,8,1,2640000
Catamarca,La Falda De San Antonio,4953,El Milagro,0,0,0,2,1200000
Catamarca,Santa Cruz,4959,Vías Este,0,0,0,1,600000
Catamarca,Santa Cruz,4958,Vías Oeste,0,0,2,0,960000
Catamarca,San Fernando Del Valle De Catamarca,2736,Loteo Sussex,0,2,13,2,4400000
Catamarca,San Fernando Del Valle De Catamarca,2737,San Martín,0,0,18,5,8880000
Catamarca,San Fernando Del Valle De Catamarca,2731,Eva Perón,0,0,3,0,960000
Catamarca,San Fernando Del Valle De Catamarca,2732,Malvinas Argentinas,0,0,1,1,340000
Catamarca,Recreo,3175,Las Lomas,1,1,6,1,3000000
Catamarca,Belén,3176,El Molino Norte,0,2,6,0,2640000
Catamarca,Belén,3178,Santa Rosa Norte,0,1,2,2,1560000
Catamarca,Andalgalá,3168,San Cayetano,2,3,4,4,5640000
Catamarca,Andalgalá,3177,Veinticinco de Agosto Huaschaschi,0,4,13,2,6840000
Catamarca,Belén,3167,El Puente,0,1,6,2,2640000
Catamarca,Tinogasta,3174,Abaucan,0,1,10,5,4680000
Catamarca,San Fernando Del Valle De Catamarca,"2741* ",Barrio Esperanza,0,0,40,1,9560000
Catamarca,San Fernando Del Valle De Catamarca,"2724* ",Los Médanos,0,0,6,1,2040000
Catamarca,San Fernando Del Valle De Catamarca,"2728* ",Magisterio,0,0,23,5,6580000
Catamarca,San Fernando Del Valle De Catamarca,"2734* ",Montecristo,0,0,6,0,1440000
Catamarca,San Fernando Del Valle De Catamarca,"2740* ",Mi Jardín Norte,0,0,72,4,17820000
Catamarca,San Isidro,2738,Nueva Ilusión,1,1,20,3,7920000
Catamarca,San Isidro,2743,La Costanera,0,0,28,5,10200000
Catamarca,San Fernando Del Valle De Catamarca,2733,San Lorenzo,0,0,6,2,2280000
Catamarca,San Fernando Del Valle De Catamarca,2730,Parque Norte,0,0,1,0,240000
Catamarca,Andalgalá,4943,Arsenal,0,0,2,0,1200000
Catamarca,San Isidro,4957,Las Lomas,0,1,2,1,2160000
Catamarca,San Fernando Del Valle De Catamarca,4951,Virgen Niña,0,0,6,0,2640000
Catamarca,San Fernando Del Valle De Catamarca,4950,San Cayetano,0,0,2,0,600000
Catamarca,San Fernando Del Valle De Catamarca,4948,Portal del Norte II,0,0,8,0,4450000
Catamarca,San Isidro,2739,Loteo Jalil,0,1,7,1,2880000
Catamarca,San Fernando Del Valle De Catamarca,2742,Cristo Rey,0,1,4,1,1560000
Chaco,Barranqueras,2237,El Bajo,0,2,17,2,7400000
Chaco,Fontana,2234,Anunciación,1,3,51,5,18320000
Chaco,Resistencia,2231,María Inmaculada,0,5,87,7,31860000
Chaco,Resistencia,2230,Atlántico Sur,0,0,12,0,4520000
Chaco,Puerto Vilelas,2229,Lote 23,0,2,36,1,13660000
Chaco,Barranqueras,2228,UCAL,0,1,58,3,20630000
Chaco,Puerto Vilelas,2225,Paraje Las 5 Bocas,0,0,4,2,1420000
Chaco,Puerto Vilelas,2227,La Carbonilla,0,3,7,1,3700000
Chaco,Resistencia,2223,Primero de Noviembre,0,3,7,1,4560000
Chaco,Puerto Vilelas,2222,Del Aplomo,0,2,15,2,7200000
Chaco,Puerto Vilelas,2221,Ex Conventillo,0,2,18,5,7720000
Chaco,Resistencia,2219,Villa Don Andrés I,0,1,32,3,11040000
Chaco,Resistencia,2217,San José Obrero,0,1,18,0,5500000
Chaco,Resistencia,2218,El Aromito,0,0,18,2,5500000
Chaco,Resistencia,2213,Edison,0,2,101,7,31620000
Chaco,Puerto Vilelas,2209,Ex Ferrocarril I,0,3,42,2,18440000
Chaco,Fontana,2211,Italia,0,0,10,3,3840000
Chaco,Resistencia,2212,San Antonio,0,6,100,10,36350000
Chaco,Puerto Vilelas,2210,Ex Ferrocarril II,0,1,32,0,12440000
Chaco,Resistencia,2205,Veinticuatro de Diciembre,0,1,45,2,15700000
Chaco,Resistencia,2206,Molina Punta,0,1,50,2,15820000
Chaco,Tres Isletas,5079,Quinta Sánchez,0,3,13,0,7950000
Chaco,Resistencia,2239,Villa Luisa,0,1,58,2,18090000
Chaco,Resistencia,2238,Villa Chica,0,1,13,2,5280000
Chaco,Barranqueras,2240,La Toma,0,0,17,1,5760000
Chaco,Napenay,5063,Pampita,0,0,1,1,1200000
Chaco,Puerto Vilelas,2267,Forestación Sur,1,8,64,2,24660000
Chaco,Puerto Vilelas,2268,Cooperativa Costa,1,0,7,1,2520000
Chaco,Fontana,2270,Parque Industrial,0,0,16,5,6470000
Chaco,Resistencia,2338,Vélez Sarfield,0,0,17,3,5640000
Chaco,Resistencia,2271,Hermanos Che,0,2,51,8,19400000
Chaco,Puerto Vilelas,2272,Paraje Las 3 Bocas,0,1,42,5,14120000
Chaco,Resistencia,2278,La Rubita,1,16,509,36,160570000
Chaco,Barranqueras,2244,La Lomita,0,6,73,4,29060000
Chaco,Resistencia,2279,La Paz,1,2,29,0,11520000
Chaco,Resistencia,2280,Movimiento Los Pinos,0,1,13,1,4080000
Chaco,Resistencia,2283,Che Guevara I,0,0,7,0,2040000
Chaco,Barranqueras,2288,Nuevo Amanecer,0,0,9,0,2160000
Chaco,Barranqueras,2290,San Cayetano I,0,0,46,3,15440000
Chaco,Resistencia,2333,Veinte de Septiembre,0,1,35,6,12480000
Chaco,Resistencia,2334,Marfilia,0,0,13,1,3950000
Chaco,Resistencia,2295,Ex Campo Zampa,2,11,420,32,137010000
Chaco,Resistencia,2331,Primero de Mayo,0,0,10,0,3240000
Chaco,Avia Terai,5057,Sur,1,0,12,0,5560000
Chaco,Margarita Belén,4974,Calle Costa Inés,0,0,1,1,1200000
Chaco,Concepción Del Bermejo,4982,Perón,0,1,0,1,850000
Chaco,Machagai,4976,Pacífico García,0,5,5,1,6600000
Chaco,Concepción Del Bermejo,4984,Siete De Diciembre,0,1,3,0,2400000
Chaco,Pampa Del Infierno,4994,Ciudad Oculta,1,0,5,0,3600000
Chaco,Pampa Del Infierno,4996,La Bolsita,0,1,2,0,1800000
Chaco,Pampa Del Infierno,4992,Primavera,0,3,14,0,9500000
Chaco,Concepción Del Bermejo,4985,Quinta 21,0,0,7,0,4200000
Chaco,Presidencia Roque Sáenz Peña,5014,San Miguel,0,2,11,0,7450000
Chaco,Corzuela,5021,Obrero,0,1,4,0,3000000
Chaco,Resistencia,2265,Sol de Esperanza,0,2,24,3,8230000
Chaco,Makallé,5027,Paraisal,0,1,3,2,3120000
Chaco,Corzuela,5026,Estudiante,0,0,10,1,4950000
Chaco,Makallé,5028,Tarzán,0,0,2,1,1320000
Chaco,Corzuela,5023,San Roque,0,0,2,0,1200000
Chaco,Avia Terai,5056,Norte,0,3,20,1,11650000
Chaco,Campo Largo,5058,El Ceibo,0,3,14,0,9850000
Chaco,Avia Terai,5054,Matadero,0,1,1,0,960000
Chaco,Margarita Belén,4973,Av. Pissolini,0,0,0,1,600000
Chaco,Barranqueras,2287,Nueva Esperanza,0,0,27,1,8380000
Chaco,Tres Isletas,3796,Barrio Norte Viejo,0,0,46,5,16540000
Chaco,Puerto Tirol,5066,San Francisco,0,1,12,0,7800000
Chaco,Puerto Tirol,5071,Cuatro de Junio,0,0,2,0,1200000
Chaco,Puerto Tirol,5069,Av. Italia,0,0,2,0,850000
Chaco,Puerto Tirol,5070,Jalón,0,0,0,2,1200000
Chaco,Tres Isletas,3861,Quinta 104,0,0,25,2,8620000
Chaco,Tres Isletas,3860,Quinta Herrera,0,0,9,0,4540000
Chaco,Tres Isletas,3858,Barrio Sur,0,1,16,5,7770000
Chaco,Tres Isletas,3857,Quinta Martínez,0,2,34,2,13080000
Chaco,Tres Isletas,3856,Quinta 55,0,0,2,1,1080000
Chaco,Juan José Castelli,3855,Quinta 24,0,0,0,1,240000
Chaco,Juan José Castelli,3854,Diecinueve de Abril,0,0,0,1,600000
Chaco,Juan José Castelli,3853,Chacra 31,0,1,2,3,1660000
Chaco,General José de San Martín,3852,Quom,0,1,52,8,19090000
Chaco,Presidencia Roque Sáenz Peña,3849,Arce,0,4,46,8,17650000
Chaco,Presidencia Roque Sáenz Peña,3848,Roque Sáenz Peña,0,0,27,6,10080000
Chaco,Presidencia Roque Sáenz Peña,3847,Parque Norte,0,1,13,2,6720000
Chaco,Tres Isletas,3845,Quinta Monzón,0,0,38,3,16560000
Chaco,Pampa Del Indio,5078,Mapi,0,1,2,0,1800000
Chaco,General José de San Martín,3844,Nuevo Asentamiento,0,2,27,4,10200000
Chaco,General José de San Martín,3843,San Ceferino,0,1,7,2,3460000
Chaco,Machagai,3841,Quinta 50,1,2,44,3,16160000
Chaco,Machagai,3840,Los Pinos,0,2,15,2,5620000
Chaco,Machagai,3839,Quinta 52,1,3,56,8,23390000
Chaco,Machagai,3837,Pueblo Viejo,1,10,201,17,77220000
Chaco,Coronel Du Graty,5082,Ex Ruta 95 Norte,0,2,16,0,10800000
Chaco,Machagai,3836,Beltrán,0,3,77,11,30690000
Chaco,Machagai,3835,Maqui,0,0,27,3,10420000
Chaco,Villa Ángela,3833,Cacique Catán,0,2,45,9,17670000
Chaco,Villa Ángela,3832,Villa María,0,1,16,7,6220000
Chaco,Villa Ángela,3830,Las Flores,0,1,29,4,9000000
Chaco,Villa Ángela,3828,Quinta 5,0,0,18,8,7440000
Chaco,Fontana,5091,San Pablo,0,2,27,2,13170000
Chaco,Villa Ángela,3827,Sin Nombre,0,2,22,2,8500000
Chaco,Villa Ángela,3826,Sargento Cabral,0,0,34,1,8980000
Chaco,Villa Ángela,3824,Las Quintas,0,1,16,3,5360000
Chaco,Villa Ángela,3823,Sin Nombre,0,0,2,0,480000
Chaco,Las Breñas,3822,Quinta Ruiz,0,7,115,10,48650000
Chaco,Pampa Del Indio,5075,Santa Teresita,1,1,2,0,2400000
Chaco,Las Breñas,3821,Vía Norte,0,0,6,3,2400000
Chaco,Las Breñas,3820,Bicentenario,0,0,89,9,28900000
Chaco,Las Breñas,3819,Santa Teresita Prolongación,0,2,72,6,20250000
Chaco,Las Breñas,3818,Quinta de Luna,0,1,32,3,11280000
Chaco,Las Palmas,3816,Santa Rita,0,0,2,0,480000
Chaco,La Leonesa,3815,Belgrano,1,2,18,5,9960000
Chaco,La Leonesa,3814,El Amanecer,0,0,12,4,5000000
Chaco,La Leonesa,3811,La Ralera,0,0,5,2,1800000
Chaco,Fontana,5100,Lavalle,0,1,4,0,3000000
Chaco,Juan José Castelli,3810,Reserva,0,1,10,2,3720000
Chaco,Juan José Castelli,3809,Chacra 79,1,1,2,1,2040000
Chaco,Juan José Castelli,3807,Opo,0,0,17,2,5860000
Chaco,Juan José Castelli,3806,Reserva Sur,0,1,22,6,9220000
Chaco,Juan José Castelli,3805,Chacra 65,0,0,14,3,5160000
Chaco,Juan José Castelli,3803,Quinta 14,0,0,14,4,6240000
Chaco,Villa Berthet,5106,Norte,0,0,5,0,3000000
Chaco,Juan José Castelli,3802,Chacra 4,0,2,20,4,9240000
Chaco,Juan José Castelli,3801,Reserva Norte,0,0,11,5,5500000
Chaco,Tres Isletas,3799,Quinta 120,0,1,38,5,13440000
Chaco,Tres Isletas,3798,Quinta 24,0,1,16,1,5140000
Chaco,Tres Isletas,3797,Quinta Riquelme,0,1,39,2,15440000
Chaco,General José de San Martín,3795,La 12,0,2,149,11,48250000
Chaco,Fontana,5098,Marconi y Zona sur Quebracho,0,2,17,0,8920000
Chaco,General José de San Martín,3794,Virgen de Luján,0,0,17,3,6360000
Chaco,General José de San Martín,3793,El Zoológico,0,0,3,1,1080000
Chaco,General José de San Martín,3791,Ferlucho,0,1,43,1,13880000
Chaco,Quitilipi,3790,Matadero,0,0,12,0,3420000
Chaco,Quitilipi,3789,Sol Naciente,0,0,16,1,4200000
Chaco,Quitilipi,3788,La Tablada,0,0,5,0,1320000
Chaco,Quitilipi,3787,Cacique Moreno,3,6,24,3,13600000
Chaco,Quitilipi,3786,Fuerte Apache,0,5,37,2,16300000
Chaco,Charata,3785,Centenario,0,10,79,4,37240000
Chaco,Resistencia,2220,Don Rafael,0,2,2,1,2640000
Chaco,Resistencia,2224,Villa Facundo II,0,1,41,5,14740000
Chaco,Charata,3783,Juan José Valle,0,3,17,2,11260000
Chaco,Charata,3782,La Curva,0,1,6,1,2860000
Chaco,General Pinedo,3781,Pinedo Viejo,0,2,4,0,3010000
Chaco,Presidencia Roque Sáenz Peña,3779,Hipólito Yrigoyen,4,8,99,15,43500000
Chaco,Presidencia Roque Sáenz Peña,3778,Tiro Federal,0,3,35,2,13580000
Chaco,Presidencia Roque Sáenz Peña,3777,Sáenz Peña (Bis),0,1,102,7,38180000
Chaco,Barranqueras,2232,Villa Fucksman,0,1,49,8,19680000
Chaco,Presidencia Roque Sáenz Peña,3775,Sucesión Napenay,0,1,3,0,1300000
Chaco,Presidencia Roque Sáenz Peña,3774,Gine Benítez,0,7,168,18,64770000
Chaco,Presidencia Roque Sáenz Peña,3773,Estela Cubilla,2,3,67,9,25740000
Chaco,Presidencia Roque Sáenz Peña,3771,Solidario,0,0,15,4,6820000
Chaco,Presidencia Roque Sáenz Peña,3770,Colonia Sáenz Peña,0,0,16,7,7560000
Chaco,Presidencia Roque Sáenz Peña,3769,Matadero,0,0,9,2,3840000
Chaco,Presidencia Roque Sáenz Peña,3767,MTD (Movimiento de Trabajadores Desocupados),0,15,330,51,135820000
Chaco,Presidencia Roque Sáenz Peña,3766,Santa Rita,0,0,2,1,1200000
Chaco,Charata,3764,Esperanza,0,1,22,5,7920000
Chaco,Pampa Del Infierno,4999,Aviación,0,0,1,0,250000
Chaco,Pampa Del Infierno,4998,Roland Garros,2,1,3,0,3600000
Chaco,Villa Ángela,5084,Sur,0,1,1,0,1200000
Chaco,Villa Ángela,3834,Lote 20,0,1,97,27,35600000
Chaco,Resistencia,2369,Villa Don Andrés II,0,2,16,1,6720000
Chaco,Presidencia Roque Sáenz Peña,3768,Mitre,0,1,10,3,4680000
Chaco,Presidencia Roque Sáenz Peña,3772,Santa Mónica,0,0,9,0,2380000
Chaco,Presidencia Roque Sáenz Peña,3776,La Reserva,0,1,0,0,600000
Chaco,Presidencia Roque Sáenz Peña,3780,Quinta 4,1,4,34,6,16160000
Chaco,Charata,3784,Municipal,0,1,56,4,17270000
Chaco,General José de San Martín,3792,Lote 186,0,1,11,2,4680000
Chaco,Villa Berthet,5111,Sagrado Corazón,0,2,7,1,6000000
Chaco,Juan José Castelli,3800,Chacra 7,0,0,2,1,720000
Chaco,Juan José Castelli,3804,Chacra 27/28,0,1,24,5,10060000
Chaco,Juan José Castelli,3808,Chacra 64,0,0,1,0,360000
Chaco,Villa Berthet,5109,Villa Tomasa,0,1,1,0,1200000
Chaco,Colonia Benítez,2336,San Pedro Pescador,0,8,81,9,30740000
Chaco,Resistencia,2337,Villa Dónovan III,0,0,7,1,3000000
Chaco,Resistencia,2341,Jesús de Nazaret,0,3,69,4,23620000
Chaco,Las Breñas,3817,Pasión,0,2,67,4,20360000
Chaco,Barranqueras,2344,Ampliación 2 de Abril,0,0,7,0,2160000
Chaco,Resistencia,5101,Treinta y Uno De Agosto,0,1,3,1,2410000
Chaco,Barranqueras,2361,La Toma II,0,0,10,0,2740000
Chaco,Resistencia,2362,Balet Roger,0,2,33,2,10920000
Chaco,Resistencia,5102,Del Valle,0,1,11,1,7800000
Chaco,Resistencia,2368,Villa Facundo III,0,0,9,0,2880000
Chaco,Fontana,2346,Bandera Argentina I,0,1,28,6,10660000
Chaco,Fontana,2345,Bandera Argentina I,0,0,32,2,11580000
Chaco,Fontana,2347,Balastro II,0,6,52,6,25670000
Chaco,Fontana,2349,Independencia I,0,1,33,1,11360000
Chaco,Fontana,2350,Independencia II,0,2,14,1,5880000
Chaco,Resistencia,2353,Ex Campo de Tiro El Palmar,0,0,2,0,480000
Chaco,Resistencia,2354,Villa Ghio,0,4,36,5,17520000
Chaco,Resistencia,2356,La Isla,0,3,155,9,51990000
Chaco,Resistencia,2352,Fachinal,0,2,10,1,4090000
Chaco,Resistencia,4762,San Expedito,0,0,9,0,4680000
Chaco,Resistencia,4763,Las Palmeritas,0,2,14,1,8020000
Chaco,Resistencia,2323,Bettina Vasquez,0,2,71,5,29850000
Chaco,Barranqueras,2327,Cristo Rey,0,1,34,5,11490000
Chaco,Resistencia,2325,La Liguria Ampliación,0,0,12,0,3480000
Chaco,Villa Ángela,3829,Avenida,0,0,11,1,3340000
Chaco,Fontana,5092,San Pablo,0,1,5,0,3600000
Chaco,Machagai,3838,Arraigo,2,6,80,9,30830000
Chaco,Tres Isletas,3842,Quinta Soli,0,2,41,1,17390000
Chaco,Fontana,5093,Puerto Esperanza,0,3,10,2,7140000
Chaco,Coronel Du Graty,5080,San Cayetano,1,1,2,0,2400000
Chaco,Juan José Castelli,3846,Chacra 5,0,2,44,10,19090000
Chaco,Villa Ángela,3825,Sargento Cabral,0,1,16,3,7080000
Chaco,Resistencia,2235,Los Aromitos,0,1,51,6,19160000
Chaco,Puerto Vilelas,2204,El Palmarcito,0,0,22,3,8420000
Chaco,Resistencia,2236,El Timbo,0,1,40,4,16540000
Chaco,La Leonesa,3812,La Isla,0,1,8,2,3600000
Chaco,Puerto Vilelas,2207,Obrero,0,0,12,0,3120000
Chaco,Barranqueras,2208,Continuación de 152 Viviendas,0,0,9,0,3840000
Chaco,Resistencia,2215,Santa Clara,0,1,26,3,8860000
Chaco,Resistencia,2216,Primavera,0,8,95,2,37340000
Chaco,Barranqueras,2286,Florida Norte,0,0,26,3,7880000
Chaco,Puerto Vilelas,2284,Aplomo,0,0,27,3,11550000
Chaco,Resistencia,2214,Nuevo Amanecer,0,3,50,2,20020000
Chaco,Villa Berthet,5110,San Juan Diego,0,1,4,0,3000000
Chaco,Villa Berthet,5108,Tres Reyes,0,0,7,1,4450000
Chaco,Resistencia,5104,Ex Campo de Tiro Chacra 214,1,0,5,0,3600000
Chaco,Fontana,5099,El Bajo Villa Allín,0,0,4,0,1920000
Chaco,Fontana,5097,Cacui III,0,0,3,0,1800000
Chaco,Fontana,5096,Cacuí II,0,0,4,0,2400000
Chaco,Fontana,5094,Puerto Esperanza II,1,2,19,0,13200000
Chaco,Barranqueras,5090,Dieciséis de Julio,0,0,2,1,1560000
Chaco,Coronel Du Graty,5083,Ex Ruta 95 Sur,0,2,13,0,9000000
Chaco,Coronel Du Graty,5081,Cooperativa,0,0,1,1,1200000
Chaco,Pampa Del Indio,5076,Villa del Sur,1,0,0,0,600000
Chaco,Pampa Del Indio,5074,Veintidos de Agosto,3,10,6,0,10700000
Chaco,Pampa Del Indio,5073,Alegría,0,1,2,0,1800000
Chaco,Pampa Del Indio,5072,Cristo Rey,0,0,1,0,600000
Chaco,Puerto Tirol,5067,Veintiséis de Noviembre,0,3,17,0,10950000
Chaco,Napenay,5064,Juventud,0,0,1,0,600000
Chaco,Napenay,5061,El Silencio,0,1,0,0,600000
Chaco,Avia Terai,5055,Castells,0,2,14,0,8400000
Chaco,Avia Terai,5053,Santa Catalina,0,0,15,0,6600000
Chaco,Avia Terai,5052,Itatí,1,2,22,2,15000000
Chaco,Makallé,5029,Los Amores,0,0,1,1,960000
Chaco,Corzuela,5025,Quinta De Pelozo,0,1,2,0,1800000
Chaco,Corzuela,5022,Malvinas,0,1,4,0,3000000
Chaco,Corzuela,5020,Estrella del Sur,0,2,10,1,7450000
Chaco,Las Palmas,5013,Avellaneda,0,2,0,0,1200000
Chaco,Taco Pozo,5011,San Salvador,0,0,0,1,600000
Chaco,Pampa Del Infierno,5008,Norte,0,0,7,0,4200000
Chaco,Pampa Del Infierno,4997,Barrio Sur,0,1,7,0,4450000
Chaco,Pampa Del Infierno,4995,Mecheritos,0,0,3,0,1800000
Chaco,Pampa Del Infierno,4993,Club Estrella,0,1,5,0,3600000
Chaco,Concepción Del Bermejo,4983,Quinta 1,1,3,1,0,3000000
Chaco,Concepción Del Bermejo,4981,Evita,1,1,2,0,2400000
Chaco,Machagai,4978,Reserva III,0,2,19,1,10960000
Chaco,Machagai,4977,Quinta 5,0,0,4,0,2050000
Chaco,General José de San Martín,3851,San Francisco,0,0,13,4,4440000
Chaco,Barranqueras,2233,María Cristina,0,7,199,7,66580000
Chaco,Resistencia,2241,Mapic I,0,1,3,4,2760000
Chaco,Resistencia,2367,Veintiocho de Noviembre,0,0,11,0,3000000
Chaco,Resistencia,2363,Integración,0,0,9,0,2880000
Chaco,Barranqueras,2365,Villa San Isidro II,0,1,9,0,3120000
Chaco,Barranqueras,2355,Villa Forestación,1,13,275,10,99460000
Chaco,Fontana,2364,Santa Bárbara I,0,0,19,4,6720000
Chaco,Tres Isletas,3859,Barrio Norte,0,0,14,1,6600000
Chaco,Fontana,2359,Banderas Argentinas,0,0,20,3,7080000
Chaco,Barranqueras,2339,El Japones,0,3,69,1,21940000
Chaco,Resistencia,2357,Vista Linda,0,2,36,4,13080000
Chaco,Puerto Vilelas,2226,Chacra 299,0,0,7,0,1680000
Chaco,Fontana,2351,Río Araza,0,1,46,5,14400000
Chaco,Barranqueras,2348,Villa Hortensia,0,1,3,1,1680000
Chaco,Fontana,2330,Independencia III,0,1,15,3,5260000
Chaco,Fontana,2328,Caa Cui,0,0,16,0,4560000
Chaco,Barranqueras,2343,Dos de Abril,0,0,33,5,9720000
Chaco,Barranqueras,2340,Flor Azul,0,1,5,1,2040000
Chaco,Resistencia,2342,Lestani,0,0,4,0,1320000
Chaco,Fontana,2306,Balastro I,0,2,64,12,26240000
Chaco,Fontana,2335,Santa Bárbara II,0,0,24,3,8760000
Chaco,Resistencia,2332,Villa Odorico,0,0,19,0,6480000
Chaco,Resistencia,2326,La Liguria II,0,0,11,5,5400000
Chaco,Barranqueras,2243,Villa Paraguay,0,3,67,5,22640000
Chaco,Fontana,2322,Puerto Vicentini,1,7,195,17,65080000
Chaco,Barranqueras,2324,Villa San Isidro I,0,0,32,3,11140000
Chaco,Barranqueras,2307,San Cayetano II,0,4,47,4,16130000
Chaco,Resistencia,2366,Niño Jesús,0,1,22,3,8760000
Chaco,Resistencia,2321,Villa Dónovan I,0,1,23,1,9000000
Chaco,Resistencia,2320,Ex Golf Club,0,0,68,3,21300000
Chaco,Resistencia,2319,Laguna Argentina,0,0,9,2,2860000
Chaco,Fontana,2318,Quebracho,0,2,49,5,16440000
Chaco,Fontana,2317,Varoni,0,0,5,0,1200000
Chaco,Fontana,2316,Güemes Viejo,0,1,15,1,5280000
Chaco,Barranqueras,2315,General San Martín II,0,1,20,2,8260000
Chaco,Resistencia,2314,San Antonio (Sector B),0,2,83,9,27100000
Chaco,Resistencia,2313,Villa Itatí,0,0,34,1,9220000
Chaco,Resistencia,2312,Villa Dónovan II,0,1,14,1,5520000
Chaco,Resistencia,2311,Doce de Agosto,0,1,24,1,7920000
Chaco,Resistencia,2310,San Javier,0,1,12,0,5140000
Chaco,Resistencia,2309,Villa Elba,0,5,68,6,25020000
Chaco,Resistencia,2308,"Edison 2 ""Canallas del Sur""",0,3,27,2,12120000
Chaco,Fontana,2305,Villa Oro I,0,0,4,0,1680000
Chaco,Resistencia,2304,Cafayate,0,0,13,1,4320000
Chaco,Resistencia,2303,Villa Sarmiento,0,0,3,0,1200000
Chaco,Fontana,2302,Malvinas Argentinas II,0,8,151,10,52010000
Chaco,Resistencia,2301,Diecisiete de Julio,0,2,7,0,3840000
Chaco,Resistencia,2300,Villa Los Lirios,0,1,18,2,6840000
Chaco,Resistencia,2299,Veinte de Febrero,0,0,9,7,4320000
Chaco,Resistencia,2298,Carpincho Macho,0,1,22,1,9750000
Chaco,Resistencia,2297,Camalote,1,0,6,2,3120000
Chaco,Resistencia,2296,Chino,0,1,14,2,6000000
Chaco,Fontana,2294,Querini,1,1,61,7,20820000
Chaco,Barranqueras,2292,La Toma I,0,3,33,3,12460000
Chaco,Resistencia,2289,Don Santiago,1,0,2,0,1200000
Chaco,Resistencia,2606,Juan Bautista Alberdi II,2,0,34,2,11500000
Chaco,Barranqueras,2291,San Carlos I,0,2,26,3,9560000
Chaco,Resistencia,2285,Fortaleza,0,1,35,7,13920000
Chaco,Puerto Vilelas,2281,Cooperativa,0,3,37,3,16330000
Chaco,Puerto Vilelas,2282,Lote 22,1,0,14,5,7920000
Chaco,Fontana,2358,Villa Oro II,0,2,26,3,8740000
Chaco,Resistencia,2277,El Palmar,0,1,23,2,10420000
Chaco,Resistencia,2273,Resistiré,0,1,48,5,16840000
Chaco,Resistencia,2274,Luz y Esperanza,0,1,30,1,11760000
Chaco,Puerto Vilelas,2360,Paranacito,0,0,1,1,480000
Chaco,Resistencia,2276,Dos de Marzo,0,2,18,3,8520000
Chaco,Resistencia,2275,Luchemos Juntos,0,4,44,5,20060000
Chaco,Resistencia,2269,Veintinueve de Agosto,0,6,109,10,41920000
Chaco,Barranqueras,2257,San Carlos II,1,0,29,2,9320000
Chaco,Resistencia,2266,Las Flores,0,0,19,2,7800000
Chaco,Barranqueras,2264,San Cayetano,0,0,17,2,5640000
Chaco,Barranqueras,2263,La Hormiga,0,3,21,3,9190000
Chaco,Barranqueras,2262,Avenida Maipú y Gaboto,0,0,28,2,8040000
Chaco,Barranqueras,2261,General San Martín I,0,2,17,0,9000000
Chaco,Barranqueras,2260,Las Tafetas,0,2,8,1,4920000
Chaco,Barranqueras,2259,Once de Junio,0,0,28,0,8400000
Chaco,Barranqueras,2258,Los Milagros,0,2,64,4,19740000
Chaco,Resistencia,2256,Dos de Septiembre,0,5,48,6,18220000
Chaco,Resistencia,2255,Juan José del Valle,0,0,11,2,3240000
Chaco,Barranqueras,2254,El Arenal,0,1,120,11,41190000
Chaco,Resistencia,2253,Vuelta de Obligado,0,1,28,1,9840000
Chaco,Fontana,2252,Nuevo Provincia Prolongación,1,1,36,1,12240000
Chaco,Resistencia,2251,Santa Catalina,0,0,11,0,3120000
Chaco,Resistencia,2250,Don Bosco,1,4,116,5,38920000
Chaco,Resistencia,2249,Villa Facundo I,0,3,10,0,5160000
Chaco,Resistencia,2242,Juventud Unida,0,0,9,0,3100000
Chaco,Resistencia,2245,Villa Río Negro,0,1,7,0,2880000
Chaco,Resistencia,2248,Hernandarias,0,1,11,2,4440000
Chaco,Resistencia,2247,Avalos,0,5,127,4,48200000
Chaco,Barranqueras,2246,Avenida Gaboto y Río,0,0,16,5,9240000
Chubut,Comodoro Rivadavia,3569,Extensión del Ameghino Nuevo,0,1,21,2,7540000
Chubut,Comodoro Rivadavia,3564,Standard Norte,0,11,197,24,68010000
Chubut,Comodoro Rivadavia,3573,San Martín,0,0,6,1,1920000
Chubut,Comodoro Rivadavia,3577,Cooperativa San Jorge,0,0,3,0,720000
Chubut,Comodoro Rivadavia,4467,Extensión Quinta Standard Norte,0,0,2,0,480000
Chubut,Comodoro Rivadavia,3581,Máximo Abasolo II,0,1,3,0,1320000
Chubut,Comodoro Rivadavia,5114,Kilómetro 18,2,0,2,0,2400000
Chubut,Comodoro Rivadavia,5115,Extensión Abel Amaya,0,1,1,0,1200000
Chubut,Comodoro Rivadavia,5121,Jorge Newbery,0,0,0,1,600000
Chubut,Esquel,3584,La Esperanza,0,1,1,2,1680000
Chubut,Comodoro Rivadavia,3583,Extensión Máximo Abasolo II,0,0,8,1,3240000
Chubut,Comodoro Rivadavia,3582,Extensión Máximo Abasolo,0,0,11,0,3500000
Chubut,Comodoro Rivadavia,3580,Máximo Abasolo,0,0,6,3,2500000
Chubut,Comodoro Rivadavia,3579,Extensión Eva Perón,0,0,6,0,1800000
Chubut,Comodoro Rivadavia,3578,Eva Perón,0,1,13,2,4180000
Chubut,Comodoro Rivadavia,3576,San Cayetano,0,0,5,1,1920000
Chubut,Comodoro Rivadavia,3575,Don Bosco Kilómetro 8,0,1,13,2,5520000
Chubut,Comodoro Rivadavia,3574,Triángulo del Maracaná,0,0,1,0,240000
Chubut,Comodoro Rivadavia,3572,El Cerrito,0,2,59,3,19140000
Chubut,Comodoro Rivadavia,3571,San Cayetano,0,1,7,1,3000000
Chubut,Comodoro Rivadavia,3570,Cordón Forestal,0,0,2,0,840000
Chubut,Comodoro Rivadavia,3568,Extensión Sismográfica,0,2,17,2,6100000
Chubut,Comodoro Rivadavia,3567,Moure,0,0,10,1,3240000
Chubut,Comodoro Rivadavia,3565,Zona Granja Faro,0,2,8,0,3960000
Chubut,Comodoro Rivadavia,3563,Abel Amaya,0,2,24,2,8380000
Chubut,Comodoro Rivadavia,3562,Las Flores,0,0,14,3,4140000
Chubut,Comodoro Rivadavia,3561,Pietrobelli,0,2,16,1,6510000
Chubut,Comodoro Rivadavia,3560,Las Américas,0,11,107,22,45180000
Chubut,Comodoro Rivadavia,3559,Extensión Stella Maris,0,0,2,1,1080000
Chubut,Comodoro Rivadavia,3558,Extensión Stella Maris II,0,0,12,3,3960000
Chubut,Puerto Madryn,3553,Nueva Chubut,0,7,86,13,34760000
Chubut,Comodoro Rivadavia,3548,Cancha Belgrano,1,0,18,0,5640000
Chubut,Comodoro Rivadavia,3547,Isidro Quiroga,0,2,34,5,11460000
Chubut,Comodoro Rivadavia,3546,Extensión Cerro Solo,0,1,8,1,3720000
Chubut,Puerto Madryn,3541,El Poligono,2,1,1,0,2400000
Chubut,Rawson,3540,IAC,0,0,2,1,1080000
Chubut,Trelew,3538,Moreira IV,1,8,148,22,55120000
Chubut,Trelew,3536,Ampliación Canal,0,2,9,1,4680000
Chubut,Trelew,3535,Ampliación Barrio Norte,1,2,63,3,20520000
Chubut,Trelew,3534,Ampliación Primera Junta,0,0,9,1,3480000
Chubut,Trelew,3533,Moreira III,0,0,9,2,2620000
Chubut,Rawson,3531,Chacra 8,0,2,25,6,9590000
Chubut,Rawson,3530,Loteo Social,0,2,6,2,3240000
Chubut,Esquel,4882,Badén,1,0,1,0,1200000
Chubut,Trelew,3537,Ahoni Ken + Barrio Dos de Agosto,0,1,24,3,8640000
Chubut,Puerto Madryn,3542,Pte. Juan Domingo Perón,0,10,89,12,36460000
Chubut,Lago Puelo,4879,Arroyo Golondrina,0,0,1,0,150000
Chubut,Puerto Madryn,5960,Malvinas,0,5,10,1,8190000
Chubut,Puerto Madryn,5961,Progreso,0,0,1,0,600000
Chubut,Puerto Madryn,5959,Loma Blanca,0,4,1,0,3000000
Chubut,Comodoro Rivadavia,5116,La Floresta,0,1,6,1,4210000
Chubut,Comodoro Rivadavia,5120,Manantial Rosales,0,0,6,0,2670000
Chubut,Comodoro Rivadavia,5119,Laprida,0,1,1,0,960000
Chubut,Comodoro Rivadavia,3549,Stella Maris,1,0,3,2,1620000
Chubut,El Maitén,4876,Obrero,0,0,1,0,360000
Chubut,Esquel,4883,Ceferino Namuncurá,0,0,0,1,600000
Chubut,Lago Puelo,4878,Diecisiete de Agosto,0,1,1,0,960000
Chubut,Lago Puelo,4877,Altos de Radal,0,0,1,2,1440000
Chubut,Lago Puelo,4683,Parcela 26,0,2,4,0,2880000
Chubut,Lago Puelo,4684,Eco Aldea,0,0,3,0,940000
Ciudad Autónoma de Buenos Aires,Ciudad Autónoma de Buenos Aires,4472,La Esquina,0,0,1,1,480000
Ciudad Autónoma de Buenos Aires,Ciudad Autónoma de Buenos Aires,4471,Matanza y Ferre,0,0,2,2,1440000
Ciudad Autónoma de Buenos Aires,Ciudad Autónoma de Buenos Aires,4470,Pedro de Mendoza y Villarino,0,0,4,0,1080000
Ciudad Autónoma de Buenos Aires,Ciudad Autónoma de Buenos Aires,2579,Inta,0,16,215,19,81390000
Ciudad Autónoma de Buenos Aires,Ciudad Autónoma de Buenos Aires,4382,El Ombú,0,0,2,0,480000
Ciudad Autónoma de Buenos Aires,Ciudad Autónoma de Buenos Aires,4294,Santander,1,11,126,19,51710000
Ciudad Autónoma de Buenos Aires,Ciudad Autónoma de Buenos Aires,4251,La Rotonda,0,0,4,1,1200000
Ciudad Autónoma de Buenos Aires,Ciudad Autónoma de Buenos Aires,4942,El Pescadito,0,0,1,0,240000
Ciudad Autónoma de Buenos Aires,Ciudad Autónoma de Buenos Aires,2585,Scapino,0,3,54,5,20460000
Ciudad Autónoma de Buenos Aires,Ciudad Autónoma de Buenos Aires,2584,Pirelli,0,1,15,0,4780000
Ciudad Autónoma de Buenos Aires,Ciudad Autónoma de Buenos Aires,2587,Los Pinos,1,4,59,7,22150000
Ciudad Autónoma de Buenos Aires,Ciudad Autónoma de Buenos Aires,2582,La Esperanza,0,10,87,6,34540000
Ciudad Autónoma de Buenos Aires,Ciudad Autónoma de Buenos Aires,2588,María Auxiliadora,0,3,46,5,19260000
Ciudad Autónoma de Buenos Aires,Ciudad Autónoma de Buenos Aires,2598,Lacarra,0,1,5,1,2400000
Ciudad Autónoma de Buenos Aires,Ciudad Autónoma de Buenos Aires,2600,Nuestro Barrio,0,0,8,0,1920000
Ciudad Autónoma de Buenos Aires,Ciudad Autónoma de Buenos Aires,2602,Playón de Chacarita,0,0,3,0,720000
Ciudad Autónoma de Buenos Aires,Ciudad Autónoma de Buenos Aires,2603,La Carbonilla,0,17,119,12,48360000
Ciudad Autónoma de Buenos Aires,Ciudad Autónoma de Buenos Aires,2581,Los Piletones,0,14,177,29,65960000
Ciudad Autónoma de Buenos Aires,Ciudad Autónoma de Buenos Aires,2580,Calacita,0,0,23,2,6940000
Ciudad Autónoma de Buenos Aires,Ciudad Autónoma de Buenos Aires,2595,NHT del Trabajo,1,16,140,16,59080000
Ciudad Autónoma de Buenos Aires,Ciudad Autónoma de Buenos Aires,2593,Bermejo,0,3,44,2,13940000
Ciudad Autónoma de Buenos Aires,Ciudad Autónoma de Buenos Aires,2553,Saldías,0,3,39,6,14380000
Ciudad Autónoma de Buenos Aires,Ciudad Autónoma de Buenos Aires,2554,Zavaleta,0,14,202,20,70370000
Ciudad Autónoma de Buenos Aires,Ciudad Autónoma de Buenos Aires,2558,Villa 26,0,0,5,0,1060000
Ciudad Autónoma de Buenos Aires,Ciudad Autónoma de Buenos Aires,2597,Ramón Carillo,0,10,120,12,52930000
Ciudad Autónoma de Buenos Aires,Ciudad Autónoma de Buenos Aires,2599,Cildáñez,1,44,363,45,141470000
Ciudad Autónoma de Buenos Aires,Ciudad Autónoma de Buenos Aires,2586,Fátima,1,40,422,37,158300000
Ciudad Autónoma de Buenos Aires,Ciudad Autónoma de Buenos Aires,2583,Villa 15,2,100,1223,98,457350000
Ciudad Autónoma de Buenos Aires,Ciudad Autónoma de Buenos Aires,2578,Obrero,0,2,30,2,10300000
Ciudad Autónoma de Buenos Aires,Ciudad Autónoma de Buenos Aires,2566,Agustín Magaldi,0,1,14,2,5400000
Ciudad Autónoma de Buenos Aires,Ciudad Autónoma de Buenos Aires,2576,Villa 13 Bis,0,2,6,2,2960000
Ciudad Autónoma de Buenos Aires,Ciudad Autónoma de Buenos Aires,2562,Puente Barracas,0,0,7,3,2520000
Ciudad Autónoma de Buenos Aires,Ciudad Autónoma de Buenos Aires,2557,El Pueblito,0,1,18,4,5840000
Ciudad Autónoma de Buenos Aires,Ciudad Autónoma de Buenos Aires,2563,Luján 2364,0,0,7,1,2760000
Ciudad Autónoma de Buenos Aires,Ciudad Autónoma de Buenos Aires,2559,El Campito,0,0,5,1,1440000
Ciudad Autónoma de Buenos Aires,Ciudad Autónoma de Buenos Aires,4941,Zanchetti,0,1,0,1,960000
Ciudad Autónoma de Buenos Aires,Ciudad Autónoma de Buenos Aires,2565,Agustín de Vedia,0,0,1,0,360000
Ciudad Autónoma de Buenos Aires,Ciudad Autónoma de Buenos Aires,2564,Lamadrid,0,5,32,10,16430000
Ciudad Autónoma de Buenos Aires,Ciudad Autónoma de Buenos Aires,2570,Villa 21-24,2,107,1298,161,473640000
Ciudad Autónoma de Buenos Aires,Ciudad Autónoma de Buenos Aires,2577,Padre Rodolfo Ricciardelli (Ex Villa 1-11-14),0,20,198,35,82050000
Ciudad Autónoma de Buenos Aires,Ciudad Autónoma de Buenos Aires,2604,Jorge Newbery,0,0,1,0,240000
Ciudad Autónoma de Buenos Aires,Ciudad Autónoma de Buenos Aires,2592,Villa 20,1,21,242,42,89960000
Ciudad Autónoma de Buenos Aires,Ciudad Autónoma de Buenos Aires,4636,La Veredita,0,3,16,2,9360000
Ciudad Autónoma de Buenos Aires,Ciudad Autónoma de Buenos Aires,4637,Padre Mugica (Ex Villa 31 y 31 Bis),0,9,118,22,41250000
Ciudad Autónoma de Buenos Aires,Ciudad Autónoma de Buenos Aires,4634,Playón de Caballito,0,1,14,0,4180000
Corrientes,Paso De La Patria,5247,Chacra 42,0,0,2,0,960000
Corrientes,Gobernador Igr. Valentín Virasoro,5264,Circunvalación Norte,0,0,3,0,1320000
Corrientes,Goya,3590,Santa Rita,0,1,1,0,490000
Corrientes,Goya,4383,Los Chakales,0,1,4,1,2880000
Corrientes,Santa Lucía,3594,Bajo Sur,0,0,29,4,8880000
Corrientes,Santa Rosa,4291,La Tablada,0,1,0,0,600000
Corrientes,Santa Rosa,4290,San José Obrero,0,1,32,5,11000000
Corrientes,Santa Rosa,4289,La Merced,0,1,14,1,5040000
Corrientes,Santa Rosa,4287,La Llamarada,0,4,64,22,28530000
Corrientes,Santa Rosa,4286,La Curva,0,0,2,1,720000
Corrientes,Corrientes,4248,San Roque Este,0,3,85,5,28020000
Corrientes,Corrientes,4247,Dos de Abril,0,4,55,4,21700000
Corrientes,Goya,4235,Francisco I,0,2,34,6,14520000
Corrientes,Bella Vista,4234,El Transportista,0,3,4,1,3360000
Corrientes,Bella Vista,3598,Centenario,0,0,9,2,3000000
Corrientes,Corrientes,2385,Lomas del Mirador,1,10,378,21,120740000
Corrientes,9 De Julio,5259,La Tablada,0,0,4,0,2160000
Corrientes,Corrientes,2388,Serantes,0,1,29,1,9360000
Corrientes,Corrientes,2393,San Antonio Este,0,0,47,1,17500000
Corrientes,Bella Vista,3602,Las 15,0,0,21,1,7800000
Corrientes,Concepción,5198,Las Tablitas,0,0,3,1,1710000
Corrientes,Mburucuyá,5235,Laguna Aguirre,0,0,1,0,250000
Corrientes,Mercedes,3631,El Recodo,0,1,15,1,5150000
Corrientes,Curuzú Cuatiá,3630,Yagua Rincón,1,2,8,3,5620000
Corrientes,Paso De Los Libres,3627,San José,0,2,23,3,8520000
Corrientes,Perugorría,5207,La Bomba,0,1,3,2,2640000
Corrientes,Bella Vista,3626,Costa Esperanza,0,3,57,5,22200000
Corrientes,Saladas,3625,Centenario,0,0,8,1,2640000
Corrientes,Santo Tomé,3623,Cerro,0,1,1,0,840000
Corrientes,Santo Tomé,3622,Sin Nombre,0,1,6,4,3120000
Corrientes,Santo Tomé,3621,Torres,0,0,7,4,2880000
Corrientes,Mercedes,3619,San Pedro,0,1,3,1,2650000
Corrientes,Monte Caseros,5239,San Ramón Sur,0,0,5,0,2310000
Corrientes,Paso De Los Libres,3618,Aguas,0,0,7,3,2180000
Corrientes,Paso De Los Libres,3617,Unioncito,0,0,6,1,1680000
Corrientes,Paso De Los Libres,3615,508,0,0,8,0,2140000
Corrientes,Paso De Los Libres,3614,Luján,0,1,22,4,8020000
Corrientes,Paso De Los Libres,3613,Barrio del Sol,0,0,25,7,8500000
Corrientes,Paso De Los Libres,3612,Las Palmas,0,0,6,0,1440000
Corrientes,San Luis Del Palmar,3609,Cruz de Los Milagros,0,0,4,1,1920000
Corrientes,San Luis Del Palmar,3608,Virgen del Rosario,0,0,4,3,2040000
Corrientes,San Luis Del Palmar,3607,Santa Catalina,0,0,6,0,1560000
Corrientes,Monte Caseros,3605,Barrio 9,1,0,0,1,700000
Corrientes,Monte Caseros,3604,Juan Esteban Martínez,0,0,7,0,3120000
Corrientes,Monte Caseros,3603,Gauchito Gil,0,1,32,4,13000000
Corrientes,Esquina,3601,Itatí,0,0,19,1,6820000
Corrientes,Paso De La Patria,5249,El Rincón,0,2,1,0,1560000
Corrientes,Esquina,3600,San Fernando,0,0,23,1,7560000
Corrientes,Goya,3599,Esperanza,0,0,8,1,2160000
Corrientes,Bella Vista,3597,Barrio Norte,0,0,36,2,11340000
Corrientes,Bella Vista,3596,Epam 50 Viviendas,0,0,19,2,4880000
Corrientes,Santa Lucía,3595,La Quebrada,0,2,20,2,10210000
Corrientes,Goya,3593,Pando,0,0,8,1,2430000
Corrientes,San Luis Del Palmar,5253,Inmaculada,0,1,3,0,2400000
Corrientes,Goya,3592,Puerto Boca,1,0,9,10,7440000
Corrientes,Goya,3591,Virgen del Lourdes,0,0,8,0,3000000
Corrientes,Goya,3589,Santa Clara,0,0,6,0,1560000
Corrientes,Gobernador Igr. Valentín Virasoro,5263,Conin,0,1,4,2,3720000
Corrientes,Saladas,3588,Vélez Sarfield,0,2,52,5,22800000
Corrientes,Saladas,3587,San Lorencito,0,0,3,3,1710000
Corrientes,San Roque,5261,Costanera,0,0,1,0,600000
Corrientes,Saladas,3586,Primera Sección,0,0,5,4,3600000
Corrientes,Paso De La Patria,5251,El Tucu,0,0,0,1,600000
Corrientes,San Luis Del Palmar,3606,Inmaculada,0,0,3,1,960000
Corrientes,Paso De La Patria,5250,Barrera y 9 de Julio,0,0,1,1,960000
Corrientes,Santo Tomé,3624,La Tablada,0,6,75,10,28140000
Corrientes,Paso De Los Libres,3620,San Fransisco,0,0,69,5,21120000
Corrientes,Mburucuyá,5232,San Antonio,1,0,2,0,1450000
Corrientes,Esquina,3629,La Tablada,0,1,46,3,17910000
Corrientes,Concepción,5202,Concepción,0,1,1,0,960000
Corrientes,Concepción,5203,Paso Espinoza,0,0,0,1,360000
Corrientes,Corrientes,5196,Diecisiete de Agosto,0,0,9,0,5050000
Corrientes,Esquina,5218,Cortadita 35 Viviendas,0,0,0,1,150000
Corrientes,Monte Caseros,5242,La Rana,0,0,5,0,2410000
Corrientes,Monte Caseros,5241,Fedullo,0,2,11,2,7930000
Corrientes,Paso De Los Libres,4803,La Balanza,0,0,8,3,5880000
Corrientes,Paso De Los Libres,3616,Chaquito,0,0,30,2,9570000
Corrientes,Corrientes,4808,Arroyo Bizcocho,0,4,29,7,14960000
Corrientes,Paso De Los Libres,"3611* ",Zona Rural Ombucito,0,1,5,2,2640000
Corrientes,Mercedes,3628*,Itatí,0,0,1,0,240000
Corrientes,Corrientes,4807,Asentamiento Parque Balneareo,0,0,30,1,10920000
Corrientes,Corrientes,2383,Punta Taitalo,0,2,139,0,35120000
Corrientes,Santa Rosa,4288,Desata Nudos,0,2,13,2,5400000
Corrientes,9 De Julio,5260,Chaquito,0,0,1,0,600000
Corrientes,Santa Rosa,4293,Salamanca,0,2,24,6,11940000
Corrientes,9 De Julio,5258,Antena,0,0,1,0,150000
Corrientes,Paso De La Patria,5252,Barrio 440,0,2,2,0,2160000
Corrientes,Paso De La Patria,5248,Señoram,0,1,0,0,600000
Corrientes,Saladas,5245,Cortada Juan Bolaños,0,0,3,1,2160000
Corrientes,Saladas,5244,Mansión,0,0,1,0,600000
Corrientes,Monte Caseros,5243,Villa Arteaga,0,0,1,0,600000
Corrientes,Mburucuyá,5236,Laguna Aguirre,0,0,0,2,1200000
Corrientes,Mburucuyá,5234,Aviación,0,0,1,2,1800000
Corrientes,Santa Lucía,5230,Santa Catalina,0,0,8,0,4100000
Corrientes,Empedrado,5212,Ex Vía,0,0,1,0,600000
Corrientes,Empedrado,5210,San Roque,0,0,0,1,250000
Corrientes,Empedrado,5209,Itatí,0,0,2,0,1200000
Corrientes,Concepción,5206,Toro Cué,0,1,2,0,1350000
Corrientes,Concepción,5205,Caavi Guazú,0,1,1,0,850000
Corrientes,Concepción,5204,San Antonio,0,0,4,1,2070000
Corrientes,Corrientes,5197,San Roque Oeste,0,3,13,2,10080000
Corrientes,Bella Vista,5195,Los Piletones,0,0,0,1,600000
Corrientes,Corrientes,2373,Esperanza,5,19,216,23,91310000
Corrientes,Corrientes,2372,Bajo Caridi,0,5,25,2,10920000
Corrientes,Corrientes,2404,Canal 13,0,0,69,4,19780000
Corrientes,Corrientes,2371,Cremonte,0,5,58,3,24340000
Corrientes,Laguna Brava,2430,Sapucay,0,2,10,0,4320000
Corrientes,Corrientes,2429,Nuevo Amanecer,0,0,9,0,2280000
Corrientes,Corrientes,2421,Verdes Soles,0,4,79,6,25210000
Corrientes,Santa Ana De Los Guácaras,2370,Caritas,0,0,5,1,1780000
Corrientes,Corrientes,2428,Fray José de La Quintana,0,1,51,6,16780000
Corrientes,Corrientes,2427,Pirayui II,0,3,209,18,67080000
Corrientes,Corrientes,2426,Popular,0,3,74,3,23360000
Corrientes,Corrientes,2425,Bajo Galván,1,2,19,2,8040000
Corrientes,Corrientes,2424,Ciudades Correntinas,0,0,11,0,3220000
Corrientes,Corrientes,2423,Libertad,0,0,17,0,5640000
Corrientes,Corrientes,2422,Anahí,1,1,39,2,11580000
Corrientes,Riachuelo,2420,Rincón Roa,0,1,22,0,9220000
Corrientes,Corrientes,2419,Loma II,0,1,39,5,13080000
Corrientes,Corrientes,2418,Loma Linda,0,4,118,9,37510000
Corrientes,Corrientes,2417,Mendoza Al Sur,0,11,254,18,86040000
Corrientes,Corrientes,2416,Cañada Quiroz,0,0,15,4,4800000
Corrientes,Corrientes,2415,Santa Margarita,0,3,74,11,29640000
Corrientes,Corrientes,2414,Aguapey,0,5,125,7,40060000
Corrientes,Corrientes,2413,Tutuca,0,0,15,2,4320000
Corrientes,Corrientes,2412,Pirayui I,0,19,555,37,177440000
Corrientes,Corrientes,2411,Doctor Montaña,0,6,222,18,71150000
Corrientes,Corrientes,2410,San Roque Oeste,0,0,22,2,6580000
Corrientes,Corrientes,2409,Antonio Oeste,0,0,30,2,8620000
Corrientes,Corrientes,2408,Arazaty,0,9,71,6,29960000
Corrientes,Corrientes,2406,Cichero,0,1,24,1,6450000
Corrientes,Corrientes,2405,Sol de Mayo,3,10,257,11,88600000
Corrientes,Corrientes,2403,Quinta Ferr,0,3,161,7,51140000
Corrientes,Corrientes,2402,Santa Marta,0,0,23,1,7230000
Corrientes,Corrientes,2401,Galván III,0,0,21,4,8640000
Corrientes,Corrientes,2400,La Olla,0,7,384,17,122460000
Corrientes,Corrientes,2399,La Tosquera,4,12,203,14,75100000
Corrientes,Corrientes,2398,San Jorge,0,0,70,3,19960000
Corrientes,Corrientes,2397,Irupé,0,8,219,15,71980000
Corrientes,Corrientes,2396,Ongay,0,7,199,7,58250000
Corrientes,Corrientes,2395,Quilmes,1,10,176,11,62140000
Corrientes,Corrientes,2394,El Cocal,1,4,155,12,48470000
Corrientes,Corrientes,2392,Paloma de La Paz,0,11,273,19,83760000
Corrientes,Corrientes,2391,Villa Eragia,0,5,103,5,33690000
Corrientes,Corrientes,2390,Patono I,0,8,170,15,62950000
Corrientes,Corrientes,2389,La Chola,0,8,193,9,62610000
Corrientes,Corrientes,2387,Costa Esperanza,0,7,133,5,46800000
Corrientes,Corrientes,2386,Asentamiento Trento,0,0,46,4,13680000
Corrientes,Corrientes,2384,Río Paraná,0,10,258,6,78600000
Corrientes,Corrientes,2382,Ponce,0,1,53,5,19400000
Corrientes,Corrientes,2379,Seminario,0,0,15,2,5520000
Corrientes,Corrientes,2380,Itatí,0,0,18,2,5860000
Corrientes,Corrientes,2378,Las del Monte,0,4,147,13,52160000
Corrientes,Corrientes,2377,Virgen de Los Dolores,0,5,111,7,40960000
Corrientes,Corrientes,2376,Patono II,0,1,14,2,5500000
Corrientes,Corrientes,2375,Bañado Norte,0,2,52,5,18660000
Corrientes,Corrientes,2374,Los Astilleros,1,2,20,2,8030000
Corrientes,Paso De Los Libres,4797,La Torcasa,0,0,6,0,2900000
Corrientes,Corrientes,4809,Asentamiento Taitalo Punta,0,3,42,7,20600000
Corrientes,Corrientes,4806,Seis Hectáreas,1,5,84,7,31060000
Corrientes,Corrientes,4805,Juan Pablo II,0,1,53,4,17660000
Corrientes,Corrientes,4804,Pan Bich,1,2,52,7,18550000
Corrientes,Paso De Los Libres,4802,La Tablita,0,0,5,0,1950000
Corrientes,Mercedes,4799,San Martín I,0,0,2,0,960000
Corrientes,Mercedes,4798,San Martín II,0,0,1,0,360000
Córdoba,Malvinas Argentinas,4516,Chacra de La Merced VI,0,1,2,1,1680000
Córdoba,Córdoba Capital,4517,Bajada de Piedra,0,0,2,0,480000
Córdoba,Córdoba Capital,4514,Chacra de La Merced IV,0,1,14,1,4780000
Córdoba,Córdoba Capital,4513,Chacra de La Merced III,1,0,5,0,1920000
Córdoba,Córdoba Capital,4512,Chacra de La Merced II,0,0,4,0,1320000
Córdoba,Córdoba Capital,4511,Chacra de La Merced I,0,0,1,0,240000
Córdoba,Córdoba Capital,4463,Nuestro Hogar III,0,5,114,11,35630000
Córdoba,Alta Gracia,4399,Loteo Social 8 de Agosto,0,0,25,0,6120000
Córdoba,Córdoba Capital,4623,Cooperativa Renacimiento,0,0,9,0,2280000
Córdoba,Córdoba Capital,4285,El Milagro,0,5,66,7,22990000
Córdoba,Anisacate,4278,Villa Río,0,0,11,0,3240000
Córdoba,Córdoba Capital,4277,Parque Las Rosas,0,3,40,10,17020000
Córdoba,Montecristo,4276,Ampliación Los Troncos,0,3,155,14,46760000
Córdoba,Alta Gracia,4250,Sabattini,0,2,64,0,18080000
Córdoba,Córdoba Capital,4232,Joven Amanecer,0,0,1,0,360000
Córdoba,Villa María,4230,La Calera,0,1,44,2,12920000
Córdoba,Villa María,4229,Predio NCA II,0,0,1,1,480000
Córdoba,Villa María,4228,Predio NCA,0,0,3,0,1080000
Córdoba,Córdoba Capital,5125,Cooperativa La Esperanza Sur,0,2,4,0,2880000
Córdoba,Córdoba Capital,5127,Policial Anexo,0,1,2,0,1210000
Córdoba,Córdoba Capital,5130,Cooperativa 27 de febrero,0,0,2,0,1200000
Córdoba,Córdoba Capital,5134,Chacra de la Merced V,0,0,1,0,360000
Córdoba,Córdoba Capital,5135,Veintinueve de Mayo,0,0,2,1,1350000
Córdoba,Córdoba Capital,5132,Los Josefinos,0,0,1,0,360000
Córdoba,Malvinas Argentinas,5147,Ampliación Malvinas Argentinas,1,0,15,0,7680000
Córdoba,La Calera,5145,Mataderos,0,1,0,0,600000
Córdoba,La Calera,5144,Calera Central,0,3,4,0,4200000
Córdoba,Cruz Del Eje,5153,Desamparados,0,0,3,0,1800000
Córdoba,Villa Allende,5150,Las Polinesias,0,3,3,0,3250000
Córdoba,Cruz Del Eje,5159,Quimilo,0,1,7,0,4100000
Córdoba,Córdoba Capital,5139,Chingolo I,0,0,5,2,4200000
Córdoba,Cruz Del Eje,5156,Villa Lainez,0,2,11,0,7800000
Córdoba,Cruz Del Eje,5155,La Rinconada,0,0,3,0,1800000
Córdoba,Villa Carlos Paz,5167,Grimberg,0,1,0,0,600000
Córdoba,Río Segundo,5174,Antártida Argentina Rural,0,0,3,0,1800000
Córdoba,Villa Dolores,5179,Sur,1,1,2,0,2400000
Córdoba,Cosquín,5164,Los Hornos,0,1,3,0,2050000
Córdoba,Córdoba Capital,1709,La Canchita,0,2,58,3,18210000
Córdoba,Córdoba Capital,1579,Los 40 y La Costa de Argüello,0,3,25,5,11790000
Córdoba,Córdoba Capital,1743,General Savio,0,11,140,15,50450000
Córdoba,Río Cuarto,1713,Paso del Indio,0,0,4,3,2740000
Córdoba,San Francisco,1744,Galpones del Ferrocarril,0,0,3,0,1200000
Córdoba,Río Cuarto,1712,Islas Malvinas,0,2,36,4,12440000
Córdoba,Río Cuarto,1711,Cola de Pato,0,7,70,9,24020000
Córdoba,Río Cuarto,1745,San Martín,1,4,55,6,21340000
Córdoba,Río Cuarto,1742,Carlos Gutiérrez,0,1,3,0,1440000
Córdoba,Córdoba Capital,1741,Observatorio La Bomba,0,0,7,0,2760000
Córdoba,Bialet Massé,1740,Suncho Huayco,0,0,9,0,3280000
Córdoba,Córdoba Capital,1739,Maldonado,0,0,8,3,2580000
Córdoba,San Francisco Del Chañar,1738,La Merced,0,0,8,0,2280000
Córdoba,Córdoba Capital,1737,El Sauce,0,5,79,8,30700000
Córdoba,Lucio V. Mansilla,1735,San Martín,0,0,2,0,960000
Córdoba,Córdoba Capital,1736,Hermana Sierra,0,8,148,10,46520000
Córdoba,Córdoba Capital,1734,El Pueblito,0,10,140,13,44860000
Córdoba,Córdoba Capital,1733,La Maternidad,0,2,28,2,8880000
Córdoba,Córdoba Capital,1732,El Dorado,0,3,43,1,14120000
Córdoba,Córdoba Capital,1731,El Pueblito,0,1,8,0,2300000
Córdoba,Córdoba Capital,1730,Atalaya,0,4,77,5,26180000
Córdoba,Pilar,1728,Costanera Río,0,0,2,2,960000
Córdoba,Córdoba Capital,1727,Villa El Platito,0,0,15,2,4660000
Córdoba,La Calera,1729,Doctor Cocca,0,3,11,0,6360000
Córdoba,Santa María,1726,La Redonda,0,0,2,1,720000
Córdoba,Córdoba Capital,1725,Costa Canal III,0,0,1,0,600000
Córdoba,Villa Nueva,1724,Ex Matadero,0,0,18,0,4680000
Córdoba,Córdoba Capital,1723,Piedra Blanca,0,1,9,0,3120000
Córdoba,Villa Del Totoral,1722,Fátima,1,3,29,11,13540000
Córdoba,Río Segundo,1720,Villa al Bajito,0,0,13,6,5640000
Córdoba,Bell Ville,1718,Sin Nombre,0,1,5,0,1720000
Córdoba,Bell Ville,1719,Villa Carlitos,0,0,9,0,2520000
Córdoba,Córdoba Capital,1717,Parque Ituzaingó II,0,3,49,1,14300000
Córdoba,Río Cuarto,1716,Oncativo,0,2,99,15,34090000
Córdoba,Río Tercero,1715,Los Algarrobos,0,0,1,2,1200000
Córdoba,Villa Dolores,1714,Aeronáutico,0,0,9,4,3480000
Córdoba,Río Cuarto,1707,Saltos de Malvinas,0,0,12,2,3840000
Córdoba,Córdoba Capital,1706,Joison,0,0,20,1,5740000
Córdoba,Córdoba Capital,1705,La Costa Canal,0,8,38,8,20280000
Córdoba,Córdoba Capital,1704,Patricios Oeste,1,2,10,4,8160000
Córdoba,Córdoba Capital,1703,Ferreyra,0,0,16,0,4200000
Córdoba,Río Cuarto,1701,Ferrocarril de La Cárcel,0,0,2,1,720000
Córdoba,Córdoba Capital,1702,Ecogas,0,1,33,7,11960000
Córdoba,Río Cuarto,1700,Santa Teodora,0,0,6,0,1800000
Córdoba,Alta Gracia,5181,Parque San Juan,0,1,1,0,960000
Córdoba,Río Cuarto,1699,Santa Rosa,0,0,5,0,1200000
Córdoba,Córdoba Capital,1698,Los Artesanos,0,8,143,13,44980000
Córdoba,Córdoba Capital,1697,Las Delicias,0,2,22,2,8460000
Córdoba,La Ramada,5176,Altos de Piedra Blanca,0,1,0,0,250000
Córdoba,Bouwer,1696,Granja Valeriana,0,3,49,5,17240000
Córdoba,Río Cuarto,1694,El Acordeón,0,0,27,6,11600000
Córdoba,Córdoba Capital,1693,Parque Liceo Segunda Sección,0,0,22,2,6460000
Córdoba,Río Cuarto,1695,Ranqueles,0,4,28,6,11380000
Córdoba,Córdoba Capital,1692,Cooperativa Los Manantiales,0,0,15,0,4640000
Córdoba,Río Cuarto,5170,Escombrera,0,0,1,0,600000
Córdoba,Córdoba Capital,1691,Cabildo,0,0,11,0,3220000
Córdoba,Córdoba Capital,1690,Villa del Parque,1,0,13,2,4520000
Córdoba,Córdoba Capital,1689,Villa 27 de Abril,0,2,19,1,7080000
Córdoba,Córdoba Capital,1688,Comunidad Reno,0,12,123,7,39700000
Córdoba,Córdoba Capital,1687,El Triunfo,0,0,7,2,2020000
Córdoba,Río Cuarto,1685,Banda Norte,0,0,31,3,10050000
Córdoba,Río Cuarto,1686,Trulalá,0,0,5,3,3000000
Córdoba,Córdoba Capital,1684,La Tribu,0,1,16,5,5820000
Córdoba,Río Cuarto,1683,Las Delicias,0,7,169,9,58980000
Córdoba,Villa Carlos Paz,1682,El Fantasio,0,2,16,0,5880000
Córdoba,Córdoba Capital,1681,Veintiocho de Noviembre,0,7,98,2,31410000
Córdoba,Córdoba Capital,1678,Ampliación Pueyrredón,0,4,47,6,17950000
Córdoba,Córdoba Capital,1677,Nueva Esperanza,2,9,248,13,79460000
Córdoba,Tanti,1679,Villa Nueva,0,0,2,1,1060000
Córdoba,Córdoba Capital,1676,Doce de Julio,0,7,121,16,41360000
Córdoba,Córdoba Capital,1674,Las Tablitas,0,3,38,2,12940000
Córdoba,Córdoba Capital,1673,Pueblos Libres,0,1,13,3,4920000
Córdoba,Córdoba Capital,1672,Kilómetro 9 y Medio,0,0,3,0,840000
Córdoba,Córdoba Capital,1671,Camino San Andrés,0,1,15,3,4900000
Córdoba,Córdoba Capital,1670,Comunidad Marta Juana Gonzales,0,1,58,5,17290000
Córdoba,Córdoba Capital,1669,El Tinglado,0,3,31,5,12530000
Córdoba,Córdoba Capital,1667,El Bordo,0,4,25,2,9350000
Córdoba,Córdoba Capital,1668,José Ignacio Díaz I,0,1,17,2,6220000
Córdoba,Villa General Belgrano,1666,Villa Cal,0,0,1,0,240000
Córdoba,Villa Yacanto,1665,El Viejo Molino,0,2,27,2,10180000
Córdoba,Morteros,1664,Arsenal,0,1,1,3,2040000
Córdoba,Córdoba Capital,1663,Carrara,0,0,1,0,240000
Córdoba,Córdoba Capital,1662,Angeleli II,0,1,33,2,10380000
Córdoba,Córdoba Capital,1660,San Jorge,0,0,4,1,1440000
Córdoba,Córdoba Capital,1659,Pueblos Unidos,0,11,108,15,42710000
Córdoba,Córdoba Capital,1661,Comercial,0,0,15,2,5400000
Córdoba,Córdoba Capital,1658,Miralta II,0,3,23,1,8000000
Córdoba,Córdoba Capital,1657,Marechal,0,1,11,0,3100000
Córdoba,Córdoba Capital,1656,Villa Urquiza,0,1,16,8,8160000
Córdoba,Jesús María,1655,Sierras y Parques,0,0,15,2,5520000
Córdoba,Córdoba Capital,1654,Costa Cañada,0,2,40,4,13440000
Córdoba,Córdoba Capital,1653,Villa de Obras Sanitarias,0,2,19,3,8360000
Córdoba,Córdoba Capital,1651,Bajo Villa Belgrano,0,2,16,1,7920000
Córdoba,Córdoba Capital,1652,Villa La Vaquita Echada,0,1,23,3,8280000
Córdoba,Unquillo,1650,San José,0,0,14,2,4320000
Córdoba,Cuesta Blanca,1648,Comechingones,0,0,6,0,1540000
Córdoba,Córdoba Capital,1647,Villa Ávalos,0,3,72,7,24260000
Córdoba,Córdoba Capital,1646,Las Tablitas,0,1,29,4,9920000
Córdoba,Córdoba Capital,1641,Los 40 Guasos,1,3,24,8,13690000
Córdoba,Córdoba Capital,1645,Villa Capullo,1,3,62,11,25890000
Córdoba,Córdoba Capital,1644,Angelleli,0,6,47,5,18610000
Córdoba,Córdoba Capital,1642,El Marques de Sobremonte,0,1,35,2,9960000
Córdoba,Córdoba Capital,1640,El Trencito,0,0,33,4,10590000
Córdoba,Córdoba Capital,1639,Doce de Septiembre,0,6,178,14,54620000
Córdoba,Córdoba Capital,1637,Parque del Este,0,0,3,2,1320000
Córdoba,Córdoba Capital,3273,Cañada del Manantial Zona Sur,0,0,7,2,2500000
Córdoba,Córdoba Capital,3272,Villa Unión,0,2,101,8,33500000
Córdoba,Córdoba Capital,1636,Villa de Mafekin,0,1,23,2,7320000
Córdoba,Córdoba Capital,1635,Seis de Agosto,0,8,45,6,19040000
Córdoba,Córdoba Capital,1632,Villa Inés,0,2,32,3,10780000
Córdoba,Córdoba Capital,1634,Los Filtros,0,4,27,3,11300000
Córdoba,Córdoba Capital,1631,Muller,0,0,9,3,3240000
Córdoba,Córdoba Capital,1630,Complejo Yapeyú,0,1,38,2,11760000
Córdoba,Córdoba Capital,1629,Villa Los Chapones,0,0,12,1,3480000
Córdoba,Córdoba Capital,1628,Villa La Tabla,0,0,1,4,1320000
Córdoba,Córdoba Capital,1627,Campamento Ferroviario,0,2,9,3,4320000
Córdoba,Las Varillas,5180,Pueblo Chico,0,0,1,0,600000
Córdoba,Córdoba Capital,1625,La Lonja,0,4,107,5,33080000
Córdoba,Córdoba Capital,1624,La Toma,0,7,173,8,56210000
Córdoba,Córdoba Capital,1626,El Obrador,0,0,7,3,2740000
Córdoba,Córdoba Capital,1623,El Chaparral,0,2,30,4,9820000
Córdoba,Córdoba Capital,1622,Villa Pigüe,0,3,26,2,9360000
Córdoba,Córdoba Capital,1621,Anexo Pueyrredón,0,2,33,3,11840000
Córdoba,Córdoba Capital,1620,Ampliación Marcos Sastre,0,0,7,3,3120000
Córdoba,Córdoba Capital,1619,Nuevo Progreso,0,10,167,12,54890000
Córdoba,Córdoba Capital,1618,Villa Rivadavia Anexo A,0,5,92,6,29230000
Córdoba,Córdoba Capital,1708,Camino a Santa Bárbara,0,1,26,3,10230000
Córdoba,Malvinas Argentinas,1616,Costa Canal,1,0,13,6,5740000
Córdoba,Córdoba Capital,1617,Villa Urquiza,0,4,50,7,19220000
Córdoba,Córdoba Capital,1615,San Martín,0,1,4,0,1560000
Córdoba,Estacion Juárez Celman,1614,La Pastora,0,0,77,7,22060000
Córdoba,Córdoba Capital,1613,El Nylon,0,6,85,18,33480000
Córdoba,Córdoba Capital,1612,Las Huertillas,0,3,10,2,4520000
Córdoba,Córdoba Capital,1610,El Chaparral,1,2,81,6,27220000
Córdoba,Córdoba Capital,1609,Villas Las Inesitas,0,4,23,1,9480000
Córdoba,Córdoba Capital,1611,Las Galpones,0,3,54,3,17690000
Córdoba,Córdoba Capital,1608,José Ignacio Díaz,0,0,12,2,4430000
Córdoba,Córdoba Capital,1607,Bajada San José,0,8,114,12,42150000
Córdoba,Córdoba Capital,1606,El Tropezón,0,6,60,9,24950000
Córdoba,Córdoba Capital,1605,Miralta,0,1,25,7,9960000
Córdoba,Santa María,1604,Villa Bustos,0,0,1,0,240000
Córdoba,Cosquín,1603,Acceso Sur,0,0,1,0,360000
Córdoba,Córdoba Capital,1602,General Mosconi,0,2,63,4,20700000
Córdoba,Santa María,1600,Tillard,0,1,3,1,1560000
Córdoba,Córdoba Capital,1601,Residencia San Roque,0,8,40,6,23970000
Córdoba,Córdoba Capital,1598,Campo de La Ribera,0,1,55,4,16680000
Córdoba,Córdoba Capital,1597,Villa de Remedios de Escalada,2,2,141,16,45420000
Córdoba,Córdoba Capital,1596,San Alberto,0,12,133,16,51640000
Córdoba,General Cabrera,1595,Hipódromo,0,0,1,2,720000
Córdoba,Colonia Caroya,1594,Los Álamos,0,1,6,0,2040000
Córdoba,Córdoba Capital,1591,Ampliación Lamadrid,0,4,64,4,21660000
Córdoba,La Falda,1593,El Rincón de Los Hornos,0,0,7,0,1680000
Córdoba,Alta Gracia,1592,Primero de Mayo,0,7,114,12,42170000
Córdoba,Villa Giardino,1590,Costanera Portecelo,0,0,1,1,480000
Córdoba,Alta Gracia,1589,La Perla,1,10,90,6,35830000
Córdoba,Córdoba Capital,1588,Villa La Tela,1,30,369,38,131860000
Córdoba,Córdoba Capital,1587,Las Violetas,0,1,42,3,16400000
Córdoba,Estacion Juárez Celman,1582,Ciudad Oculta,1,3,43,14,20220000
Córdoba,Córdoba Capital,1583,Villa Siburu,0,10,106,17,45420000
Córdoba,Córdoba Capital,1586,Villa Martínez,0,7,105,5,33120000
Córdoba,Villa Allende,1585,La Cruz,0,0,4,0,960000
Córdoba,Córdoba Capital,1581,Asociación Civil 2 de Abril,0,0,21,0,6480000
Córdoba,Villa María,"4227* ",Las Playas,0,0,18,2,4660000
Córdoba,Cosquín,"1680* ",San José Obrero,0,0,16,0,3840000
Córdoba,Villa Carlos Paz,2548,La Costa del Río,0,5,40,4,16040000
Córdoba,Córdoba Capital,4774,Yofre Sur,0,2,21,0,10160000
Córdoba,Malvinas Argentinas,4515,Chacra de La Merced V,0,0,11,1,3000000
Córdoba,Alta Gracia,5182,Asociación la Esperanza,0,3,13,1,9370000
Córdoba,Villa Dolores,5178,San Pablo,0,0,1,0,250000
Córdoba,Río Segundo,5175,El Vado,2,1,2,0,3000000
Córdoba,Villa De María,5171,Villa Alicia,0,1,2,0,1210000
Córdoba,Villa Giardino,5169,La Higuerita,0,1,0,1,850000
Córdoba,Villa Carlos Paz,5165,Colinas,0,2,5,0,4200000
Córdoba,Villa Nueva,5163,Florida,0,1,9,0,4560000
Córdoba,Villa María,5162,Barrancas del Sur,0,0,1,1,960000
Córdoba,Villa María,5161,Santa Clara,0,2,1,0,1450000
Córdoba,Cruz Del Eje,5154,La Curva,0,1,5,3,5050000
Córdoba,Cruz Del Eje,5152,San Antonio,0,1,5,0,3250000
Córdoba,Saldán,5148,Alto Manantiales,0,2,0,0,1200000
Córdoba,Colonia Caroya,5141,Malabrigo,0,0,5,1,1840000
Córdoba,Córdoba Capital,5138,Una Esperanza,0,1,3,0,2400000
Córdoba,Córdoba Capital,5137,Mariano Fragueiro Anexo,0,0,4,0,2050000
Córdoba,Córdoba Capital,5136,Villa La Tela,0,3,8,1,5380000
Córdoba,Córdoba Capital,5131,Cooperativa Cardozo,0,2,4,0,2900000
Córdoba,Córdoba Capital,5129,Villa Hermosa,0,0,9,0,3460000
Córdoba,Córdoba Capital,5126,Las Acacias,0,1,0,0,600000
Córdoba,Córdoba Capital,5124,Cabildo Anexo,0,0,13,0,7100000
Córdoba,Córdoba Capital,5123,Liceo II,0,0,1,0,360000
Córdoba,Córdoba Capital,5122,Nuestro Hogar III Anexo 2,0,3,11,1,6790000
Córdoba,Córdoba Capital,1580,El Milagro,0,0,38,6,12000000
Córdoba,Salsipuedes,4785,Villa Las Selvas,0,0,0,1,600000
Córdoba,Córdoba Capital,4765,Cooperativa San Carlos,0,2,2,1,3000000
Córdoba,Unquillo,4795,Tortosa,1,1,7,0,4440000
Córdoba,Unquillo,4794,San Miguel,0,0,1,0,360000
Córdoba,Capilla Del Monte,4792,Zapato Norte,0,0,1,0,250000
Córdoba,Córdoba Capital,4791,Granja Funes II,0,1,3,1,2160000
Córdoba,Córdoba Capital,4790,El Milagro de los Niños,0,2,4,0,3240000
Córdoba,Córdoba Capital,4788,Zepa C,0,3,12,2,7660000
Córdoba,Córdoba Capital,4786,Cooperativa Argüello,1,5,7,2,7290000
Córdoba,Capilla Del Monte,4783,Ecológico Águila Blanca,1,0,1,0,960000
Córdoba,Córdoba Capital,4782,Mirizzi,0,0,2,0,960000
Córdoba,Córdoba Capital,4780,Cortaderos Norte,0,0,2,0,850000
Córdoba,Córdoba Capital,4778,Villa Cornú,0,0,17,1,8020000
Córdoba,Córdoba Capital,4776,Emanuel I,0,1,5,0,3250000
Córdoba,Córdoba Capital,4775,Quince de Abril,0,2,6,0,4100000
Córdoba,Córdoba Capital,4773,Ampliación Yapeyú,0,0,6,0,2190000
Córdoba,Córdoba Capital,4772,Cerrito,0,0,11,2,4550000
Córdoba,Córdoba Capital,4771,Ampliación Argüello Lourdes,0,1,1,1,1800000
Córdoba,Córdoba Capital,4770,Cooperativa Manantiales II,0,0,5,0,2280000
Córdoba,Córdoba Capital,4767,Ampliación Primero de Julio,0,4,23,0,10640000
Córdoba,Córdoba Capital,4766,Cooperativa Arco Iris,0,0,2,1,1200000
Córdoba,Córdoba Capital,4779,Villa Libertador,0,2,10,3,6610000
Córdoba,Córdoba Capital,1638,Bajo Yapeyú,0,3,41,1,12710000
Córdoba,Córdoba Capital,4622,Bajo Pueyrredón,0,6,112,20,43940000
Córdoba,Córdoba Capital,4625,Felipe Varela,0,6,48,1,19900000
Córdoba,Córdoba Capital,4621,Barranca Yaco,0,4,89,15,30700000
Córdoba,La Calera,4624,Loma de La Cruz,0,3,116,4,33480000
Córdoba,La Calera,4578,Bamba,0,0,0,1,600000
Entre Ríos,Paraná,4489,Los Berros,0,1,14,1,5520000
Entre Ríos,Paraná,4488,Cortada 832,0,1,18,0,5280000
Entre Ríos,El Espinillo,4678,El Espinillo,0,1,3,0,2400000
Entre Ríos,Concordia,4682,Villa Adela,0,0,19,0,9060000
Entre Ríos,Paraná,4705,J. J. Urquiza,0,3,6,4,6360000
Entre Ríos,Concepción Del Uruguay,4225,San Isidro,1,0,21,10,9440000
Entre Ríos,Concepción Del Uruguay,4224,FAPU,0,1,12,2,4800000
Entre Ríos,Concepción Del Uruguay,4223,Los Palos,0,3,19,0,8040000
Entre Ríos,Bovril,5621,Sin Nombre,0,0,1,0,360000
Entre Ríos,La Paz,5624,Los Mirasoles,1,0,1,0,1200000
Entre Ríos,La Paz,4178,La Milagrosa Norte,1,2,66,10,24940000
Entre Ríos,La Paz,4176,La Milagrosa Sur,0,1,8,0,3100000
Entre Ríos,La Paz,4175,Margarita,0,0,16,1,4440000
Entre Ríos,La Paz,4174,La Pasarela,0,0,6,1,2040000
Entre Ríos,La Paz,4170,Ribera del Paraná,0,0,6,1,2640000
Entre Ríos,La Paz,4168,Papa Francisco,0,0,27,0,7320000
Entre Ríos,Colón,4167,Tiro Sur,0,2,14,0,7080000
Entre Ríos,Colón,4166,Juan Domingo Perón,0,0,2,2,1680000
Entre Ríos,Colón,4165,San Francisco,0,0,1,1,960000
Entre Ríos,Paraná,2692,El Triángulo,0,0,16,0,3820000
Entre Ríos,Paraná,2690,Nueva Esperanza,0,3,21,0,7560000
Entre Ríos,Paraná,2694,J Newbery Este,0,2,18,2,6470000
Entre Ríos,Paraná,2699,Sachetti,1,1,7,0,2760000
Entre Ríos,Paraná,2706,Tiro Federal,0,0,4,0,1320000
Entre Ríos,Paraná,2710,La Delfina,0,3,17,2,7440000
Entre Ríos,Paraná,2711,Belgrano,0,3,40,3,14980000
Entre Ríos,Paraná,2716,Padre Kohlberg,0,2,5,0,3110000
Entre Ríos,Paraná,2720,Puerto Sánchez,0,2,21,1,7920000
Entre Ríos,Paraná,2703,Veinticinco de Mayo e Itatí,0,0,5,0,1440000
Entre Ríos,Paraná,2722,Hijos de María,1,4,54,4,18520000
Entre Ríos,Colonia Avellaneda,2717,La Lonja,0,1,10,1,4440000
Entre Ríos,San Benito,2718,San Pedro,0,1,32,2,12000000
Entre Ríos,Paraná,2713,Antártida,1,2,87,7,31400000
Entre Ríos,Paraná,2714,El Sol,0,1,44,4,14210000
Entre Ríos,Paraná,2708,Gaucho Rivero,0,2,60,3,18300000
Entre Ríos,Paraná,2696,Los Hornos,0,3,11,1,6340000
Entre Ríos,Paraná,2697,Villa Almendral,0,0,8,1,2640000
Entre Ríos,Paraná,2701,Pancho Ramírez,0,2,20,2,7040000
Entre Ríos,Paraná,2693,Paraná Calle Cavallo,0,2,1,0,1560000
Entre Ríos,La Paz,4169,Sin Ley,0,6,14,1,10210000
Entre Ríos,Paraná,2700,Villa María,0,3,49,3,16720000
Entre Ríos,Gualeguay,3677,30 Casillas,0,0,9,2,3240000
Entre Ríos,Concepción Del Uruguay,3678,Circuito Mena,1,2,64,11,21580000
Entre Ríos,Gualeguay,3675,San Roque,0,0,33,5,10540000
Entre Ríos,Concepción Del Uruguay,3674,Villa Itapé,0,0,8,0,2040000
Entre Ríos,Concepción Del Uruguay,3673,Cristo de Los Olivos,0,0,10,0,2380000
Entre Ríos,Diamante,3671,Puerto Viejo,0,3,32,1,10160000
Entre Ríos,Gualeguaychú,5189,Los Espinillos,1,4,4,0,5160000
Entre Ríos,Diamante,3670,Urquiza,0,0,21,2,6060000
Entre Ríos,Diamante,3669,Puerto Nuevo,1,2,20,0,6940000
Entre Ríos,Gualeguay,3667,Santa Rita,0,0,1,1,480000
Entre Ríos,Gualeguay,3666,El Minuan,0,5,46,5,15000000
Entre Ríos,Concepción Del Uruguay,3665,La Mandarina,0,3,73,9,25130000
Entre Ríos,Concepción Del Uruguay,3662,Concepción,0,1,18,1,5620000
Entre Ríos,Rincón de Nogoyá,5194,Nuestra Señora del Progreso,0,1,1,0,1200000
Entre Ríos,Federación,3661,Cristo Obrero,0,0,1,1,1200000
Entre Ríos,Concepción Del Uruguay,3660,El Basural Viejo,1,0,7,1,2520000
Entre Ríos,Concepción Del Uruguay,3658,Villa Loma Sur,0,0,4,1,1320000
Entre Ríos,Chajarí,3657,Chaco,0,0,2,0,960000
Entre Ríos,Rosario Del Tala,3656,Los Bretes,0,0,4,2,1440000
Entre Ríos,Rosario Del Tala,3654,El Pueblito,0,0,9,0,2500000
Entre Ríos,Nogoyá,3653,Las Ranas,0,0,2,1,720000
Entre Ríos,Diamante,3652,Los Bretes,1,0,3,1,1560000
Entre Ríos,Nogoyá,3650,Don Gerónimo,0,0,1,0,240000
Entre Ríos,Concepción Del Uruguay,3649,Lanús,0,0,9,1,2740000
Entre Ríos,Gualeguaychú,3648,Tropas,0,1,44,3,13560000
Entre Ríos,Concordia,5186,Islas Malvinas,1,1,7,0,3370000
Entre Ríos,Concepción Del Uruguay,3647,Cantera 25,0,2,42,6,14580000
Entre Ríos,Concepción Del Uruguay,3646,San Cayetano,0,3,9,1,4440000
Entre Ríos,Gualeguaychú,3645,Calle Las Tropas,0,1,1,0,960000
Entre Ríos,Gualeguaychú,3644,Sin Nombre,0,2,10,0,5310000
Entre Ríos,Concepción Del Uruguay,3641,Villa Industrial,1,2,13,2,5260000
Entre Ríos,Gualeguaychú,3640,Lapalma y Primero de Mayo,0,0,4,0,1080000
Entre Ríos,Concepción Del Uruguay,3639,La Asfáltica,0,0,4,0,960000
Entre Ríos,Gualeguaychú,3638,Tablita II,0,1,7,1,3370000
Entre Ríos,Gualeguay,3637,Evita,0,0,14,2,4800000
Entre Ríos,Concepción Del Uruguay,3636,La Tablada,0,0,29,5,8520000
Entre Ríos,Gualeguay,3634,Dunat,0,0,12,1,3200000
Entre Ríos,Concepción Del Uruguay,3633,La Higuera,0,0,33,1,10300000
Entre Ríos,Gualeguay,3632,Diecisiete de Octubre,0,0,10,3,4180000
Entre Ríos,La Paz,4173,La Ribera,0,8,57,6,24480000
Entre Ríos,Concepción Del Uruguay,3643,La Curva,0,0,9,1,2260000
Entre Ríos,Victoria,3651,El Quinto,0,3,31,7,11840000
Entre Ríos,Diamante,3655,San Martín,0,2,20,1,6840000
Entre Ríos,Chajarí,3659,Salto,0,0,4,0,960000
Entre Ríos,La Paz,4171,La Feria,2,1,8,4,5280000
Entre Ríos,La Paz,4172,Cabayú Cuatiá,0,0,2,0,480000
Entre Ríos,Gualeguaychú,5190,Quijano,0,1,2,0,1800000
Entre Ríos,Diamante,3672,Paso del Rey,0,0,2,2,1320000
Entre Ríos,Villa Paranacito,5191,Arcoiris,0,1,0,0,600000
Entre Ríos,Concepción Del Uruguay,3676,Frigorífico Beccar,0,0,7,1,1920000
Entre Ríos,San José,3668,El Brillante,0,0,17,3,6250000
Entre Ríos,Concordia,3140,Golf Oeste,0,0,12,2,3460000
Entre Ríos,Concordia,3139,Las Palmeras,0,2,3,1,2640000
Entre Ríos,Concordia,3138,Vías de Osvaldo Mangasco,0,1,10,0,4800000
Entre Ríos,Concordia,3166,Carretera La Cruz,1,5,144,14,55880000
Entre Ríos,Concordia,3165,Belgrano Sur,0,4,40,1,15150000
Entre Ríos,Concordia,3164,Victorino Simón,0,3,26,2,10800000
Entre Ríos,Concordia,3163,Vías de Tavella Norte,0,2,16,1,5870000
Entre Ríos,Concordia,3161,Viña,0,8,186,17,62180000
Entre Ríos,Concordia,3159,Islas Malvinas,0,0,22,1,6100000
Entre Ríos,Concordia,3158,Isla Maciel,0,4,62,1,20400000
Entre Ríos,Concordia,3157,Don Jorge,0,4,99,4,30500000
Entre Ríos,Concordia,3156,Los Pájaros,0,5,105,17,38840000
Entre Ríos,Concordia,3155,Capricornio,0,0,9,1,3130000
Entre Ríos,Concordia,3154,Villa Cresto,0,4,63,7,22200000
Entre Ríos,Concordia,3153,Constitución,0,0,29,1,7980000
Entre Ríos,Concordia,3152,San Jorge,0,1,21,0,6960000
Entre Ríos,Concordia,3151,Fátima II,0,3,54,5,19870000
Entre Ríos,Concordia,3150,Colonia Roca,0,0,3,2,1560000
Entre Ríos,Concordia,3149,Colonia Roca,1,2,28,4,11300000
Entre Ríos,Concordia,3148,Ex Aeroclub,0,6,100,8,38720000
Entre Ríos,Concordia,3147,Pompeya Sur,0,0,1,2,720000
Entre Ríos,Concordia,3146,San Pantaleón,0,2,32,3,10780000
Entre Ríos,Concordia,3145,La Tablita,1,2,6,2,3730000
Entre Ríos,Concordia,3144,Cipo,0,4,45,3,16000000
Entre Ríos,Concordia,3143,Calle Sara Neira,0,1,3,2,3000000
Entre Ríos,Concordia,3142,Pampa Soler,0,11,298,26,98190000
Entre Ríos,Concordia,3141,Juan XXIII,0,1,7,0,2480000
Entre Ríos,Concordia,3136,Villa Busti,0,1,13,0,5520000
Entre Ríos,Concordia,3134,Monseñor Rosch,0,0,2,0,480000
Entre Ríos,Concordia,3133,Diamante,0,0,16,0,3900000
Entre Ríos,Concordia,3132,Gerardo Yoya II,0,0,15,3,5400000
Entre Ríos,Concordia,3131,Diecisiete de Octubre,0,1,33,2,9760000
Entre Ríos,Concordia,3130,Universidad,0,1,3,0,2040000
Entre Ríos,Concordia,3129,Nebel,0,5,24,0,12640000
Entre Ríos,Concordia,3128,Leoncio de Luque,0,2,6,0,3030000
Entre Ríos,Concordia,3127,La Mora,0,0,3,0,1080000
Entre Ríos,Concordia,3126,Tucu Tucu,0,1,7,1,3600000
Entre Ríos,Concordia,3125,Tiro Federal,0,0,4,1,2040000
Entre Ríos,Concordia,3124,Sarmiento,2,11,125,16,50620000
Entre Ríos,Concordia,3123,San Miguel II,0,0,28,1,9820000
Entre Ríos,Concordia,3122,Las Colinas,0,5,116,9,38440000
Entre Ríos,Concordia,3121,Llamarada,0,1,77,8,22300000
Entre Ríos,Concordia,3120,Don Jorge,0,1,26,1,8260000
Entre Ríos,Concordia,3119,Nueva Esperanza,2,12,177,11,67140000
Entre Ríos,Concordia,3118,80 Viviendas III,0,2,55,6,17120000
Entre Ríos,Concordia,3117,80 Viviendas II,0,2,39,2,14160000
Entre Ríos,Santa Elena,5627,Chaco,0,1,1,0,960000
Entre Ríos,Paraná,5634,Espejo Sur,1,0,0,0,600000
Entre Ríos,Paraná,2702,Ciudad de Paraná,0,0,11,0,3120000
Entre Ríos,Paraná,2723,Macarone,0,7,68,6,28620000
Entre Ríos,Paraná,2719,Cantera Yatay,0,2,9,1,3710000
Entre Ríos,Paraná,2721,El Morro,0,1,41,6,15720000
Entre Ríos,Paraná,2715,Santa Lucía,0,0,53,4,19080000
Entre Ríos,Paraná,2712,Barranquitas,0,2,24,2,8760000
Entre Ríos,Paraná,2707,Cortada 351,0,5,67,4,23280000
Entre Ríos,Paraná,2705,San Cayetano,0,1,14,1,4780000
Entre Ríos,Paraná,2704,La Milagrosa,0,1,19,0,7810000
Entre Ríos,Paraná,2698,Ciudad Perdida,0,0,14,0,4110000
Entre Ríos,Paraná,2695,Veinte de Junio,0,1,7,0,2640000
Entre Ríos,Paraná,2670,La Toma Nueva,0,4,101,1,34200000
Entre Ríos,Paraná,2687,Las Piedras,0,4,6,0,3960000
Entre Ríos,Paraná,2691,Arévalo,0,0,5,1,1560000
Entre Ríos,Paraná,2686,Capiba,0,9,87,1,33310000
Entre Ríos,Paraná,2689,Juan Pablo II,0,0,19,1,5640000
Entre Ríos,Paraná,2688,Radar,0,1,32,5,12610000
Entre Ríos,Paraná,2685,San Martín,0,2,89,3,27280000
Entre Ríos,Paraná,2684,Veinticinco de Junio,0,0,9,0,3120000
Entre Ríos,Paraná,2683,Humito,0,8,98,4,31970000
Entre Ríos,Paraná,2682,Bajo España,0,1,17,4,7680000
Entre Ríos,Paraná,2681,General Mosconi Viejo,1,9,107,9,39760000
Entre Ríos,Paraná,2680,Puerto Viejo,0,6,53,4,21070000
Entre Ríos,Paraná,2679,El Perejil,0,4,42,1,13230000
Entre Ríos,Paraná,2678,Bajada Grande,0,10,303,16,99730000
Entre Ríos,Paraná,2677,Illia,1,1,41,2,13900000
Entre Ríos,Paraná,2676,Las Rosas,0,0,6,0,1920000
Entre Ríos,Paraná,2675,El Trébol,1,2,12,3,6080000
Entre Ríos,Paraná,2674,Cuatro de Junio,1,4,81,7,28310000
Entre Ríos,Villaguay,5637,La Oveja Muerta,0,0,3,0,960000
Entre Ríos,Villaguay,5635,Brasil,0,0,1,0,600000
Entre Ríos,Paraná,5633,Ciudad Nueva,0,0,1,0,600000
Entre Ríos,Paraná,5630,Anacleto Medina,1,0,13,2,7680000
Entre Ríos,Cerrito,5628,General Paz,0,0,0,1,360000
Entre Ríos,Paraná,2673,San José,0,1,28,2,9200000
Entre Ríos,Paraná,2672,Estación Parera,0,5,55,1,21340000
Entre Ríos,Paraná,2671,Camino Costero,0,0,4,0,940000
Entre Ríos,Paraná,2669,Los Arenales,0,3,89,4,30080000
Entre Ríos,Santa Elena,5623,Hipodromo,0,0,4,0,2160000
Entre Ríos,Federal,5620,Silbido,0,2,2,0,1700000
Entre Ríos,Diamante,5619,San Francisco Javier,1,0,5,1,3480000
Entre Ríos,La Paz,4177,Puerto Márquez,0,0,6,0,2040000
Entre Ríos,Rincón de Nogoyá,5193,Los Cerros,0,1,0,0,600000
Entre Ríos,Los Charrúas,5187,Triángulo,0,3,3,0,3250000
Entre Ríos,Concordia,5185,El Silencio,0,2,8,0,3870000
Entre Ríos,Concordia,5184,San Francisco Este,0,1,15,2,8730000
Entre Ríos,Concepción Del Uruguay,3664,Puerto Viejo,0,0,17,1,4900000
Entre Ríos,Paraná,4706,Parque Industrial,0,2,6,0,3390000
Entre Ríos,La Paz,4704,Siete Viviendas,0,0,5,0,1800000
Entre Ríos,Paraná,4702,El Huesito,0,0,2,0,840000
Entre Ríos,Diamante,4698,Martín Fierro,0,0,5,0,2760000
Entre Ríos,Paraná,4697,Frente al 98,0,1,5,2,4080000
Entre Ríos,Concordia,4679,La Blanca,0,0,9,1,4560000
Entre Ríos,Concordia,4681,Tavella Sur,0,0,3,0,1110000
Entre Ríos,Concordia,4680,Las Tablitas,0,2,12,0,6160000
Entre Ríos,Concordia,4677,Don Jorge,0,0,2,2,1920000
Entre Ríos,Santa Elena,5625,Pileta de Los doctores,0,1,1,0,1200000
Formosa,Formosa,4505,San Juan II,0,1,12,3,4800000
Formosa,Formosa,4504,Itatí II,0,5,31,4,12840000
Formosa,Formosa,4503,Veinticinco de Mayo,0,1,14,1,4760000
Formosa,Formosa,4350,Urbanización Maroma,0,1,61,10,24750000
Formosa,Formosa,4349,Las Orquídeas,0,1,53,12,22540000
Formosa,Formosa,4348,Los Inmigrantes,0,2,23,4,8040000
Formosa,Formosa,4347,Stella Maris,0,3,34,3,13060000
Formosa,Clorinda,3869,Villa 49,0,0,6,6,2980000
Formosa,Las Lomitas,3868,Industrial,0,0,34,8,14880000
Formosa,Las Lomitas,3718,Brete,0,0,8,2,3240000
Formosa,Las Lomitas,3719,San José Obrero,0,1,20,5,6970000
Formosa,Las Lomitas,3717,Matadero,0,0,1,0,100000
Formosa,Las Lomitas,3716,El Triángulo,0,0,19,1,5000000
Formosa,Las Lomitas,3715,Garita,0,1,11,0,4320000
Formosa,Las Lomitas,3714,Agua Potable,0,0,0,1,240000
Formosa,Las Lomitas,3713,La Isla Dorada,0,0,4,0,1680000
Formosa,Las Lomitas,3712,El Talar,0,0,13,3,4920000
Formosa,Las Lomitas,3711,Emeta,0,2,38,5,13860000
Formosa,Las Lomitas,3710,Nueva Esperanza,0,5,93,14,38170000
Formosa,Ingeniero Juárez,3708,San Martín I,0,5,41,3,18580000
Formosa,Ingeniero Juárez,3707,San Cayetano,0,1,18,4,5940000
Formosa,Ingeniero Juárez,3706,Cargadero,0,0,5,0,1440000
Formosa,Ingeniero Juárez,3704,Barrio Norte,0,2,39,7,17290000
Formosa,Ingeniero Juárez,3703,Palo Santo,1,0,26,6,11860000
Formosa,El Colorado,3702,Dos de Abril,0,0,35,5,11000000
Formosa,Pirané,3699,Centenario Sur,0,2,29,4,12350000
Formosa,Pirané,3698,La Esperanza,0,2,27,4,10180000
Formosa,Pirané,3697,Doce de Octubre,0,4,90,9,35110000
Formosa,Pirané,3696,San Nicolás,0,1,27,7,11830000
Formosa,Pirané,3695,Caacupé,0,1,34,3,13400000
Formosa,Pirané,3694,San Juan,0,2,51,7,18900000
Formosa,Pirané,3693,San Miguel,1,3,38,5,14700000
Formosa,Pirané,3691,San Antonio,0,1,35,6,13540000
Formosa,Pirané,3690,Evita,0,1,55,5,19120000
Formosa,Pirané,3689,Lagunita,0,3,29,0,10680000
Formosa,Clorinda,3687,San Miguel,1,3,123,13,41250000
Formosa,Clorinda,3686,Veinticinco de Mayo,0,1,16,1,7830000
Formosa,Clorinda,3685,El Porteñito,0,0,28,4,9320000
Formosa,Clorinda,3684,Porteño Norte,0,9,210,17,73440000
Formosa,Clorinda,3683,Soldado José Coronel,1,0,35,4,12120000
Formosa,Clorinda,3682,Guadalupe,0,0,100,9,31880000
Formosa,Clorinda,3681,Veinticinco de Mayo I,1,5,155,23,59710000
Formosa,Clorinda,3680,San José,0,2,19,2,7180000
Formosa,Clorinda,3679,ACA,0,3,167,15,56930000
Formosa,Clorinda,5282,Veintinueve de Septiembre,0,4,2,0,2900000
Formosa,Pirané,3688,San José Obrero,0,1,69,12,28170000
Formosa,Pirané,3692,Veinte de Junio,0,2,69,6,24260000
Formosa,El Colorado,3700,Doce de Octubre,0,1,29,8,12110000
Formosa,Ingeniero Juárez,3705,Santa Rita,0,2,41,13,20990000
Formosa,Ingeniero Juárez,3709,Virgen del Carmen,0,3,34,5,13300000
Formosa,Villa del Carmen,3064,Villa del Carmen I,0,6,97,20,37780000
Formosa,Villa del Carmen,3062,Santa Isabel,0,2,19,4,8040000
Formosa,Formosa,3080,Laguna Siam,0,1,25,6,8740000
Formosa,Formosa,3091,San Juan I,0,7,80,12,34840000
Formosa,Formosa,3090,Fachini,0,2,49,3,16870000
Formosa,Formosa,3089,El Porvenir,0,0,4,4,1830000
Formosa,Formosa,3088,El Palomar,0,6,202,23,67960000
Formosa,Formosa,3086,Villa Hermosa,0,1,43,4,12710000
Formosa,Formosa,3085,Santa Rosa,0,2,42,3,12940000
Formosa,Formosa,3084,Medalla Milagrosa,0,2,46,6,17640000
Formosa,Formosa,3083,San José Obrero,0,1,33,4,10660000
Formosa,Formosa,3082,San Juan Bautista,0,1,51,7,18970000
Formosa,Formosa,3081,La Palomita,0,3,43,8,18100000
Formosa,Formosa,3079,La Floresta,0,5,87,17,32260000
Formosa,Formosa,3078,La Delicia,0,2,56,2,16900000
Formosa,Formosa,3077,Lote Rural 3 Bis,0,2,17,3,6700000
Formosa,Formosa,3076,Simon Bolívar,0,30,531,62,195170000
Formosa,Formosa,3074,Eva Perón,0,7,156,21,60360000
Formosa,Formosa,3073,El Quebranto,0,1,62,6,21300000
Formosa,Formosa,3072,San Martín,0,0,9,0,2520000
Formosa,Formosa,3071,Villa Lourdes,1,3,36,6,13520000
Formosa,Formosa,3070,Lote Rural 148,0,2,4,1,2640000
Formosa,Formosa,3069,Doce de Octubre,0,7,112,20,50730000
Formosa,Formosa,3068,Sagrado Corazón de María,2,6,121,20,49140000
Formosa,Formosa,3067,El Quebrachito,0,3,94,19,34330000
Formosa,Formosa,3066,Lote Rural 222,0,0,4,1,1900000
Formosa,Villa del Carmen,3065,Villa del Carmen II,0,1,2,2,1800000
Formosa,Villa del Carmen,3061,Carlitos Menem Junior,0,0,25,1,9600000
Formosa,Villa del Carmen,3060,Acceso Tres Marías,0,0,5,0,1800000
Formosa,Villa del Carmen,3059,Virgen de Pompeya,0,1,21,2,7080000
Formosa,Formosa,3058,Sagrado Corazón,0,1,11,1,5520000
Formosa,Formosa,3057,Laura Vicuña,0,3,46,9,18600000
Formosa,Formosa,3056,Acceso A Curuzú La Novia,0,1,12,1,4440000
Formosa,Riacho He-He,5284,Zona Sur,0,1,1,0,1200000
Formosa,Villa General Güemes,5279,San Agustín,0,0,1,0,250000
Formosa,Estanislao Del Campo,5272,Alberdi,0,1,0,1,1200000
Formosa,Ingeniero Juárez,5268,La Esperanza,3,0,1,0,2400000
Formosa,Formosa,4506,Divino Niño,0,2,22,1,8400000
Formosa,Formosa,4638,Lote 67,1,2,7,23,16440000
Jujuy,Bananal,4668,Papa Francisco,1,4,6,0,6120000
Jujuy,Los Lapachos,4255,Treinta y Uno de Julio,0,3,48,0,13200000
Jujuy,San Pedro De Jujuy,3211,Ejército del Bordo,0,1,4,0,1920000
Jujuy,San Salvador De Jujuy,3180,Xibi Xibi II,0,1,20,5,8280000
Jujuy,San Salvador De Jujuy,3247,Sagrado Corazón,0,1,8,1,3720000
Jujuy,San Salvador De Jujuy,3179,Atalaya,0,0,8,0,3480000
Jujuy,Palpalá,3263,Las Tipas,0,1,26,2,7680000
Jujuy,Perico,3271,Loteo Sola,0,4,23,6,11280000
Jujuy,Palpalá,3269,Las Tipas II,0,17,191,21,66480000
Jujuy,San Salvador De Jujuy,3268,Loteo Barcena Sur,0,4,60,6,21580000
Jujuy,San Salvador De Jujuy,3267,Obrero,1,13,100,5,38380000
Jujuy,San Pablo De Reyes,3266,Los Molinos Sector II,0,5,38,3,15120000
Jujuy,San Pedro De Jujuy,3265,Veinticinco de Mayo,0,2,46,8,17980000
Jujuy,San Salvador De Jujuy,3264,Isla de Villa San Martín,0,5,22,3,9620000
Jujuy,San Salvador De Jujuy,3262,Villa Angola,0,4,12,2,6220000
Jujuy,San Salvador De Jujuy,3261,El Milagro,0,2,20,2,7440000
Jujuy,San Salvador De Jujuy,3260,Cinco de Agosto,0,2,7,0,3240000
Jujuy,Libertador General San Martín,3259,Avenida Wollmann Barrio Los Ceibos,0,1,19,2,5760000
Jujuy,San Salvador De Jujuy,3258,Río Grande,0,4,21,1,10350000
Jujuy,San Salvador De Jujuy,3257,La Candelaria,0,4,16,1,7160000
Jujuy,Monterrico,3256,San Martín,0,5,64,7,21450000
Jujuy,Palpalá,3255,Los Alisos,0,0,5,0,1320000
Jujuy,San Salvador De Jujuy,3254,Finca Escaro,0,0,4,0,1440000
Jujuy,San Salvador De Jujuy,3253,Primero de Agosto,0,2,9,1,3960000
Jujuy,San Salvador De Jujuy,3252,Nueve de Julio,1,4,45,4,16060000
Jujuy,Libertador General San Martín,3251,El Triángulo,0,14,172,15,62720000
Jujuy,San Pedro De Jujuy,3250,Mina Puloy,0,0,1,5,2160000
Jujuy,Monterrico,3249,Virgen de Guadalupe,0,2,21,0,6680000
Jujuy,Monterrico,3248,Dos de Agosto,0,1,22,2,7440000
Jujuy,San Salvador De Jujuy,3246,Huayco Chico,0,0,4,0,960000
Jujuy,San Salvador De Jujuy,3245,Tres de Agosto,1,9,100,13,38220000
Jujuy,San Salvador De Jujuy,3244,Ciudad de Nieva,0,0,5,2,2520000
Jujuy,San Salvador De Jujuy,3242,Xibi Xibi,0,1,10,0,3360000
Jujuy,San Salvador De Jujuy,3241,Costa Esperanza,0,6,18,3,10200000
Jujuy,San Salvador De Jujuy,3240,Pedrito II,0,12,86,1,31520000
Jujuy,San Salvador De Jujuy,3239,Alberdi,0,0,34,1,10540000
Jujuy,Los Alisos,3238,Laura Ruth Navea,0,5,60,5,21290000
Jujuy,Los Alisos,3237,El Duraznito,0,1,2,0,1800000
Jujuy,Palpalá,3236,San Roque,0,7,44,7,20990000
Jujuy,San Salvador De Jujuy,3235,Aeroclub,1,48,556,55,199770000
Jujuy,San Salvador De Jujuy,3233,Mirador II,0,4,51,5,17860000
Jujuy,San Salvador De Jujuy,3232,El Mirador Bis,0,1,13,2,4660000
Jujuy,Palpalá,3231,La Bombonera,0,1,4,0,1680000
Jujuy,San Salvador De Jujuy,3230,Che Guevara,0,1,9,3,4690000
Jujuy,San Salvador De Jujuy,3229,Imperio,0,0,15,1,5380000
Jujuy,San Salvador De Jujuy,3228,17 Hectáreas,0,1,18,1,5600000
Jujuy,La Quiaca,3227,Pasaje Urquiza,0,1,6,1,2280000
Jujuy,Humahuaca,3226,Mirador II,0,3,18,2,7060000
Jujuy,Humahuaca,3223,La Soledad,1,0,5,0,2160000
Jujuy,Humahuaca,3222,Siete de Agosto,0,0,9,0,2520000
Jujuy,Humahuaca,3221,Quebrada La Cancha,0,0,4,0,960000
Jujuy,Humahuaca,3220,Mirador I,0,0,29,3,8760000
Jujuy,Humahuaca,3219,San José Bajo Vialidad,0,0,2,0,840000
Jujuy,San Salvador De Jujuy,3218,Cuatro de Agosto II,0,5,104,12,34500000
Jujuy,San Salvador De Jujuy,3217,Las Lagunas,0,1,4,0,1680000
Jujuy,San Salvador De Jujuy,3216,Coraya,0,0,4,0,820000
Jujuy,San Salvador De Jujuy,3215,La Loma,0,5,31,5,12660000
Jujuy,San Salvador De Jujuy,3214,Chijra,0,1,21,2,7180000
Jujuy,San Salvador De Jujuy,3213,Radio Estación,0,0,10,0,3120000
Jujuy,San Pedro De Jujuy,3212,Virgen del Valle,0,0,3,2,1920000
Jujuy,San Pedro De Jujuy,3210,La Merced,0,3,5,3,4320000
Jujuy,San Pedro De Jujuy,3209,Juan Pablo II,0,2,42,6,15060000
Jujuy,Los Alisos,3208,Cooperativa La Intermedia,0,0,2,0,600000
Jujuy,San Salvador De Jujuy,3207,Ex Suipacha,0,1,26,1,7800000
Jujuy,Palpalá,3206,Triangulito,0,0,2,0,340000
Jujuy,Palpalá,3205,Nueva Esperanza,0,0,10,3,3960000
Jujuy,Palpalá,3204,Dieciocho de Noviembre,0,2,30,4,9180000
Jujuy,El Carmen,3203,El Tipal,0,3,39,7,16540000
Jujuy,Perico,3202,Plinio Arturo Zabala,0,0,2,1,1080000
Jujuy,Perico,3201,La Costanera,0,4,35,6,14260000
Jujuy,Perico,3200,Ocho de Marzo,0,0,3,1,1320000
Jujuy,Monterrico,3199,Néstor Kirchner,0,5,61,1,21700000
Jujuy,San Salvador De Jujuy,3197,Lucas Arias,0,0,5,2,1800000
Jujuy,San Salvador De Jujuy,3196,Chalican,1,0,10,2,3840000
Jujuy,San Salvador De Jujuy,3195,Frente Seminario,0,1,3,1,1560000
Jujuy,San Salvador De Jujuy,3194,Trece de Julio,0,2,14,2,5310000
Jujuy,San Pablo De Reyes,3193,Veinticinco de Mayo,0,0,8,0,2400000
Jujuy,San Salvador De Jujuy,3192,150 Hectareas,0,2,16,1,6360000
Jujuy,San Salvador De Jujuy,3191,La Bombonera,0,0,5,0,1440000
Jujuy,San Salvador De Jujuy,3189,Cuatro de Agosto,1,6,67,3,23500000
Jujuy,San Salvador De Jujuy,3188,Dieciseis de Mayo,0,8,87,8,33640000
Jujuy,San Salvador De Jujuy,3187,Éxodo,0,1,2,1,1680000
Jujuy,San Salvador De Jujuy,3186,Cuatro de Julio,0,1,6,1,2740000
Jujuy,San Salvador De Jujuy,3185,Prolongación Ascasubi,0,0,6,1,2040000
Jujuy,San Salvador De Jujuy,3184,Suipacha,0,1,11,1,4800000
Jujuy,San Salvador De Jujuy,3183,Bartoletti,0,0,14,0,4560000
Jujuy,San Salvador De Jujuy,3182,Alberdi,0,1,25,3,8520000
Jujuy,San Salvador De Jujuy,3181,Doce de Agosto,1,1,4,2,3000000
Jujuy,San Salvador De Jujuy,5417,Providencia,0,3,0,1,2400000
Jujuy,San Salvador De Jujuy,5419,Issa,0,2,2,0,1680000
Jujuy,San Salvador De Jujuy,5421,La Defensa,0,3,10,1,6050000
Jujuy,San Salvador De Jujuy,5422,Veintiocho de Mayo,0,1,2,3,3000000
Jujuy,Aguas Calientes,5423,Loteo López,0,0,0,1,250000
Jujuy,Humahuaca,5429,Pedro Olmedo,0,3,45,8,14960000
Jujuy,Palpalá,5439,10 Hectáreas,0,3,23,3,12710000
Jujuy,La Mendieta,5441,Veintitrés de Agosto,0,1,1,0,1200000
Jujuy,Maimará,5448,Sin Nombre,0,0,2,1,1080000
Jujuy,Yuto,5437,El Triángulo,0,1,2,1,1710000
Jujuy,La Quiaca,5452,Luján,0,1,3,2,2400000
Jujuy,La Quiaca,5454,Veinte de Junio,0,0,2,1,1320000
Jujuy,La Quiaca,5453,Luca Arias,0,1,2,0,1560000
Jujuy,Santa Clara,5446,San José,0,0,1,0,600000
Jujuy,Santa Clara,5445,Nueva Esperanza,0,0,2,0,1200000
Jujuy,El Talar,5442,Municipal,0,1,3,0,2400000
Jujuy,Palpalá,5440,Los Alisos II,2,0,2,0,2400000
Jujuy,Yuto,5438,San Miguel,0,0,1,0,600000
Jujuy,Caimancito,5433,San Nicolás,0,2,4,0,3600000
Jujuy,Caimancito,5431,Virgen del Valle,0,0,1,0,600000
Jujuy,Caimancito,5430,Cinco Hectáreas,0,0,3,0,1800000
Jujuy,Aguas Calientes,5428,Loteo Lázaro Pardo,0,1,1,0,1200000
Jujuy,Aguas Calientes,5425,Primero de Agosto,0,1,0,0,600000
Jujuy,Aguas Calientes,5424,Loteo nuevo,0,0,3,0,1450000
Jujuy,San Salvador De Jujuy,5420,Arroyo Las Martas,0,1,4,0,3000000
Jujuy,San Salvador De Jujuy,5418,Belgrano,0,4,26,2,12940000
Jujuy,San Salvador De Jujuy,5416,Puente Otero,0,1,13,2,6960000
Jujuy,Tilcara,5449,Malka,0,1,0,2,1560000
Jujuy,Calilegua,4669,28 Hectáreas,0,1,12,2,6460000
Jujuy,Abra Pampa,4675,La Esperanza,5,3,2,0,5640000
Jujuy,San Pedro De Jujuy,4674,Néstor Kirchner,0,8,35,5,24570000
Jujuy,San Pedro De Jujuy,4673,Cuatro de diciembre,0,0,4,0,1440000
Jujuy,Perico,4672,Antártida Argentina,0,5,1,0,3360000
Jujuy,Fraile Pintado,4671,Veinte de Junio,0,1,17,0,8020000
Jujuy,Yuto,4667,Chacarita,0,0,2,0,840000
Jujuy,Pampa Blanca,4666,Primero de Agosto,0,0,2,0,1200000
Jujuy,Pampa Blanca,4665,Esperanza,0,1,6,0,3720000
Jujuy,Calilegua,4664,Primero de Agosto,0,2,4,0,3250000
Jujuy,Caimancito,4663,Junín,0,1,4,0,2400000
La Pampa,25 De Mayo,4369,Pioneros,0,0,3,0,730000
La Pampa,Toay,4370,Chakra Raíz,0,0,5,0,1200000
La Pampa,25 De Mayo,4368,Los Hornos,0,1,20,1,6970000
La Pampa,25 De Mayo,4367,La Esperanza,0,1,13,2,6200000
La Rioja,La Rioja,3055,La Rodadera,0,0,11,0,3120000
La Rioja,La Rioja,3054,Mauro Peña,0,0,1,0,600000
La Rioja,La Rioja,3053,Virgen de Los Cerros II,0,1,3,2,1800000
La Rioja,La Rioja,3052,Joya del Velazco,0,0,1,1,480000
La Rioja,La Rioja,3051,Autódromo Norte,0,3,47,6,16560000
La Rioja,La Rioja,3050,Francisco I y II,1,4,27,2,17870000
La Rioja,La Rioja,3049,Bomba del Agua,0,0,9,0,2160000
La Rioja,La Rioja,3048,Futuro,0,1,13,3,6000000
La Rioja,La Rioja,3047,Florentino Cáceres,0,0,1,0,600000
La Rioja,La Rioja,3046,Loteo San Andrés,0,1,31,2,9840000
La Rioja,La Rioja,3045,La Banderita,0,1,7,1,2750000
La Rioja,La Rioja,3044,Susana Quintela,0,1,4,0,2290000
La Rioja,La Rioja,3043,Emelí Bestani,0,0,4,0,1440000
La Rioja,La Rioja,3042,Circunvalación,0,0,4,1,1320000
La Rioja,La Rioja,4965,San Héctor,0,0,2,0,1200000
La Rioja,La Rioja,4964,Ocho de Diciembre,0,0,1,0,600000
La Rioja,La Rioja,4963,Rosa de Guadalupe,0,1,0,0,600000
La Rioja,La Rioja,4962,Loma del Gitano,0,0,2,0,1200000
La Rioja,La Rioja,4961,Cristo de Abraham,0,0,1,1,1200000
La Rioja,La Rioja,4960,Virgen Desatanudos,0,0,1,0,600000
Mendoza,Uspallata,4532,Villa Clarita,0,1,27,1,8620000
Mendoza,Ugarteche,4556,"Tierra, Sol y Luna",0,0,20,1,5820000
Mendoza,Ugarteche,4557,Diecisiete de Abril,0,1,11,0,5170000
Mendoza,Palmira,4552,Palmira Crece,0,4,49,3,18280000
Mendoza,Ugarteche,4555,Costa Canal Ugarteche,0,1,6,0,2400000
Mendoza,Perdriel,4553,Alto Perdriel,0,0,4,0,1180000
Mendoza,Costa De Araujo,4551,Calle Morón,0,2,21,3,9360000
Mendoza,Puente De Hierro,4535,Los Dos Ángeles,0,1,13,2,5040000
Mendoza,Vista Flores,4534,Cuadro Estación Vista Flores,0,2,25,4,9960000
Mendoza,San Rafael,4533,Medalla Milagrosa,0,1,23,0,7560000
Mendoza,Uspallata,4531,Cordón de Bonilla,0,2,22,0,7320000
Mendoza,Anchoris,4520,Nueve de Julio,0,1,21,4,8160000
Mendoza,Anchoris,4519,Brisas de Anchoris,0,1,6,1,3220000
Mendoza,Capdevila,4558,Sin Nombre,0,0,6,2,2140000
Mendoza,Mayor Drummond,4481,Sin Nombre,0,0,1,0,240000
Mendoza,Agrelo,4464,Tierras Vivas,1,6,66,5,22420000
Mendoza,Ugarteche,4439,Oasis,0,2,4,0,2160000
Mendoza,Perdriel,4438,Diecisiete de Mayo,0,2,10,0,3960000
Mendoza,Chacras De Coria,4437,Prolongación Mitre,0,0,7,1,2040000
Mendoza,Perdriel,4436,Dos de Noviembre,0,0,13,0,3840000
Mendoza,Ugarteche,4435,San Expedito,1,1,13,1,5670000
Mendoza,Agrelo,4434,San José,0,6,27,2,13430000
Mendoza,Tres Porteñas,4432,Calle Lemos,0,0,8,6,4560000
Mendoza,General Ortega,4431,Villa Domínica,0,0,6,0,1440000
Mendoza,Las Catitas,4430,La Costanera,0,0,1,2,1200000
Mendoza,Chapanay,4429,Bonano,0,1,38,1,11740000
Mendoza,Mayor Drummond,4425,Ocho de Diciembre,0,2,16,1,6720000
Mendoza,Agrelo,4379,El Encuentro,0,0,2,0,480000
Mendoza,Ugarteche,4377,Juana de Azurduy,0,2,22,2,6830000
Mendoza,Mayor Drummond,4375,Fuerza Unida,0,1,10,2,4200000
Mendoza,Agrelo,4374,Alto Agrelo,0,0,18,2,5380000
Mendoza,Agrelo,4373,Estación Agrelo,0,2,29,1,10320000
Mendoza,Ugarteche,4372,Villa Costa Canal,0,1,9,3,3840000
Mendoza,Mayor Drummond,4376,Vistas a la Cordillera,0,0,2,0,480000
Mendoza,El Sauce,4268,Los Hornos,0,1,43,8,15080000
Mendoza,Colonia Molina,4267,Santa Rita,0,0,10,4,3720000
Mendoza,El Plumerillo,4266,Sin Nombre,0,0,10,2,3700000
Mendoza,El Borbollón,4265,Don Bosco,0,3,52,6,18940000
Mendoza,Cuadro Benegas,5491,Los Coroneles,0,0,4,0,1920000
Mendoza,Eugenio Bustos,4857,Loteo Los Porteños,0,0,3,0,1440000
Mendoza,Salto De Las Rosas,5501,Costa Canal Babacce,0,1,0,0,600000
Mendoza,Pobre Diablo,5499,La Cantera,0,0,2,0,1200000
Mendoza,San Rafael,3419,Cruce del Parque,0,0,9,0,3000000
Mendoza,Maipú,3480,El Portón,0,1,10,1,3240000
Mendoza,San Rafael,3477,El Molino,1,11,162,18,65440000
Mendoza,Rodeo Del Medio,3481,Cinco de Diciembre,0,1,31,4,10160000
Mendoza,San Rafael,3476,Isla Río Diamante,0,7,74,8,28630000
Mendoza,General Alvear,3479,Matadero,0,1,7,3,3700000
Mendoza,Eugenio Bustos,3478,Loteo la Celia,0,1,6,2,4320000
Mendoza,Belgrano Norte,3457,Arco Iris,0,2,9,3,3840000
Mendoza,Mendoza,3475,Cipolleti,0,0,59,7,18400000
Mendoza,El Plumerillo,3474,Jorge Newbery,0,2,50,4,17680000
Mendoza,Mendoza,3473,René Favaloro,0,6,72,6,26980000
Mendoza,Jesús Nazareno,3472,Castro,0,1,67,1,18920000
Mendoza,Mendoza,3471,Sierras Altas,0,3,81,8,27780000
Mendoza,Las Heras,3470,Junín,0,3,60,4,20120000
Mendoza,Perdriel,3469,Virgen de Lourdes,1,4,47,5,20890000
Mendoza,Maipú,3468,Néstor Kirchner,0,0,13,4,5410000
Mendoza,Las Heras,3466,Club Jorge Newbery,0,1,28,9,10640000
Mendoza,Las Heras,3465,Estación Espejo,1,6,76,9,31710000
Mendoza,Rodeo Del Medio,3462,Estación Pedregal,0,2,73,5,22040000
Mendoza,Sarmiento,3461,"Sector 13, Campo Papa",0,2,49,4,17400000
Mendoza,Andrade,5487,Andrade,0,1,4,0,2760000
Mendoza,Las Paredes,3460,El Cristo,0,2,38,1,13790000
Mendoza,Maipú,3459,Alberdi,0,0,2,0,340000
Mendoza,San Vicente,3458,Dique Maure,0,4,33,9,14200000
Mendoza,Los Corralitos,3456,San Vicente Tres,0,0,30,4,10550000
Mendoza,Malargüe,3455,Nueva Esperanza,0,0,13,1,4350000
Mendoza,General Alvear,3454,Zangrandi,0,2,7,2,5040000
Mendoza,Tunuyán,3453,Milagros de Tunuyán,0,2,40,3,13760000
Mendoza,Palmira,3452,Néstor Kirchner,0,5,79,17,28050000
Mendoza,Perdriel,3451,Francisco,0,2,17,1,7800000
Mendoza,Guaymallén,3450,Diecisiete de Abril,0,0,19,1,6820000
Mendoza,Cuadro Benegas,3448,Estación Pedro Vargas,0,4,63,7,22520000
Mendoza,Los Corralitos,3446,Evelyn,0,1,32,2,11640000
Mendoza,Tunuyán,3445,El Progreso,0,0,20,1,5380000
Mendoza,General Alvear,3444,Circunvalación,0,0,3,1,960000
Mendoza,Perdriel,3443,Quintana y San Martín,0,0,11,0,4200000
Mendoza,Mendoza,3442,Kilimanyaro,0,0,12,2,4560000
Mendoza,Bermejo,3441,Unión y Fuerza,0,0,6,2,2400000
Mendoza,San Roque,3440,Sin Nombre,0,0,3,0,1440000
Mendoza,Tunuyán,3438,Veinticinco de Noviembre,0,0,17,2,5040000
Mendoza,Mendoza,3437,Treintiuno de Mayo,0,1,41,3,13170000
Mendoza,Sarmiento,3436,Los Cerrillos,0,0,14,2,4440000
Mendoza,General Alvear,3435,El Desvío,0,5,12,1,7550000
Mendoza,Fray Luis Beltrán,3434,El Retortuño,0,0,10,0,2400000
Mendoza,Guaymallén,3433,Vertedero,1,3,9,2,5400000
Mendoza,Tunuyán,3432,Urquiza,0,0,2,0,840000
Mendoza,El Peral,3431,La Esperanza,0,0,1,0,240000
Mendoza,Los Corralitos,3430,El Eucalipto,0,0,1,0,150000
Mendoza,El Challao,3429,Sueño de María,0,3,36,0,13470000
Mendoza,Las Heras,3427,Plumerillo Sur,0,0,2,0,480000
Mendoza,Las Heras,3425,Cruce de Los Andes,0,0,10,2,4110000
Mendoza,Buena Nueva,3424,Justicia Social,0,1,8,0,2880000
Mendoza,Mendoza,3422,San Martín,0,0,5,0,2040000
Mendoza,Maipú,3421,Amas de Casa,0,1,8,4,4200000
Mendoza,Malargüe,3420,Colonia Hípica,0,2,13,1,7440000
Mendoza,Las Heras,3418,Siete de Mayo,0,2,13,2,5720000
Mendoza,General Alvear,3417,Sin Nombre,0,0,2,0,840000
Mendoza,General Alvear,3415,Puente Alto,0,0,1,0,240000
Mendoza,San Rafael,3414,La Carolina,0,1,31,2,10540000
Mendoza,San Rafael,3413,Costa Canal El Toledano,1,4,66,6,26560000
Mendoza,San Rafael,3412,Las Vías Cuadro Nacional,0,9,85,19,41240000
Mendoza,San Rafael,3411,Barrio de Los Niños,0,2,23,5,8840000
Mendoza,Cuadro Benegas,3410,Callejón Las Rosas,0,1,15,1,4860000
Mendoza,San Rafael,3409,Punta Diamante,1,2,23,2,9480000
Mendoza,San Rafael,3408,Costa Esperanza,0,1,29,4,9660000
Mendoza,Malargüe,3407,Carbo Metal,0,0,23,0,6180000
Mendoza,La Arboleda,3406,Costa Canal Anchayuyo,0,1,8,1,5040000
Mendoza,Tupungato,3405,Costa Canal Singareti,0,0,6,2,2760000
Mendoza,La Arboleda,3404,Sin Nombre,0,0,5,0,2040000
Mendoza,Tupungato,3403,Sarmiento,0,1,3,0,1680000
Mendoza,San Carlos,3402,Sin Nombre,0,1,0,0,600000
Mendoza,San Carlos,3401,Coronel Videla,1,1,10,4,5280000
Mendoza,San Carlos,3400,Valle Hermoso,0,3,7,0,4920000
Mendoza,Rivadavia,3399,Costa Canal,2,5,36,22,21860000
Mendoza,Rivadavia,3398,San Isidro Sur,1,2,26,8,12580000
Mendoza,Rivadavia,3397,Callejón Comunero,0,0,9,1,3480000
Mendoza,Rivadavia,3396,Sin Nombre,0,2,7,0,3820000
Mendoza,San Martín,3395,Continuación Los Parrales,0,0,12,2,4920000
Mendoza,San Martín,3394,Malvinas Argentinas II,3,2,5,2,6120000
Mendoza,Tunuyán,3393,La Unión,0,0,19,3,7060000
Mendoza,Tunuyán,3392,Las Tablitas,0,2,13,1,5980000
Mendoza,San Roque,3391,Miranda Ávila,0,5,26,2,11190000
Mendoza,San Martín,3390,Sin Nombre,0,0,2,1,1080000
Mendoza,Lavalle,3389,La Solita,0,3,33,7,11880000
Mendoza,Villa Tulumaya,3388,Las Margaritas,0,1,8,0,2170000
Mendoza,Fray Luis Beltrán,3387,Cuadro Estación,0,0,2,1,1080000
Mendoza,Mendoza,3385,Malargüe,0,0,17,0,4320000
Mendoza,Vertientes del Pedemonte,3384,Sin Nombre,0,1,5,1,2280000
Mendoza,Colonia Segovia,3383,Santa Elena,0,2,4,0,2640000
Mendoza,Perdriel,3382,Estación Cuadro,0,1,51,3,14920000
Mendoza,Perdriel,3381,Jesús de Nazareth,0,1,25,3,8080000
Mendoza,Vertientes del Pedemonte,3380,San Gabriel,0,0,3,0,1200000
Mendoza,Rodeo Del Medio,3379,Unidos Por Una Esperanza,0,4,49,4,18940000
Mendoza,Rodeo Del Medio,3378,Pedro Varela,0,2,17,1,5740000
Mendoza,Mendoza,3377,Progreso,0,2,44,5,15340000
Mendoza,Mendoza,3376,Favorita Nueva,0,0,11,0,3840000
Mendoza,Mendoza,3375,Barranco,0,0,14,1,3800000
Mendoza,Rodeo De La Cruz,3374,Luz de Vida,0,6,105,9,36600000
Mendoza,Maipú,3373,San Francisco,0,3,44,3,14580000
Mendoza,Mendoza,3372,Veintisiete de Abril,0,0,9,0,2640000
Mendoza,Mendoza,3371,Difunta Correa,0,0,38,3,10340000
Mendoza,Mendoza,3370,Alto Ceferino,0,1,10,3,4920000
Mendoza,Mendoza,3369,Andino,0,0,16,1,4900000
Mendoza,Mendoza,3368,Pedemonte Barrio Andino,0,1,7,1,2520000
Mendoza,Mendoza,3367,Catorce de Noviembre,0,0,12,4,4300000
Mendoza,Jesús Nazareno,3366,Chavanne,0,0,1,2,700000
Mendoza,Buena Nueva,3364,Estación Buena Nueva,0,2,71,8,22240000
Mendoza,Los Corralitos,3363,Chuquisaca,0,0,4,2,2160000
Mendoza,Chacras De Coria,3362,Valle Encantado,1,9,90,9,32060000
Mendoza,Chacras De Coria,3361,Buenos Vecinos,0,0,8,0,2500000
Mendoza,Guaymallén,3360,Nueva Esperanza II,0,0,9,1,3240000
Mendoza,Guaymallén,3359,Espacio Verde Lihué,0,3,26,3,10660000
Mendoza,Guaymallén,3358,Manzana 7 Vieja,0,4,15,4,6940000
Mendoza,Guaymallén,3357,Colón,0,2,3,3,3480000
Mendoza,El Challao,3356,Veinticinco de Marzo,0,2,47,3,15360000
Mendoza,Las Heras,3355,Nueva Generación II,0,0,1,0,240000
Mendoza,Las Heras,3354,Nuestra Esperanza,0,3,55,2,17120000
Mendoza,Bermejo,3353,Villa del Costado,0,5,19,5,9830000
Mendoza,Buena Nueva,3352,Callejón Osaderuck,0,0,5,2,2240000
Mendoza,Buena Nueva,3351,Callejón Osaderuck,0,0,2,0,480000
Mendoza,Buena Nueva,3350,Callejon Los Parrales,1,1,16,2,6120000
Mendoza,Trapiche,3349,Tiburcio Benegas,0,0,4,0,1200000
Mendoza,Trapiche,3348,Urundel Bajo,0,3,11,0,4540000
Mendoza,Guaymallén,3347,San Jorge,0,0,6,0,1440000
Mendoza,Luján De Cuyo,3346,Parque Costero,0,2,6,5,4060000
Mendoza,Mayor Drummond,3345,Diamante,0,1,12,3,5040000
Mendoza,Mayor Drummond,3344,Los Aromos,1,1,17,4,6350000
Mendoza,Mayor Drummond,3343,El Tiradero,0,0,19,1,5380000
Mendoza,Mayor Drummond,3342,Cuadro Estación Drummond,0,0,4,3,1780000
Mendoza,Mayor Drummond,3341,Sin Nombre,0,1,5,1,1900000
Mendoza,Chacras De Coria,3336,Aeroclub,0,0,2,2,960000
Mendoza,Sarmiento,3335,Campo Papa Sector 14 y 15,0,0,6,0,1440000
Mendoza,Sarmiento,3334,Piedras Blancas,0,5,47,8,19090000
Mendoza,Mendoza,3332,Flores,0,6,55,9,21360000
Mendoza,Mendoza,3331,Olivares,0,7,102,12,36920000
Mendoza,Godoy Cruz,3330,Sector 12. Campo Papa,0,0,17,3,5400000
Mendoza,Sarmiento,3328,"Sector 11, Campo Papa",1,1,38,2,13080000
Mendoza,Sarmiento,3327,Razquin,0,6,36,4,14530000
Mendoza,San Vicente,3326,Barranco I,0,3,20,3,7760000
Mendoza,Villa del Parque,3324,La Quebrada,0,2,13,9,8260000
Mendoza,Las Heras,3323,Vitori,0,0,7,0,2160000
Mendoza,Las Heras,3322,Solares del Algarrobal,0,1,14,0,5980000
Mendoza,Las Heras,3321,Doce de Agosto,0,1,14,0,5880000
Mendoza,El Plumerillo,3320,Democracia,0,2,86,1,25000000
Mendoza,El Borbollón,3319,Santo Tomás de Aquino,0,3,43,5,16560000
Mendoza,Las Heras,3318,Pasaje Tres de Febrero,0,0,3,0,720000
Mendoza,Mendoza,3316,Anexo Los Consorcios,0,0,4,1,1920000
Mendoza,Mendoza,3315,El Eden,0,1,30,0,9080000
Mendoza,El Plumerillo,3314,Nuestra Familia Unida,2,1,16,6,8760000
Mendoza,Panquehua,3313,Nueva Esperanza,0,1,26,4,8160000
Mendoza,San Martín,3312,Prolongación Carril Norte,0,0,2,2,1320000
Mendoza,Las Heras,3311,Jorge Newbery II,0,3,10,1,4900000
Mendoza,Las Heras,3310,Belgrano,0,0,4,1,1330000
Mendoza,Palmira,3309,Flores,0,2,34,2,11840000
Mendoza,General Alvear,3308,Barrio del Parque,0,1,7,0,3220000
Mendoza,Tunuyán,3307,Luz del Futuro,0,3,12,1,6100000
Mendoza,Tunuyán,3306,Cuadro de La Estación,0,0,18,2,5640000
Mendoza,Mendoza,3305,Libertadores,0,0,25,2,8400000
Mendoza,Mendoza,3304,Colina,0,1,11,1,4560000
Mendoza,San Roque,3303,Sin Nombre,0,1,3,0,2040000
Mendoza,San Roque,3302,Sin Nombre,0,1,13,2,4900000
Mendoza,Rodeo Del Medio,3301,Belgrano,0,0,2,1,750000
Mendoza,Rodeo Del Medio,3300,Moreno,0,1,3,0,2040000
Mendoza,Vertientes del Pedemonte,3299,Virgen de Guadalupe,0,1,10,4,4900000
Mendoza,Vertientes del Pedemonte,3298,Faldeo de Chacras,0,0,7,0,2760000
Mendoza,San Martín,3297,Calle Barrera,2,3,48,7,18460000
Mendoza,Fray Luis Beltrán,3296,Sin Nombre,1,0,10,1,4520000
Mendoza,Villa Tulumaya,3295,Loteo Oliva,0,1,20,0,5520000
Mendoza,Villa Tulumaya,3294,Belgrano,0,0,52,6,15940000
Mendoza,Palmira,3293,Callejón Tomé,0,0,6,3,2140000
Mendoza,Palmira,3292,Che Guevara,0,0,17,2,5640000
Mendoza,Puente De Hierro,3291,Las Chacras,0,0,38,2,13570000
Mendoza,Los Corralitos,3290,San Miguel,0,0,18,1,5020000
Mendoza,Fray Luis Beltrán,3289,Las Palmeras,0,0,2,0,600000
Mendoza,Russell,3288,Cuadro Estación 1085,0,0,10,3,4300000
Mendoza,Fray Luis Beltrán,3287,Callejón San Martín,0,0,3,1,1080000
Mendoza,Guaymallén,3286,San Agustín,1,0,30,1,8600000
Mendoza,Mendoza,3285,El Triángulo,0,1,36,0,10820000
Mendoza,Sarmiento,3284,Aconcagua,0,1,6,0,2400000
Mendoza,Las Heras,3283,Portal del Algarrobal,0,16,81,11,40340000
Mendoza,El Borbollón,3282,Ruta 40,0,0,12,5,6600000
Mendoza,Las Heras,3281,Todos Unidos,0,2,18,5,7280000
Mendoza,Las Heras,3280,Callejón González y San Martín,0,0,1,1,480000
Mendoza,Panquehua,3279,Por un futuro mejor,0,2,12,6,6820000
Mendoza,Las Heras,3278,San Martín Fabrega,0,0,1,1,480000
Mendoza,Las Heras,3277,Urbanizadora del Oeste II,0,0,4,1,1560000
Mendoza,Rodeo Del Medio,3276,Cuadro Estación,0,0,6,0,1440000
Mendoza,Puente De Hierro,3275,Las Chipicas,0,0,8,0,2760000
Mendoza,Los Corralitos,3274,Grilli,0,12,103,5,42310000
Mendoza,El Pastal,4848,El Pastal,0,1,5,0,2880000
Mendoza,El Carrizal,4554*,Aluminé,0,0,5,0,1060000
Mendoza,Maipú,"3423* ",Pasaje Doña Clara,0,0,1,0,100000
Mendoza,Luján De Cuyo,"3463* ",Patrono Santiago,0,0,1,0,240000
Mendoza,Luján De Cuyo,"3467* ",Costanera Sur,0,0,1,0,240000
Mendoza,Ugarteche,4433,Raíces,0,5,6,1,5520000
Mendoza,El Plumerillo,4837,Pasaje Rojas,0,0,1,0,600000
Mendoza,Fray Luis Beltrán,4842,Planta de Gas,0,1,1,1,1300000
Mendoza,Villa Bastias,4862,Veintitrés de Noviembre,0,4,3,1,3400000
Mendoza,Salto De Las Rosas,5500,Callejón Arula,0,0,6,0,2880000
Mendoza,Barrio 12 De Octubre,5505,Santa Rita,0,1,1,0,1200000
Mendoza,Ingeniero Gustavo André,5475,Los Tres Chañares,1,3,2,0,3600000
Mendoza,San Rafael,5503,Los Dos Álamos,0,0,2,0,960000
Mendoza,Salto De Las Rosas,5502,Sin Nombre,0,0,6,0,2770000
Mendoza,Las Malvinas,5498,Fábrica,0,0,2,0,1200000
Mendoza,Goudge,5495,La Costa,0,5,6,0,6250000
Mendoza,El Nihuil,5493,La Menta,0,4,2,0,3600000
Mendoza,Tres Porteñas,5490,Santa Rita,0,0,2,0,850000
Mendoza,Tres Porteñas,5489,Carril San Pedro,0,2,10,2,8400000
Mendoza,Rivadavia,5488,Los Monos,0,1,3,0,2400000
Mendoza,Malargüe,5485,Pequenco,0,0,4,2,2400000
Mendoza,Rodeo Del Medio,5484,Paraíso Yelma,0,0,1,0,600000
Mendoza,Ugarteche,5481,Costa Esperanza,0,0,0,1,100000
Mendoza,Perdriel,5480,Valle del Mirador,0,0,2,0,850000
Mendoza,Villa Tulumaya,5479,Portal de Lavalle,0,1,4,0,3000000
Mendoza,Ingeniero Gustavo André,5476,Colector Moyano Oeste,0,0,1,0,600000
Mendoza,Costa De Araujo,5471,Eva Perón,0,0,3,0,1800000
Mendoza,Costa De Araujo,5470,Veintidós de Abril,0,2,6,0,4100000
Mendoza,Costa De Araujo,5469,San Cayetano,0,0,4,1,2650000
Mendoza,El Algarrobal,5463,Borbollón Nuevo,0,2,1,0,1450000
Mendoza,El Algarrobal,5462,Luz y Fuerza,0,1,18,1,10450000
Mendoza,El Algarrobal,5461,Loteo Las Viñas,0,4,25,2,14770000
Mendoza,Desaguadero,5460,Ruta 7,0,0,2,0,1200000
Mendoza,Puente De Hierro,5459,Puente de Hierro,0,0,1,0,600000
Mendoza,Bermejo,5458,Tierras Nuevas,0,0,3,0,1320000
Mendoza,Bowen,5456,La Escandinava,0,0,2,0,850000
Mendoza,Costa De Araujo,5472,Lamadrid,0,0,1,0,600000
Mendoza,Costa De Araujo,5468,Rodríguez Sur,0,0,2,0,1200000
Mendoza,Godoy Cruz,4846,La Estanzuela,1,0,2,1,1180000
Mendoza,El Pastal,4859,Gruta San Ceferino,0,0,0,1,360000
Mendoza,Vista Flores,4861,Barandica,2,2,6,0,6000000
Mendoza,Maipú,4860,Callejón Comunero,0,0,1,0,600000
Mendoza,San Rafael,4856,Costa El Marginal,0,0,1,0,600000
Mendoza,San Rafael,4855,La Cañadita,0,1,5,0,2880000
Mendoza,Colonia Segovia,4854,Callejón el Chicho,0,0,1,0,360000
Mendoza,Godoy Cruz,4853,COVITEDYC,0,1,0,0,600000
Mendoza,Villa Tulumaya,4850,Altos Limpios,0,0,1,1,720000
Mendoza,Las Heras,4841,Pucará,0,0,4,0,1800000
Mendoza,El Challao,4840,Campo El Molino,0,0,4,0,1800000
Mendoza,Colonia Segovia,4839,El Progreso,0,0,1,0,360000
Mendoza,Guaymallén,4589,El Martillo,0,0,22,2,5980000
Misiones,Eldorado,4566,Catorce de Febrero,0,1,17,0,5260000
Misiones,Puerto Iguazú,4565,Orquídeas,0,0,12,0,5160000
Misiones,Eldorado,4508,Sarmiento,1,3,98,5,35060000
Misiones,San Antonio,4500,Veinticinco de Mayo,0,0,9,2,3610000
Misiones,San Antonio,4499,Primero de Mayo,0,0,4,0,820000
Misiones,San Antonio,4497,Nuestra Señora de Fátima,0,1,17,3,6560000
Misiones,Bernardo De Irigoyen,4496,Laguna Azul,1,0,12,2,6610000
Misiones,Bernardo De Irigoyen,4495,Santa Rita,0,0,4,1,2280000
Misiones,Bernardo De Irigoyen,4494,Evita,0,0,9,3,3450000
Misiones,Bernardo De Irigoyen,4493,Vista Alegre,0,4,57,2,23350000
Misiones,Bernardo De Irigoyen,4492,Ramos,0,1,0,0,600000
Misiones,Garupá,4567,Santa Catalina,0,2,4,1,3120000
Misiones,Oberá,4306,Villa Stemberg,0,2,11,0,4560000
Misiones,Oberá,4305,San Miguel,0,1,46,2,14600000
Misiones,Eldorado,4304,La Antena,1,0,30,5,10780000
Misiones,María Magdalena,5596,Industrial,0,1,0,0,600000
Misiones,Garupá,1977,Nuevo Garupa,0,2,25,7,11280000
Misiones,Oberá,1976,San José,0,4,120,5,46570000
Misiones,Posadas,2079,Vecinos Unidos,1,7,215,14,69190000
Misiones,Eldorado,2044,Parque Schwelm,0,5,101,6,34790000
Misiones,Garupá,2078,Claudia Ester Ripoll II,1,4,90,6,32660000
Misiones,Garupá,2077,Villa del Barrio La Ripiera,0,4,52,8,18860000
Misiones,San Vicente,2081,Los Obreros,0,2,14,4,7540000
Misiones,Posadas,2080,Las Tablitas,0,1,23,4,8980000
Misiones,Oberá,2076,Villa Christen,1,4,60,2,19700000
Misiones,San Vicente,2075,San Miguel,2,0,39,6,14440000
Misiones,Puerto Rico,5610,Cantera,0,2,8,0,5300000
Misiones,Puerto Leoni,5608,Ex Fadimat,0,1,2,1,2400000
Misiones,Posadas,2074,Chacra 159,0,2,44,5,17260000
Misiones,Posadas,2073,Villa de La Chacra 65,0,0,33,2,12320000
Misiones,Eldorado,2072,Nueva Santa Rosa,1,3,32,2,13540000
Misiones,Pozo Azul,5616,La Canchita,0,0,1,0,600000
Misiones,Eldorado,2071,Nueve de Julio,0,3,49,9,19020000
Misiones,Colonia Wanda,5601,Felipe II,0,2,27,2,14330000
Misiones,Puerto Piray,5613,Badaraco,0,1,4,0,2300000
Misiones,Kilómetro 300,2069,Kilómetro 300,0,0,2,1,720000
Misiones,San Vicente,2070,Tarumo,0,2,37,3,11900000
Misiones,El Soberbio,2068,Kilómetro 306,0,1,3,1,1420000
Misiones,Eldorado,2067,Roulet,1,3,100,8,33860000
Misiones,Posadas,2065,El Porvenir,0,0,6,3,3720000
Misiones,Eldorado,2066,Pionero Lutz,0,1,15,2,5600000
Misiones,El Soberbio,5599,Unión,0,0,1,0,600000
Misiones,Garupá,2064,Ñu Porá,0,0,13,3,4470000
Misiones,Fracrán,2062,Fracrán,0,0,21,3,6320000
Misiones,San Vicente,2061,Progreso,0,3,13,0,5040000
Misiones,Garupá,2063,Guadalupe,1,5,120,4,39420000
Misiones,San Vicente,2060,San Roque II,1,4,28,5,13900000
Misiones,Garupá,2058,La Calandria,0,3,18,6,10670000
Misiones,Posadas,2052,Estepa,5,1,11,3,8640000
Misiones,Comandante Andresito,4182,Veinte de Junio,0,0,15,2,5260000
Misiones,San Vicente,2057,Kilómetro 84,0,0,2,2,1800000
Misiones,Posadas,2055,Chacra 252,1,7,290,37,96320000
Misiones,Puerto Iguazú,4179,Nuevo Iguazú,0,7,151,12,51710000
Misiones,Eldorado,2054,Unidad,1,3,10,4,6200000
Misiones,Eldorado,2053,Oleaginosa,0,1,18,3,6510000
Misiones,Posadas,2051,Chacra 239,1,3,78,8,27780000
Misiones,Garupá,2050,Ñu Porá II,0,3,26,6,11620000
Misiones,Garupá,2049,Ñu Porá I,1,0,25,4,10180000
Misiones,Garupá,2048,Tacuaritas II,1,8,137,11,51710000
Misiones,Garupá,2047,Punta Alta,0,4,38,3,13260000
Misiones,Posadas,2046,Chacra 210,0,0,12,0,3960000
Misiones,Eldorado,2045,Elena,0,14,255,21,98700000
Misiones,Oberá,2043,Villa Gunther,0,1,36,4,13750000
Misiones,Garupá,2041,San Cayetano,0,0,24,2,8760000
Misiones,Garupá,2040,Tablada Norte,0,2,22,3,9270000
Misiones,Eldorado,2039,Itatí,0,1,34,1,11070000
Misiones,Eldorado,2038,Itatí,0,1,18,1,7660000
Misiones,Eldorado,2037,Paticuá,1,1,12,3,4900000
Misiones,Eldorado,2035,El Moral,0,0,8,2,2620000
Misiones,Eldorado,2036,Avanti,0,0,6,3,2360000
Misiones,Posadas,2034,Los Patitos II,1,2,43,3,16660000
Misiones,Oberá,2032,Copisa,0,0,6,2,2120000
Misiones,San Vicente,2031,Provincia,0,1,10,0,3960000
Misiones,San Vicente,2030,Kilómetro 68,0,0,2,1,840000
Misiones,Posadas,2029,Santa Clara,0,1,20,2,6800000
Misiones,Posadas,2027,Madariaga,0,2,37,1,14040000
Misiones,Posadas,2026,Aeroclub,1,9,218,19,78460000
Misiones,Posadas,2028,Los Paraísos,0,4,32,10,15830000
Misiones,Posadas,2025,El Piedral,0,2,71,10,24960000
Misiones,San Vicente,2024,Veinticinco de Mayo,0,0,17,6,5440000
Misiones,San Vicente,2023,Parque Industrial,0,0,1,1,840000
Misiones,Oberá,2022,Calle Bragado,0,2,5,2,3100000
Misiones,Oberá,2021,Kilómetro 0,0,2,13,4,5580000
Misiones,Oberá,2020,Lote 15 del Kilómetro 0,0,1,3,2,2020000
Misiones,San Vicente,2018,San Cayetano,0,3,27,6,12040000
Misiones,Posadas,2019,Ciudad Nueva,0,1,9,0,3960000
Misiones,San Vicente,2017,Las Quintas,1,2,28,6,13060000
Misiones,San Vicente,2016,Gutierres,0,0,5,3,2040000
Misiones,San Vicente,2015,Kilómetro 67,0,2,14,3,7350000
Misiones,San Vicente,2014,San Isidro,0,1,13,2,4330000
Misiones,San Vicente,2012,80 Kilómetros,0,0,3,1,960000
Misiones,Chacra 302,2011,Chacra 302,0,0,0,2,340000
Misiones,San Vicente,2013,Sin Nombre,0,0,0,1,600000
Misiones,San Vicente,2010,La Grapia,0,0,9,0,2020000
Misiones,San Vicente,2009,Obrero,0,0,9,1,3600000
Misiones,San Vicente,2008,Kilómetro 74,0,0,1,1,840000
Misiones,Posadas,2007,Evita,0,1,26,5,8720000
Misiones,Posadas,2006,Chacra 244,1,1,10,2,5400000
Misiones,Posadas,2005,Chacra 96,0,6,167,9,56690000
Misiones,Garupá,2004,Piedras Blancas,0,6,250,13,86580000
Misiones,Garupá,2002,Gottchal,1,3,83,8,30660000
Misiones,Garupá,2003,Los Potrillos,0,2,56,3,18570000
Misiones,Posadas,2001,Chacra 158,1,6,119,17,42910000
Misiones,Posadas,2000,Villa de La Chacra 127,0,2,23,3,7980000
Misiones,Posadas,1999,La Chacra 187,1,3,38,1,14620000
Misiones,Posadas,1998,Chacra 190 del Barrio Laurel,0,0,51,2,15010000
Misiones,Posadas,1997,Chacra 181,2,19,277,19,100490000
Misiones,Posadas,1994,Villa del Barrio Irigoyen,0,0,30,2,10200000
Misiones,Posadas,1993,Chacra 26,0,1,64,6,19820000
Misiones,Posadas,1995,Ocho de Diciembre - Chacra 141,1,6,44,2,20480000
Misiones,Posadas,1992,Villa de La Chacra 17,1,1,40,2,13740000
Misiones,Posadas,1991,La Guayabira,0,0,16,2,5640000
Misiones,Posadas,1990,El Mangal,1,9,140,5,45930000
Misiones,Posadas,1989,Villa de La Chacra 201,0,0,7,0,3120000
Misiones,Posadas,1987,Villa del Barrio Rocamora,0,0,8,1,2160000
Misiones,Posadas,1986,Treinta de Octubre,0,4,32,6,12120000
Misiones,Posadas,1984,Chacra 143 Barrio Santa Rita,0,0,6,2,2020000
Misiones,Garupá,1985,Horacio Quiroga,0,14,183,19,65350000
Misiones,Posadas,1983,Chacra 142,1,2,92,4,29920000
Misiones,Posadas,1982,Itaberá,0,12,181,19,68180000
Misiones,Oberá,1978,Sapucay,0,6,17,4,9700000
Misiones,Posadas,1981,Latinoamérica,0,1,6,0,2760000
Misiones,Posadas,1980,Belén,1,11,347,25,113950000
Misiones,Oberá,1979,Oberá III,0,1,9,1,4580000
Misiones,Oberá,1975,Sixten Vick,0,0,19,4,5980000
Misiones,Oberá,1974,Cien Hectáreas,0,0,21,3,6320000
Misiones,Oberá,1973,Villa Ruf,0,2,51,3,16920000
Misiones,Oberá,1972,Norte,0,1,11,0,4680000
Misiones,Oberá,1971,Terminación Villa Blanquita,0,1,6,1,3370000
Misiones,Oberá,1969,Caballeriza,0,2,139,10,45260000
Misiones,Posadas,1967,San Lorenzo B,0,14,246,21,85550000
Misiones,Posadas,1968,Cerro Pelón,0,0,14,2,4300000
Misiones,Posadas,1966,San Onofre II,2,8,166,15,59840000
Misiones,Posadas,1965,Chacra 120,0,0,16,2,5850000
Misiones,Garupá,1964,Santa Clara II,2,6,110,9,40780000
Misiones,Posadas,1963,112 Yohaza,0,3,108,5,34580000
Misiones,Oberá,1962,Osorio,0,0,18,2,5260000
Misiones,Posadas,1960,Santa Cecilia,0,3,29,1,10440000
Misiones,Posadas,1959,Papa Francisco,0,4,30,1,11040000
Misiones,Posadas,1961,Altos de Bella Vista,1,5,189,2,53800000
Misiones,Posadas,1958,San Lucas,0,1,54,2,16780000
Misiones,Garupá,1957,Villa Bonita,0,2,17,1,7680000
Misiones,Posadas,1943,Miguel Lanús,0,0,22,1,6720000
Misiones,Garupá,1955,Don Santiago,0,4,54,3,18580000
Misiones,Garupá,1951,Sauuer,2,1,7,1,4920000
Misiones,Montecarlo,3948,Malvinas VI,0,0,5,0,1690000
Misiones,Garupá,1956,La Esperanza,0,4,30,11,15080000
Misiones,Posadas,1944,Miguel Lanús Sector B,0,1,45,4,14240000
Misiones,Montecarlo,3947,Retiro,1,0,4,0,1920000
Misiones,Candelaria,3946,San Cayetano,0,3,36,2,14420000
Misiones,Oberá,1954,Aeroclub,0,0,6,0,1880000
Misiones,Montecarlo,3945,Palmar,0,0,3,0,1800000
Misiones,Montecarlo,3944,Martín Fierro,0,0,1,0,240000
Misiones,Oberá,1953,Bella Vista,0,0,6,1,2280000
Misiones,Montecarlo,3943,La Tira del Arroyo,0,1,9,0,3120000
Misiones,Montecarlo,3942,Vista Alegre,0,0,2,1,840000
Misiones,Montecarlo,3941,Palomar,0,0,36,7,13310000
Misiones,Candelaria,3940,Padre Mugica,0,0,12,2,4920000
Misiones,Oberá,1952,Aeroclub,0,0,5,1,2600000
Misiones,Candelaria,3939,Belgrano,0,0,7,2,3460000
Misiones,Candelaria,3938,Lote Agrícola N5,0,2,37,4,15060000
Misiones,Garupá,1950,Villa del Barrio Unidos,0,0,57,1,17240000
Misiones,Candelaria,3937,San Jorge,0,3,44,1,15370000
Misiones,Candelaria,3936,Santa Cecilia,1,3,109,10,41560000
Misiones,Posadas,1949,Villa de La Chacra 37,0,0,2,0,840000
Misiones,Apóstoles,3935,Szczensny,1,3,92,10,34840000
Misiones,Aristóbulo Del Valle,3934,Milagros,0,0,19,1,5640000
Misiones,Aristóbulo Del Valle,3933,Villa Orta,0,0,10,4,3600000
Misiones,Aristóbulo Del Valle,3932,Barrio YPF,0,0,3,0,720000
Misiones,San Vicente,1948,Sarmiento,0,1,10,1,4080000
Misiones,Garupá,1947,Santa Clara III,1,8,151,10,50370000
Misiones,Aristóbulo Del Valle,3931,Barrio Unido,0,0,2,0,840000
Misiones,Aristóbulo Del Valle,3928,Barrio Nuevo,0,0,1,1,750000
Misiones,Aristóbulo Del Valle,3927,Maná,1,0,2,1,1320000
Misiones,Aristóbulo Del Valle,3926,Municipal,0,0,1,3,1540000
Misiones,San Pedro,3925,Punta Cancha,0,1,5,1,2620000
Misiones,San Pedro,3924,Emsa,0,0,8,0,2280000
Misiones,San Pedro,3923,San Francisco,0,1,3,0,1800000
Misiones,San Pedro,3922,Santa Rosa,1,5,30,3,15100000
Misiones,Posadas,1946,Familias Unidas,0,11,272,20,103150000
Misiones,Posadas,1945,Prosol II,0,1,53,1,16380000
Misiones,San Pedro,3921,Zona Industrial,0,0,12,2,5400000
Misiones,San Pedro,3920,Hirrazaba,0,1,32,1,11350000
Misiones,Posadas,1942,Ducon Olero,1,3,66,9,26980000
Misiones,San Pedro,3919,Los Bomberos,0,0,4,0,1560000
Misiones,San Pedro,3918,San Miguel,0,1,9,2,4440000
Misiones,Posadas,1941,Prosol I,0,0,57,2,17240000
Misiones,Puerto Libertad,3917,Veintiseis de Octubre,1,2,22,3,10920000
Misiones,Colonia Wanda,3916,San José Obrero Ex Tacuaral,0,0,4,1,1920000
Misiones,Colonia Wanda,3915,Piedra Preciosa,0,0,2,3,1420000
Misiones,Colonia Wanda,3914,Kallsten,0,2,9,3,3940000
Misiones,Oberá,1940,El Progreso,0,0,15,3,5620000
Misiones,Oberá,1939,Tres Esquinas,0,0,29,3,11480000
Misiones,Colonia Wanda,3913,Cantera,0,0,3,0,1200000
Misiones,Colonia Wanda,3912,Nueva Argentina,0,0,10,0,2860000
Misiones,Oberá,1938,Sargento Cabral,0,1,16,4,6300000
Misiones,Puerto Esperanza,3911,Rolón Varga,0,1,7,1,3120000
Misiones,Puerto Esperanza,3910,Bergue,0,0,1,1,480000
Misiones,Oberá,1937,Kilometro 9 y medio,0,0,13,0,3480000
Misiones,Puerto Esperanza,3909,Arroyito,0,0,15,3,6200000
Misiones,Colonia Wanda,3908,San Francisco,0,2,9,6,6080000
Misiones,Colonia Wanda,3907,San José Obrero,0,1,4,1,2280000
Misiones,Colonia Wanda,3906,Puerto Wanda,1,1,7,2,3750000
Misiones,Oberá,1936,Kilómetro 0,0,2,26,1,11400000
Misiones,Oberá,1935,Copisa,0,1,14,1,4040000
Misiones,Colonia Wanda,3905,Cardenas,0,3,4,0,3240000
Misiones,Puerto Iguazú,3904,Unión,1,2,46,7,21270000
Misiones,Oberá,1934,Kilómetro 11,0,1,21,0,7860000
Misiones,Puerto Iguazú,3903,Barrio Hermoso,0,0,14,0,6100000
Misiones,Puerto Iguazú,3902,Alto Paraná,0,0,16,1,6850000
Misiones,Oberá,1933,Villa Stemberg,0,1,24,2,11880000
Misiones,Puerto Iguazú,3901,Almirante Brown,0,1,44,5,16420000
Misiones,Puerto Iguazú,3900,Malvinas,0,1,16,0,5280000
Misiones,Puerto Iguazú,3899,Santa Rosa,0,1,7,2,2880000
Misiones,Puerto Iguazú,3898,Libertad,1,0,26,2,10090000
Misiones,Posadas,1932,Villa Lanús,0,2,12,4,6820000
Misiones,Posadas,1931,Villa Cariño,0,0,57,3,16880000
Misiones,Puerto Iguazú,3897,Veinticinco de Mayo,0,2,73,12,30220000
Misiones,Puerto Iguazú,3896,Bicentenario,3,2,146,10,48680000
Misiones,Puerto Iguazú,3895,Catarata,0,4,115,5,38300000
Misiones,Puerto Iguazú,3894,Alto Paraná,0,1,7,1,3360000
Misiones,Posadas,1930,Lapachitos,0,5,120,12,40400000
Misiones,Puerto Iguazú,3893,San Lucas,0,0,7,0,2040000
Misiones,Puerto Iguazú,3892,Villa Tacuara,0,0,6,0,1560000
Misiones,Apóstoles,3891,La Cantera,1,4,70,11,28450000
Misiones,Apóstoles,3890,Descamisados,0,0,10,2,3600000
Misiones,Posadas,1929,El Mangal,1,1,8,1,3960000
Misiones,Posadas,1928,San Onofre,0,2,138,6,43120000
Misiones,Posadas,1927,La Tablada,1,1,28,4,11160000
Misiones,Leandro N Alem,3889,Tung Oil,0,0,6,2,2410000
Misiones,Leandro N Alem,3888,Hintz,0,0,1,0,600000
Misiones,Posadas,1926,La Cantera,2,2,60,9,25530000
Misiones,Leandro N Alem,3887,Sagrada Familia,0,0,8,3,4070000
Misiones,Leandro N Alem,3886,La Forestal,0,0,2,0,480000
Misiones,Posadas,1925,La Chacra 101,0,2,48,8,17790000
Misiones,Leandro N Alem,3885,Alfa,0,1,3,0,1920000
Misiones,Leandro N Alem,3884,Espacio Verde,0,0,17,2,7830000
Misiones,Leandro N Alem,3883,Veinte de Junio,0,0,20,2,7880000
Misiones,Leandro N Alem,3882,Espacio Verde,0,0,4,0,1560000
Misiones,Garupá,1924,Santa Clara I,0,1,91,7,30720000
Misiones,Posadas,1923,Chacra 159,0,1,94,8,31350000
Misiones,Puerto Iguazú,3881,Villa Alta,0,0,1,0,240000
Misiones,Puerto Rico,3880,Iprodha,0,2,13,2,5640000
Misiones,Posadas,1922,Faraón,0,0,20,0,6580000
Misiones,Puerto Esperanza,3879,Ocho de Diciembre,0,1,5,1,3120000
Misiones,Puerto Esperanza,3878,Bella Vista,0,7,64,2,30040000
Misiones,Posadas,1921,Las Tacuaritas,1,4,42,10,18840000
Misiones,Puerto Esperanza,3877,El Triunfo,1,1,38,3,15120000
Misiones,Jardín América,3876,Timbosito,0,0,7,1,2520000
Misiones,Jardín América,3875,San Martín,1,0,24,1,8240000
Misiones,Jardín América,3874,Capilla II,1,4,44,3,16380000
Misiones,Jardín América,3873,Los Cedros,0,3,30,3,13180000
Misiones,Jardín América,3872,Barrio Nuevo,0,0,12,0,3100000
Misiones,Hipólito Yrigoyen,3871,Solar,0,0,4,0,990000
Misiones,Hipólito Yrigoyen,3870,San Miguel,0,1,8,4,3960000
Misiones,Santa Ana,5525,36 Cajitas,0,0,4,2,2640000
Misiones,Mártires,5521,Lote 77,0,1,5,0,3250000
Misiones,Cerro Azul,5533,Sauer,0,0,2,0,960000
Misiones,Los Helechos,5546,Escondido,0,1,1,0,1200000
Misiones,Campo Viera,5539,Kilómetro 28,0,0,4,0,2050000
Misiones,Gobernador Roca,5554,Fiscal,0,0,4,0,1950000
Misiones,Puerto Iguazú,4180,2000 Hectareas,1,15,160,15,68860000
Misiones,Apóstoles,4181,Timbo,2,6,26,4,14400000
Misiones,Posadas,2056,Chacra 248,0,0,12,0,3720000
Misiones,9 De Julio Kilómetro 20,5579,Ex Madin,0,0,1,0,600000
Misiones,Colonia Victoria,5581,Jardín,0,0,1,0,250000
Misiones,María Magdalena,5589,Aguaray Mini,2,6,0,0,4800000
Misiones,María Magdalena,5591,Escuela 800,0,0,2,0,1200000
Misiones,María Magdalena,5587,Puerto Mado,1,0,1,1,1450000
Misiones,9 De Julio Kilómetro 20,5576,Inmaculada,0,0,5,1,3600000
Misiones,María Magdalena,5593,Alegre,0,0,1,0,600000
Misiones,Pozo Azul,5618,Sin Nombre,0,2,0,0,1200000
Misiones,Puerto Rico,5609,Eucaliptal,0,0,4,0,2400000
Misiones,Puerto Leoni,5607,Colonia Flora,1,0,0,0,600000
Misiones,El Alcázar,5605,8 Viviendas,0,0,1,0,600000
Misiones,El Alcázar,5603,Ñanderoga,0,0,1,0,600000
Misiones,Bernardo De Irigoyen,5597,Sin Nombre,0,0,2,0,1200000
Misiones,María Magdalena,5594,Cooperativa,0,0,4,0,2400000
Misiones,María Magdalena,5592,Pueblo Nuevo,1,2,12,0,9000000
Misiones,María Magdalena,5590,Aguai Poty,1,12,0,0,7800000
Misiones,María Magdalena,5588,Delicia Kilómetro 4,1,2,16,0,11400000
Misiones,Colonia Victoria,5586,Parehjá,3,1,4,0,4800000
Misiones,Colonia Victoria,5584,Luján,0,0,1,0,250000
Misiones,Colonia Victoria,5582,Unión,0,1,1,0,1200000
Misiones,9 De Julio Kilómetro 20,5580,Santa Catalina,0,0,1,1,1200000
Misiones,9 De Julio Kilómetro 20,5577,Nolf,0,0,1,0,600000
Misiones,9 De Julio Kilómetro 20,5575,Sin Nombre,0,0,1,1,1200000
Misiones,Pueblo Illia,5573,Luz Y Fuerza,0,4,0,0,1000000
Misiones,Dos De Mayo Núcleo III (Bº Bernardino Rivadavia),5569,Bernardino Rivadavia,0,0,0,1,600000
Misiones,Campo Grande,5565,Olería,0,0,2,0,850000
Misiones,Puerto Esperanza,5602,San José,0,1,6,0,4200000
Misiones,25 De Mayo,5561,Don Abel,0,1,0,0,600000
Misiones,25 De Mayo,5560,Paraíso,0,0,1,0,360000
Misiones,Oberá,5552,Villa Svea I,0,0,1,0,600000
Misiones,Oberá,5549,Villa Kleiven,0,1,0,0,600000
Misiones,Oberá,5547,CABA,0,1,2,0,1800000
Misiones,Los Helechos,5545,El Gurí,0,0,1,0,600000
Misiones,Guaraní,5544,Villa Sommer,0,0,1,0,600000
Misiones,Campo Viera,5540,Lote 16,0,1,0,0,600000
Misiones,Campo Viera,5538,El Solar,0,0,2,0,1200000
Misiones,Olegario V. Andrade,5537,Las Toscas,1,0,12,0,5640000
Misiones,Dos Arroyos,5535,Guaraní Espacio Verde,0,0,6,0,1110000
Misiones,Posadas,5532,Chacra 246,0,5,29,4,20760000
Misiones,Posadas,5531,Chacra 11,0,1,6,0,2880000
Misiones,Posadas,5530,Posadas,1,0,1,0,960000
Misiones,Posadas,5529,Néstor Kirchner,0,2,7,1,5070000
Misiones,Posadas,5528,La Olla,0,0,4,0,2400000
Misiones,Posadas,5527,La Resistencia,0,2,4,0,2880000
Misiones,Garupá,5526,7 Hectáreas,0,0,2,0,1200000
Misiones,Puerto Santa Ana,5524,Martín Chico,0,3,31,2,15790000
Misiones,Mártires,5523,Don Otto,0,0,1,0,600000
Misiones,Mártires,5522,Nuevo,0,0,2,0,1200000
Misiones,Loreto,5520,Sin Nombre,0,2,2,0,1920000
Misiones,Candelaria,5519,Sin Nombre,1,0,5,0,2880000
Misiones,San José,5518,Belgrano,0,1,17,1,9610000
Misiones,San José,5517,San Martín,0,0,4,1,2520000
Misiones,San José,5516,Nuevo,1,2,12,0,8280000
Misiones,Estación Apóstoles,5515,Las Tablitas,0,1,2,0,1560000
Misiones,Campo Grande,5566,Reserva,0,0,2,0,1200000
Misiones,San Antonio,4498,Cerámica,0,2,38,5,15820000
Misiones,Puerto Iguazú,4696,Barrio Unido,0,4,21,2,12110000
Misiones,San Ignacio,4649,Nuevo Progreso,2,1,26,3,12550000
Misiones,Posadas,4648,Patotí,0,0,2,0,720000
Misiones,Bernardo De Irigoyen,4628,Campiñas de Américo,0,0,2,0,300000
Misiones,Bernardo De Irigoyen,4626,Asentamiento de Dos Hermanas,0,1,1,0,1200000
Misiones,Bernardo De Irigoyen,4629,Tránsito Pesado,0,0,1,0,240000
Misiones,San Antonio,4585,Alecrin,0,0,3,0,1800000
Misiones,San Antonio,4583,Primavera,0,0,1,0,360000
Misiones,San Antonio,4587,Villa Alta,0,0,2,0,600000
Misiones,San Antonio,4586,San Expedito,0,0,3,0,1450000
Neuquén,San Martín De Los Andes,4559,Cantera,0,2,6,0,3480000
Neuquén,Mariano Moreno,5702,Islas Malvinas II,0,0,1,0,600000
Neuquén,Zapala,3959,Las Vias,0,0,1,0,240000
Neuquén,Zapala,3957,Barditas,0,0,1,0,600000
Neuquén,Junín De Los Andes,3949,Dos de Abril,0,0,1,1,480000
Neuquén,Junín De Los Andes,3969,Quince de Febrero,0,0,7,3,3120000
Neuquén,Rincón De Los Sauces,3968,Las Bardas,0,2,1,2,2040000
Neuquén,Zapala,3966,Barrio Unión,0,0,1,1,600000
Neuquén,San Martín De Los Andes,3962,La Isla,0,0,5,1,1680000
Neuquén,San Martín De Los Andes,3961,Ampliación Colonia Maipú,0,0,14,1,3620000
Neuquén,Zapala,3960,Bella Vista,0,0,2,0,600000
Neuquén,Rincón De Los Sauces,3955,Libertad,0,0,2,0,840000
Neuquén,San Martín De Los Andes,3954,Balcones de La Vega,0,0,5,1,1560000
Neuquén,San Martín De Los Andes,3953,Esperanza Arriba,0,1,11,1,3820000
Neuquén,San Martín De Los Andes,3952,Parque Sur,0,0,4,1,1320000
Neuquén,San Martín De Los Andes,3951,Jardines del Parque,0,0,7,0,1800000
Neuquén,Junín De Los Andes,3950,Toscablanca,0,0,0,2,700000
Neuquén,Neuquén,4817,Sector La Laguna,0,0,4,0,2160000
Neuquén,Neuquén,4460*,Monte del Rey,0,0,2,0,480000
Neuquén,Zapala,4811,La Unión de Zapala,0,0,1,0,600000
Neuquén,Vista Alegre Norte,5697,Las Parcelas,0,0,0,1,250000
Neuquén,Neuquén,5695,Nueva Jerusalén,0,0,4,0,2160000
Neuquén,Neuquén,5694,Huiliches,0,0,1,1,460000
Neuquén,San Patricio Del Chañar,5691,Picada III,0,0,0,2,1200000
Neuquén,Neuquén,2432,Ampliación Alto Godoy,0,0,10,3,3480000
Neuquén,Neuquén,2431,Loteo Social I,0,1,4,0,1560000
Neuquén,Neuquén,2470,Nuevo Amanecer,0,1,4,0,1560000
Neuquén,Neuquén,2438,Valentina Sur Rural Sector La Costa,0,0,9,0,2160000
Neuquén,Neuquén,2491,La Roca,0,1,10,0,3580000
Neuquén,Neuquén,2434,Dos de Mayo,0,2,40,5,14550000
Neuquén,Neuquén,2493,Ruca Antu,0,6,40,11,19340000
Neuquén,Neuquén,2492,Atahualpa Yupanqui,0,1,8,2,3630000
Neuquén,Neuquén,2433,Auka Mawida,0,2,27,3,10280000
Neuquén,Centenario,2490,Ocho de Agosto,0,0,5,1,1800000
Neuquén,Centenario,2489,Eluney,0,1,12,0,3440000
Neuquén,Neuquén,2488,Veintiseis de Agosto Segunda Etapa,0,0,25,3,7440000
Neuquén,Neuquén,2487,La Canchita,0,0,2,0,480000
Neuquén,Neuquén,2485,Ampliación Rincón del Valle,0,1,13,0,3940000
Neuquén,Neuquén,2482,Newen Che,0,0,18,4,6840000
Neuquén,Centenario,2479,Nueva España,0,0,3,0,1080000
Neuquén,Neuquén,2478,Almafuerte II,0,1,18,1,6270000
Neuquén,Neuquén,2477,Loteo Social II,0,4,27,2,11520000
Neuquén,Neuquén,2476,Sector La Familia,0,4,32,6,12400000
Neuquén,Neuquén,2475,La Huerta,0,0,2,1,1200000
Neuquén,Neuquén,2474,Tierras Nuevas Para Neuquén,0,0,19,3,6960000
Neuquén,Neuquén,2473,Los Hornitos,0,4,108,12,36080000
Neuquén,Neuquén,2472,Sector Monte Sinaí,0,0,10,0,3120000
Neuquén,Neuquén,2471,Ampliación La Franja,0,0,13,0,3990000
Neuquén,Cutral Co,2469,Filidei Sur,0,0,1,0,600000
Neuquén,Cutral Co,2468,Monte Hermoso,0,2,7,1,3360000
Neuquén,Neuquén,2467,Espartaco,0,1,9,0,3360000
Neuquén,Plottier,2466,Colonia Evita,1,2,8,7,5700000
Neuquén,Plottier,2465,Gran Plottier,0,2,18,1,7560000
Neuquén,Plottier,2464,Bardas Soleadas,0,5,15,2,8840000
Neuquén,Plottier,2463,Los Hijos de La Esperanza,0,0,1,1,340000
Neuquén,Neuquén,2462,Complejo Paimún,1,4,21,3,11380000
Neuquén,Neuquén,2461,Sector Tres Arroyos,0,1,8,1,2980000
Neuquén,Neuquén,2460,Colonia Rural Nueva Esperanza,0,4,17,10,10090000
Neuquén,Neuquén,2459,Siete de Mayo,2,12,114,12,45530000
Neuquén,Neuquén,2458,Ampliación Argentina II,0,0,12,1,3960000
Neuquén,Neuquén,2457,Ampliación Obrador,0,1,11,2,4060000
Neuquén,Neuquén,2456,El Aeropuerto,0,2,11,1,4680000
Neuquén,Vista Alegre Norte,2455,Parque La Reserva,0,1,11,4,5480000
Neuquén,Centenario,2454,Nueva España,0,0,4,1,1200000
Neuquén,Neuquén,2453,Virgen de Luján,0,0,3,6,2720000
Neuquén,Neuquén,2452,Ampliación Juvenil,0,0,7,0,1680000
Neuquén,Neuquén,2451,Ampliación La Familia,0,0,13,2,3940000
Neuquén,Neuquén,2450,Ampliación Limay,0,0,4,0,1800000
Neuquén,Neuquén,2449,Ampliación La Amistad,0,0,6,0,1560000
Neuquén,Neuquén,2448,Ampliación Pacífica,0,3,38,5,13470000
Neuquén,Neuquén,2447,Ampliación Norte,0,2,6,0,2640000
Neuquén,Neuquén,2446,Bouquet Roldán Sector Jóvenes Sin Techo,0,1,6,2,2760000
Neuquén,Neuquén,2445,Tronador Al Fondo,0,1,3,0,1440000
Neuquén,Neuquén,2444,Ampliación Nueve de Febrero,0,0,4,5,2520000
Neuquén,Neuquén,2443,Sector Peumayén,0,5,65,9,23440000
Neuquén,Neuquén,2442,Primero de Septiembre,0,1,10,3,3940000
Neuquén,Neuquén,2441,Itatí,0,0,5,2,2160000
Neuquén,Neuquén,2440,Valentina Norte Rural Sector Los Hornos,0,11,149,15,54950000
Neuquén,Centenario,2439,Vista Hermosa II,0,1,16,0,5380000
Neuquén,Centenario,2437,Costa Barda,0,0,1,1,840000
Neuquén,Neuquén,2435,Estrella Federal,0,1,13,3,5260000
Neuquén,Añelo,4810,La Esperanza,0,1,1,0,1200000
Neuquén,Centenario,4812,Bella Vista,0,3,44,5,17010000
Neuquén,Neuquén,4816,Sector Ferroviario,0,1,2,0,1200000
Neuquén,Neuquén,4813,Barrio Unión,0,0,5,0,3000000
Neuquén,Neuquén,4815,Colonia Rural Nueva Esperanza II,0,3,2,0,2650000
Neuquén,Neuquén,4814,San Antonio,0,2,1,0,1800000
Neuquén,Neuquén,4630,Barda Roja,0,5,12,7,9920000
Río Negro,El Bolsón,4564,Irigoyen,0,1,3,1,1420000
Río Negro,El Bolsón,4563,Usina,0,1,10,1,3720000
Río Negro,El Bolsón,4562,Primavera,0,0,5,0,1680000
Río Negro,General Roca,4509,Colonia 17 de Octubre,0,1,33,8,11720000
Río Negro,El Bolsón,4482,El Mirador,0,3,24,0,7400000
Río Negro,Cipolletti,4480,Juventud y Desarrollo,0,0,11,0,2720000
Río Negro,El Bolsón,4466,Laguna de Los Juncos,0,0,4,1,1200000
Río Negro,Mainqué,4448,Santa Lucía,2,0,25,5,9480000
Río Negro,Cipolletti,4447,La Cascada,0,1,27,9,9660000
Río Negro,General Roca,4446,Los Hornos,0,1,18,0,8760000
Río Negro,San Carlos De Bariloche,4371,Mutisias,0,0,10,0,2980000
Río Negro,San Carlos De Bariloche,4366,Nuestras Malvinas,0,15,93,7,42350000
Río Negro,San Carlos De Bariloche,4365,Manzana Hueney,0,2,21,2,7540000
Río Negro,San Carlos De Bariloche,4364,El Maitén,0,3,5,0,3840000
Río Negro,San Carlos De Bariloche,4363,La Lomita,0,0,3,0,720000
Río Negro,El Bolsón,4362,Industrial,0,2,37,6,13740000
Río Negro,Allen,4335,Maruchito,0,0,3,1,960000
Río Negro,Allen,4333,Costa Este,0,0,14,3,6340000
Río Negro,Allen,4332,Bridas,0,0,8,1,2640000
Río Negro,Allen,4331,Madariaga,0,0,7,3,3480000
Río Negro,Allen,4330,Huemul,0,0,1,1,600000
Río Negro,General Roca,4329,Alta Barda Ladrilleros,0,5,65,7,25940000
Río Negro,General Roca,4328,Newen,0,3,14,2,7110000
Río Negro,General Roca,4327,Quinta 25,0,5,59,9,22300000
Río Negro,Cipolletti,4322,Fuerte Apache,0,0,12,0,3220000
Río Negro,Cipolletti,4321,Pacheco Bis,1,0,14,1,4200000
Río Negro,Cipolletti,4320,Las Hortensias,0,1,4,0,1560000
Río Negro,Cipolletti,4319,Rimel y Canal,0,0,4,0,2040000
Río Negro,Cipolletti,4318,Quintana,0,1,5,0,2160000
Río Negro,Cipolletti,4317,Labraña,0,1,23,2,7040000
Río Negro,Cipolletti,4316,Lalor,0,0,5,0,1560000
Río Negro,Cipolletti,4315,Isla Jordán,0,1,18,4,6960000
Río Negro,Cipolletti,4314,Las Cabañitas,0,0,5,0,1780000
Río Negro,General Roca,4298,Ampliación Aeroclub,0,6,127,7,45010000
Río Negro,Las Grutas,4240,Veintitrés de Septiembre,0,0,11,0,2640000
Río Negro,El Bolsón,4238,Tres de Mayo,0,1,31,0,8400000
Río Negro,Cipolletti,4237,Nuevo Ferri,0,11,143,18,53050000
Río Negro,El Bolsón,4935,Alto Esperanza,0,1,3,0,1710000
Río Negro,San Carlos De Bariloche,4940,Bella Vista,0,0,1,0,360000
Río Negro,Cipolletti,5718,Amanecer,0,1,7,1,5400000
Río Negro,General Enrique Godoy,5723,Zona de Barda,1,0,3,2,3120000
Río Negro,Ingeniero Luis A. Huergo,5730,La Barda,0,0,2,5,3130000
Río Negro,Viedma,3757,El Progreso,0,2,56,5,16900000
Río Negro,El Bolsón,3756,Obrero,0,1,11,1,4560000
Río Negro,Villa Regina,3755,El Sauce,1,4,48,5,21020000
Río Negro,El Bolsón,3753,El Renoval,0,2,11,0,4200000
Río Negro,El Bolsón,3752,Los Hornos,0,0,1,0,240000
Río Negro,El Bolsón,3750,Los Cipreses,0,1,26,1,8140000
Río Negro,El Bolsón,3749,La Aldea,0,2,4,0,2520000
Río Negro,El Bolsón,3748,Luján,0,4,62,2,23240000
Río Negro,El Bolsón,3747,Terminal,0,0,6,1,2040000
Río Negro,El Bolsón,3745,La Lagunita,0,0,8,1,2160000
Río Negro,El Bolsón,3743,San José,0,1,54,3,16420000
Río Negro,El Bolsón,3742,Costanera,0,3,24,2,9840000
Río Negro,El Bolsón,3741,Veintiuno de Septiembre,0,0,22,1,6360000
Río Negro,El Bolsón,3738,Ecobarrio,0,0,39,4,11240000
Río Negro,Catriel,3737,Lote 14,0,1,22,2,6720000
Río Negro,San Antonio Oeste,3736,Sin Nombre,0,1,10,1,5040000
Río Negro,Villa Regina,3735,Chiripa,0,0,2,0,600000
Río Negro,Villa Regina,3734,La Unión,0,0,29,2,8910000
Río Negro,Villa Regina,3733,La Graava,0,2,82,7,22710000
Río Negro,Catriel,3731,Lote 15,0,0,38,5,11260000
Río Negro,El Bolsón,3730,Amancay,0,0,30,0,8040000
Río Negro,El Bolsón,3729,Los Ñires,0,1,32,4,11760000
Río Negro,El Bolsón,3728,Alma Fuerte,0,5,52,1,16920000
Río Negro,Viedma,3727,Esperanza,0,5,89,9,28930000
Río Negro,Viedma,3726,Santa Clara,0,1,17,5,5620000
Río Negro,Viedma,3724,Unión,0,2,44,4,15640000
Río Negro,Viedma,3723,Puente Viejo,0,0,14,0,3720000
Río Negro,Viedma,3721,Cuchilla Norte,0,0,2,0,480000
Río Negro,El Bolsón,3720,Ex PROMEBA,0,2,35,3,12720000
Río Negro,General Roca,2535,Bahía Blanca,0,0,1,0,240000
Río Negro,Cipolletti,2536,Costa Norte,0,3,42,5,16180000
Río Negro,Cipolletti,2511,Puente de Madera,0,3,27,9,12090000
Río Negro,San Carlos De Bariloche,4391*,Wanguelen,0,0,2,0,480000
Río Negro,Cipolletti,2508,Costa Sur,0,4,20,4,9950000
Río Negro,Cipolletti,2494,Bicentenario,0,0,5,0,1320000
Río Negro,Cipolletti,2495,Auca Liwen,0,1,14,0,4660000
Río Negro,Cipolletti,4833,ACTIA,0,0,18,0,4800000
Río Negro,Villa Regina,5731,Otto Krausse,0,1,3,0,2160000
Río Negro,Ingeniero Luis A. Huergo,5729,Ceferino,0,0,1,5,3600000
Río Negro,General Roca,5728,La Lomita,0,1,0,1,700000
Río Negro,General Fernández Oro,5725,Esperanza,0,0,2,0,960000
Río Negro,Cipolletti,5722,Puente 83 Sur,0,4,14,0,8430000
Río Negro,Cipolletti,5721,Barrio Norte Michi Michi,0,0,5,0,2040000
Río Negro,Cipolletti,5720,4 Esquinas,1,0,1,2,1920000
Río Negro,Cinco Saltos,5717,El Progreso,0,1,4,1,3250000
Río Negro,Chichinales,5715,Sin Nombre,0,0,1,1,960000
Río Negro,Cervantes,5714,Viturini,0,0,1,0,600000
Río Negro,Cervantes,5713,Evita,0,0,0,1,600000
Río Negro,Cervantes,5712,La Defensa,0,1,6,1,3630000
Río Negro,Cervantes,5711,El Porvenir,0,0,1,0,600000
Río Negro,Cervantes,5710,Luna,0,0,2,0,960000
Río Negro,Catriel,5709,Preiss,0,1,5,0,2880000
Río Negro,Allen,5704,Vientos del Oeste,0,0,1,0,600000
Río Negro,San Carlos De Bariloche,2661,Dos de Abril,0,0,28,0,7080000
Río Negro,San Carlos De Bariloche,2660,Nueva Jamaica,0,4,78,2,22560000
Río Negro,San Carlos De Bariloche,2659,San Cayetanito,0,6,36,2,14020000
Río Negro,San Carlos De Bariloche,2658,Virgen Misionera,0,2,22,1,7000000
Río Negro,San Carlos De Bariloche,2657,Vivero,0,2,37,3,12940000
Río Negro,San Carlos De Bariloche,2656,Arrayanes,0,2,39,1,12180000
Río Negro,San Carlos De Bariloche,2655,Inta,0,1,20,1,6100000
Río Negro,San Carlos De Bariloche,2654,Ex Matadero,0,1,7,0,2640000
Río Negro,San Carlos De Bariloche,2653,Mari Mari,0,3,8,0,3930000
Río Negro,San Carlos De Bariloche,2651,Nahuel Hue,0,20,154,12,59610000
Río Negro,Villa Campanario,2650,Don Bosco,0,3,22,0,8070000
Río Negro,San Carlos De Bariloche,2649,40 Viviendas,0,0,4,0,1320000
Río Negro,San Carlos De Bariloche,2648,Alun Ruca,1,11,234,7,70280000
Río Negro,San Carlos De Bariloche,2647,Eva Perón,0,3,20,2,8620000
Río Negro,San Carlos De Bariloche,2646,Unión,0,0,4,0,1320000
Río Negro,San Carlos De Bariloche,2645,Manzana 200,0,0,7,0,1540000
Río Negro,San Carlos De Bariloche,2644,Valle Gas,0,2,19,3,7040000
Río Negro,San Carlos De Bariloche,2643,Barda Este,0,1,12,1,4080000
Río Negro,San Carlos De Bariloche,2642,La Habana,0,3,21,1,7420000
Río Negro,San Carlos De Bariloche,2641,Entre Cerros,0,2,13,1,4670000
Río Negro,San Carlos De Bariloche,2605,Veintinueve de Septiembre,0,11,140,7,48980000
Río Negro,Cipolletti,2547,Nueva Esperanza,0,4,44,3,15100000
Río Negro,Cipolletti,2546,Martín Fierro,1,4,74,5,25260000
Río Negro,Balsa Las Perlas,2545,Puente Santa Mónica,0,2,20,1,6920000
Río Negro,Balsa Las Perlas,2544,Vista del Valle,0,0,11,0,2360000
Río Negro,Cipolletti,2542,Santa María Goretti,0,0,11,0,2960000
Río Negro,Allen,2541,Once de Noviembre,0,0,42,4,14470000
Río Negro,Allen,2540,Acceso Martín Fierro,0,0,4,1,1200000
Río Negro,Cipolletti,2539,Tres Luces,0,2,16,3,8040000
Río Negro,Cipolletti,2538,Diez de Febrero,0,5,129,11,41790000
Río Negro,Cipolletti,2537,Diez de Enero,0,4,29,2,10070000
Río Negro,Cipolletti,2510,Dos de Agosto,0,6,75,7,28420000
Río Negro,Cinco Saltos,2524,El Bosquecito,0,0,7,2,3000000
Río Negro,Cipolletti,2509,Cuatro de Agosto,0,3,37,4,12560000
Río Negro,Cipolletti,2534,El Espejo,0,0,10,0,3600000
Río Negro,Allen,2533,Ampliación Los Sauces,0,1,17,1,6480000
Río Negro,Cinco Saltos,2532,Obreros Unidos,0,1,3,1,2040000
Río Negro,General Fernández Oro,2531,Costa Linda,0,5,7,1,6840000
Río Negro,Allen,2530,El Facón,0,0,5,1,1420000
Río Negro,Cipolletti,2528,Colonia Curri Lamuel,0,1,10,0,3840000
Río Negro,Cipolletti,2527,El Trabajo,0,5,10,2,5870000
Río Negro,Allen,2526,Vidriera I,0,3,21,1,8980000
Río Negro,General Roca,2525,Villa Obrera,0,0,14,0,3840000
Río Negro,Cinco Saltos,2523,Villa Tesari,0,0,2,0,1200000
Río Negro,Cinco Saltos,2522,Salina,0,1,22,0,8310000
Río Negro,Cipolletti,2521,Dos de Febrero,0,9,271,31,89310000
Río Negro,General Roca,2520,Loteo 1 Barrio Nuevo,0,2,91,5,29260000
Río Negro,General Roca,2519,Loteo II,0,2,34,7,13400000
Río Negro,Cipolletti,2518,Los Sauces Cipolletti,0,0,22,1,5080000
Río Negro,Cipolletti,2517,La Rivera,0,1,7,1,3000000
Río Negro,Cipolletti,2516,Portales del Río,0,5,41,8,16270000
Río Negro,Cipolletti,2515,Puente 83 Norte,0,1,26,2,8980000
Río Negro,Balsa Las Perlas,2514,Costa Esperanza,1,8,89,12,36190000
Río Negro,Balsa Las Perlas,2513,Parque,0,0,3,0,720000
Río Negro,Balsa Las Perlas,2512,Primeros Pobladores,0,0,5,1,2040000
Río Negro,Cipolletti,2507,Alameda,0,0,21,1,6460000
Río Negro,General Roca,2506,Fiske Menuco,0,10,158,14,53220000
Río Negro,General Roca,2505,Buenos Aires Chico,0,0,1,1,840000
Río Negro,General Roca,2504,Mar del Plata,0,0,1,0,600000
Río Negro,General Roca,2503,Ampliación Chacramonte,1,31,181,16,79100000
Río Negro,Allen,2501,Calle Ciega,0,1,1,2,1680000
Río Negro,Allen,2500,El Triángulo,0,0,3,0,720000
Río Negro,Allen,2499,Juventud Unida,0,0,19,3,6180000
Río Negro,Allen,2498,El Progreso,0,0,6,1,2160000
Río Negro,San Carlos De Bariloche,4939,Pilar II,1,3,4,0,4320000
Río Negro,San Carlos De Bariloche,4938,Quinta 51,0,0,2,1,1560000
Río Negro,San Carlos De Bariloche,4937,Santo Cristo,0,0,5,0,2760000
Río Negro,El Bolsón,4933,Esperanza,0,0,7,1,2040000
Río Negro,El Bolsón,4932,Buena Vista,0,1,2,1,1440000
Río Negro,El Bolsón,4930,Valle del Lindo,0,0,2,0,460000
Río Negro,El Bolsón,4929,El Cipresal,0,1,3,0,1260000
Río Negro,Las Grutas,4924,Los Pulperos,1,1,8,4,6240000
Río Negro,Viedma,4923,Trece de Junio,0,0,1,0,150000
Río Negro,El Cóndor,4922,Veinticuatro de Agosto,0,1,1,0,1200000
Río Negro,Allen,2497,Islas Malvinas,1,4,105,13,36080000
Río Negro,General Fernández Oro,4821,La Nueva Costa Esperanza,0,0,5,0,2760000
Río Negro,General Roca,4820,Zona Los Hornos,0,1,3,0,1560000
Río Negro,General Fernández Oro,4836,La Unión,0,1,6,1,3480000
Río Negro,Cipolletti,4835,Barrio Obrero B,0,10,64,3,24300000
Río Negro,Cipolletti,4834,Barrio Obrero A,0,12,215,14,68220000
Río Negro,Balsa Las Perlas,4832,Sector Chacras,0,0,1,0,600000
Río Negro,Balsa Las Perlas,4831,Barrio NYC,0,0,5,2,2880000
Río Negro,Balsa Las Perlas,4830,La Ruca Lote B,0,0,1,0,360000
Río Negro,Balsa Las Perlas,4829,La Ruca Lote A,0,0,11,0,4660000
Río Negro,Balsa Las Perlas,4828,Río Sol,0,0,1,0,240000
Río Negro,Cipolletti,4827,Santa Elena,0,0,5,0,1680000
Río Negro,Cipolletti,4826,El 30,0,1,5,0,2880000
Río Negro,General Roca,4825,Ampliación Belgrano,0,0,3,0,950000
Río Negro,Villa Regina,4824,Evita,0,0,2,0,1200000
Río Negro,Cipolletti,4823,Médanos,0,3,9,1,6120000
Río Negro,General Roca,4822,Mosconi Ampliación,0,0,1,0,150000
Río Negro,Barda Del Medio,4633,El Cepar,0,1,4,1,1800000
Río Negro,Mainqué,4632,La Esperanza,0,1,14,3,4800000
Río Negro,Cipolletti,2496,Mariano Moreno,1,0,6,2,2520000
Salta,San Ramón De La Nueva Orán,4526,San Cayetano,0,1,16,8,8980000
Salta,San Ramón De La Nueva Orán,4525,Comunidad Solazutuy,0,0,7,8,5400000
Salta,Aguas Blancas,4524,Ruta Nacional 50,0,0,8,1,2520000
Salta,Aguas Blancas,4523,Vialidad,0,0,3,0,720000
Salta,Aguas Blancas,4522,Primavera,0,0,1,0,360000
Salta,Villa San Lorenzo,4490,Nueva Esperanza,0,3,18,4,7420000
Salta,Aguas Blancas,2203,Primer Sendero,0,0,7,1,2640000
Salta,Salta Capital,2202,Villa Luján,0,1,17,0,4780000
Salta,Salta Capital,2201,Finca San Francisco,0,1,14,0,4320000
Salta,Salta Capital,2200,San Antonio,0,0,8,3,3240000
Salta,Salta Capital,2199,Ceferino,0,8,54,8,23580000
Salta,Salta Capital,2198,Las Colinas,0,4,69,3,20720000
Salta,San Ramón De La Nueva Orán,2197,Cuatro de Junio,1,16,306,34,117310000
Salta,Salta Capital,2196,Trece de Abril,0,3,40,1,12820000
Salta,Tartagal,2195,San Antonio,1,0,9,2,4810000
Salta,Salta Capital,2194,Finca Santa Anita,0,1,9,2,3110000
Salta,Tartagal,2193,Kilómetro 6,19,27,46,4,48470000
Salta,San Ramón De La Nueva Orán,2192,Ex Monotécnica,0,0,11,0,3000000
Salta,General Enrique Mosconi,2191,La Esperanza,0,1,15,6,6800000
Salta,Tartagal,2190,Juan Manuel Urtubey,1,1,28,0,8120000
Salta,Tartagal,2189,María José,0,1,14,2,4740000
Salta,Rosario De La Frontera,2178,Obras Sanitarias,0,0,34,1,9120000
Salta,Rosario De La Frontera,2177,Carmen Salas,0,1,6,1,2500000
Salta,Tartagal,2188,Comunidad Fwolit,0,1,5,1,2400000
Salta,San Ramón De La Nueva Orán,2186,Desamparados,0,1,20,1,6120000
Salta,San Ramón De La Nueva Orán,2187,Comunidad Guariño Ge Zenta,0,3,38,5,11900000
Salta,Tartagal,2185,Ferroviario,0,1,10,1,3960000
Salta,Rosario De La Frontera,2179,El Guaypo,0,1,12,1,5020000
Salta,San Ramón De La Nueva Orán,2184,Cartódromo,0,0,21,2,5640000
Salta,Rosario De La Frontera,2183,Santa Ana,0,1,61,7,20720000
Salta,Rosario De La Frontera,2182,La Costanera,0,0,10,1,2860000
Salta,Salta Capital,2181,Floresta,1,23,464,26,139410000
Salta,Salta Capital,2180,El Cambio,0,9,123,11,43530000
Salta,Rosario De La Frontera,2176,Sagrado Corazón de Jesús,0,0,11,2,3120000
Salta,Salta Capital,2175,Unión,0,2,21,3,7560000
Salta,Salta Capital,2174,Albergue II,0,0,0,1,240000
Salta,Salta Capital,2173,Albergue I,0,0,5,0,1560000
Salta,Salta Capital,2172,El Jardín,0,0,4,0,1690000
Salta,Salta Capital,2171,Alta Tensión,0,5,15,2,6990000
Salta,Vaqueros,2170,Villa Sara,0,0,8,1,2400000
Salta,Salta Capital,2169,Nuestra Señora del Carmen,0,2,20,4,7300000
Salta,Tartagal,2167,Comunidad Aborigen Misión Tapiete,2,10,80,12,35700000
Salta,Tartagal,2166,Sachapera I,3,3,24,5,13090000
Salta,General Enrique Mosconi,2164,Ernesto Gregorio Torres,0,1,43,2,14400000
Salta,Tartagal,2165,Tartaguito,0,1,20,2,6580000
Salta,Tartagal,2163,Misión El Caspi Guaraní,0,0,1,2,1080000
Salta,Tartagal,2161,Ampliación Toba I,0,0,20,4,9240000
Salta,Aguaray,2160,Comunidad Tranquita,5,10,12,6,16440000
Salta,Tartagal,2162,El Arca,0,0,9,0,2520000
Salta,Tartagal,2158,Zanja Honda,0,19,39,3,26260000
Salta,Tartagal,2157,Comunidad Cuña Muerta,0,1,4,3,3360000
Salta,Tartagal,2154,Pueblo Nuevo,0,0,17,5,6600000
Salta,General Enrique Mosconi,2156,San Roque,0,0,10,3,3840000
Salta,Tartagal,2150,Comunidad Kilómetro 16,1,0,1,0,840000
Salta,Tartagal,2153,El Triángulo,0,1,13,0,5140000
Salta,Tartagal,2152,Lapacho II,1,2,16,4,8500000
Salta,Tartagal,2151,Divino Niño,0,4,55,9,20630000
Salta,Salta Capital,2143,Arturo Torino,0,1,21,2,6240000
Salta,Tartagal,2149,Comunidad Tonono I,0,0,6,0,2070000
Salta,Aguaray,2148,Piquirenda Estación,1,2,71,10,22420000
Salta,Salta Capital,2147,Progreso,0,0,26,2,9560000
Salta,Salta Capital,2146,Ampliación 20 de Junio,0,7,116,9,38630000
Salta,Salta Capital,2145,Tinkunaku,0,0,41,2,11510000
Salta,Salta Capital,2144,Norte Grande,0,3,53,2,16500000
Salta,Salta Capital,2142,Villa Lavalle,0,0,8,0,2500000
Salta,Salta Capital,2141,Veintitres de Agosto,0,1,21,4,9480000
Salta,Villa San Lorenzo,2140,San José,0,0,4,0,960000
Salta,Villa San Lorenzo,2139,San Agustín,1,2,19,0,6340000
Salta,Salta Capital,2138,Gauchito Gil,1,4,210,11,58880000
Salta,Pichanal,2136,Franzini,0,2,106,16,34790000
Salta,Pichanal,2137,Justo Juez,0,1,23,3,8620000
Salta,Pichanal,2135,Comunidad Mbooapi Karanday,0,18,127,25,54860000
Salta,Pichanal,2134,Pepito,0,1,34,15,13320000
Salta,San Ramón De La Nueva Orán,2126,San Juan,0,2,90,8,26740000
Salta,Tartagal,2111,Sachapera II,3,3,15,2,9120000
Salta,Aguas Blancas,2133,San Pantaleón,0,0,1,1,480000
Salta,Salta Capital,2132,Solís Pizarro,0,9,113,10,39490000
Salta,Salta Capital,4341,Virgen de Urkupiña,0,4,67,4,21760000
Salta,Aguas Blancas,2131,El Milagro,0,0,7,0,1900000
Salta,Salta Capital,2130,Fraternidad,0,0,18,0,5160000
Salta,Tartagal,2129,Parcela 2,0,4,43,8,16360000
Salta,San Ramón De La Nueva Orán,2128,Vialidad,0,1,27,3,8050000
Salta,San Ramón De La Nueva Orán,2127,San Expedito,1,5,129,8,40440000
Salta,Tartagal,2110,Las Moras II,0,0,5,0,1560000
Salta,San Ramón De La Nueva Orán,2125,Daud,0,0,17,2,5140000
Salta,Villa San Lorenzo,4325,El Paraíso,0,4,122,8,36400000
Salta,San Ramón De La Nueva Orán,2124,Seis de Enero,0,1,76,12,24590000
Salta,San Ramón De La Nueva Orán,2123,La Estación,0,0,19,2,5150000
Salta,San Ramón De La Nueva Orán,2122,Juventud Unida,1,6,57,5,20120000
Salta,San Ramón De La Nueva Orán,2121,Néstor Kirchner,2,9,131,15,46200000
Salta,San Ramón De La Nueva Orán,2120,San José,0,1,22,4,8020000
Salta,Rosario De Lerma,4312,Islas Malvinas,1,14,73,4,41670000
Salta,San Ramón De La Nueva Orán,2119,Libertad,1,16,195,24,68880000
Salta,Salta Capital,2118,Divino Niño II,0,1,37,2,11760000
Salta,Tartagal,2113,Comunidad Nueva Esperanza,0,0,2,0,840000
Salta,Tartagal,2117,Nueve de Julio,4,25,177,18,80530000
Salta,Tartagal,2116,Comunidad Guaraní El Ceibo,0,6,30,2,13300000
Salta,Tartagal,2115,Comunidad El Milagro,2,2,8,7,7420000
Salta,Tartagal,2114,Pablo Secretario,2,3,61,9,24840000
Salta,Tartagal,2112,Comunidad Tejene,2,4,38,13,21010000
Salta,Tartagal,2109,Ahayuk,2,3,3,1,4680000
Salta,Tartagal,2108,Parcela 41,0,3,53,3,17400000
Salta,Tartagal,2107,Comunidad Guaraní La Loma,2,10,45,18,28520000
Salta,Tartagal,2106,Villa Saavedra,0,0,3,0,720000
Salta,Tartagal,2105,Tahuichi Guaraní,1,2,7,1,3840000
Salta,Tartagal,2104,Alberto Abraham,0,2,30,3,10080000
Salta,Tartagal,2103,Parcela 19,1,1,20,3,8260000
Salta,Tartagal,2102,Tentaiyapi,0,3,55,2,19660000
Salta,Tartagal,2101,Parcela 37,0,7,46,2,16560000
Salta,Tartagal,2100,Lapacho III,1,3,12,2,7440000
Salta,Tartagal,2099,La Curva,2,1,18,3,8520000
Salta,Tartagal,2098,Luján,0,0,5,0,1320000
Salta,General Enrique Mosconi,2097,San Francisco II,0,1,15,2,5980000
Salta,Salta Capital,2095,Universitario,0,1,29,3,8700000
Salta,Salta Capital,2094,Villa Asunción,0,0,2,1,840000
Salta,Salta Capital,2096,Los Piletones,0,1,44,0,11360000
Salta,Salta Capital,2085,Villa Los Sauces,0,1,26,5,8620000
Salta,Cerrillos,4256,Loteo Sutiaga,0,0,1,0,240000
Salta,Salta Capital,2093,Sanidad II,1,5,147,9,45100000
Salta,Salta Capital,2092,San Justo,0,6,154,18,49660000
Salta,Villa San Lorenzo,2091,La Ciénaga,1,0,61,8,19320000
Salta,Cerrillos,2089,Ex Matadero,0,0,7,0,1680000
Salta,Salta Capital,2088,Primero de Mayo,0,0,2,1,720000
Salta,Salta Capital,2087,San Francisco Solano,0,3,19,1,7020000
Salta,Salta Capital,2086,Bicentenario,0,4,57,1,17120000
Salta,Salta Capital,2084,La Rivera,0,1,22,0,7080000
Salta,Coronel Mollinedo,5738,La Vía,0,0,2,0,1200000
Salta,Las Lajitas,5748,Tres de Abril,0,0,6,1,3480000
Salta,Salta Capital,5756,Ara San Juan,0,4,17,1,10410000
Salta,Coronel Cornejo,5769,San José,0,0,1,0,600000
Salta,General Ballivián,5773,Quebrachal,16,1,0,0,10200000
Salta,La Caldera,5780,Santiago Apóstol Sección 2,0,0,3,0,1560000
Salta,Pichanal,5795,Matadero,0,1,6,0,3500000
Salta,Rosario De Lerma,5806,Nuestra Señora del Carmen,2,2,5,0,5400000
Salta,San Ramón De La Nueva Orán,5796,Dos de Abril,0,2,10,0,6850000
Salta,Salta Capital,2083,La Cerámica,1,5,159,13,46800000
Salta,Salta Capital,2082,Juan Manuel de Rosas,1,12,322,16,101950000
Salta,General Güemes,3115,Nueva Esperanza II,0,3,80,12,34520000
Salta,Profesor Salvador Mazza,3113,Dieciocho de Marzo,2,2,2,0,3600000
Salta,Profesor Salvador Mazza,3112,Dieciocho de Marzo,0,1,35,12,13300000
Salta,Profesor Salvador Mazza,3111,Evita,1,1,11,4,5260000
Salta,Colonia Santa Rosa,3110,Gauchito Gil,0,8,44,11,19060000
Salta,General Güemes,3109,Ampliación 25 de Mayo,0,1,33,5,10080000
Salta,Embarcación,3108,Primavera,0,2,68,7,21160000
Salta,Metán,3107,El Greco,0,0,4,0,1320000
Salta,Metán,3106,Virgen del Valle,0,1,34,0,9240000
Salta,Metán,3105,Los Laureles,1,7,70,4,25540000
Salta,Metán,3104,Diógenes de Zapata,0,0,17,2,5240000
Salta,Metán,3103,Villa San José,0,0,9,0,2880000
Salta,Metán,3102,Balderrama,0,0,4,0,940000
Salta,Joaquín V González,3101,Gauchito Gil,0,0,5,1,2280000
Salta,Embarcación,3098,Dieciseis de Julio,0,1,73,9,24950000
Salta,Colonia Santa Rosa,3096,Nueva Esperanza,0,2,52,16,18760000
Salta,Profesor Salvador Mazza,3095,Comunidad El Milagro,0,0,3,2,1920000
Salta,Colonia Santa Rosa,3094,Sagrado Corazón,1,9,125,22,49150000
Salta,Coronel Moldes,5783,La Candelaria,0,1,1,0,1200000
Salta,San Carlos,5808,San Roque,0,0,1,0,600000
Salta,El Tala,5782,Virgen Del Valle,0,2,16,2,8640000
Salta,Urundel,5798,Veinticuatro de Septiembre,7,51,56,2,59550000
Salta,Urundel,5797,Estación,0,0,8,0,4450000
Salta,Apolinario Saravia,5732,La Esperanza,0,2,7,1,5650000
Salta,Pichanal,5794,Israel,1,14,3,1,11400000
Salta,Pichanal,5793,Tierra Casa Nueva,0,6,32,3,16230000
Salta,Paraje Saucelito,5792,Saucelito,2,3,0,0,3000000
Salta,Hipólito Yrigoyen,5791,Estación,1,11,14,0,13920000
Salta,Hipólito Yrigoyen,5790,14 Viviendas,0,1,2,0,1800000
Salta,Tartagal,5779,Comunidad La Unión,0,1,2,0,1080000
Salta,Tartagal,5778,Misión Chorote,1,5,1,0,4200000
Salta,Profesor Salvador Mazza,5777,Ferroviario,0,3,0,0,1800000
Salta,General Ballivián,5772,Tres Lapachos,2,0,0,0,1200000
Salta,General Ballivián,5771,Pastor Semillosa,1,2,2,0,2650000
Salta,Embarcación,5770,La Loma,10,68,93,7,86350000
Salta,Aguaray,5765,Piquirenda Fátima,0,2,2,1,2300000
Salta,Madre Vieja,5764,Madre Vieja,0,1,0,1,1200000
Salta,Campo Santo,5761,Juan Pablo II Ampliación,0,1,6,0,4200000
Salta,Salta Capital,5760,Comunidad Lule,0,2,2,0,2400000
Salta,Salta Capital,5759,La Católica,0,1,4,0,2100000
Salta,Salta Capital,5758,Santa Clara de Asís,0,0,12,0,4950000
Salta,Salta Capital,5757,El Milagro,0,0,1,0,600000
Salta,Salta Capital,5755,Israel,0,3,5,0,3520000
Salta,Salta Capital,5754,Los Pinos,0,2,4,0,3250000
Salta,Las Lajitas,5749,Ferroviario,0,0,3,0,1800000
Salta,Las Lajitas,5746,Santa Teresita,0,1,22,1,10410000
Salta,Joaquín V González,5745,Santa Cecilia,0,0,0,1,600000
Salta,Joaquín V González,5743,Ampliación Geréz,0,0,4,0,2400000
Salta,Coronel Mollinedo,5737,Loteo Nuevo,1,0,3,0,2400000
Salta,Apolinario Saravia,5736,Siete de Octubre,0,1,17,0,10450000
Salta,Apolinario Saravia,5735,El Fortín,0,0,1,0,600000
Salta,Apolinario Saravia,5734,La Muralla,0,0,1,0,600000
Salta,Apolinario Saravia,5733,El Obraje III,0,7,17,0,13700000
Salta,Tartagal,4863,Asentamiento Bicentenario,0,0,1,0,240000
Salta,Tartagal,4865,Roberto Romero,0,0,1,1,840000
Salta,Tartagal,4864,Asentamiento Ferro,0,0,4,0,2050000
Salta,San Ramón De La Nueva Orán,4866,Veintiséis de Agosto,1,10,35,9,24980000
Salta,Profesor Salvador Mazza,4580,Veintiocho de Marzo,0,2,44,8,15600000
Salta,Profesor Salvador Mazza,4601,El Paraíso,0,1,13,0,3720000
Salta,Profesor Salvador Mazza,4600,Nueva Esperanza,0,0,3,1,960000
San Juan,Ullum,4260,Loteo Municipal,1,1,13,2,5170000
San Juan,Médano De Oro,4261,Villa La Esperanza,0,0,12,1,3100000
San Juan,Ullum,4259,Villa Santa Rosa,0,1,18,0,4860000
San Juan,Ullum,4257,Villa Del Lago,0,1,19,1,6990000
San Juan,Médano De Oro,5833,Villa Colonia Sarmiento,0,4,3,0,4200000
San Juan,Punta Del Médano,5843,San Cayetano,0,1,0,0,600000
San Juan,Villa Media Agua,5849,Santa Rosa,0,0,3,0,1800000
San Juan,Villa Centenario,2854,Alfonso XIII,0,4,143,13,45640000
San Juan,Las Talas,2851,Costa Canal,0,0,3,1,960000
San Juan,Villa Aberastáin,2856,San Expedito,0,1,6,4,2860000
San Juan,San Juan,2863,Santa Bárbara,0,1,9,4,4280000
San Juan,Chimbas,2859,Loteo 13 de Mayo,0,0,6,3,3000000
San Juan,Chimbas,2858,Fe y Esperanza,0,0,2,0,340000
San Juan,Pie De Palo,2848,Loteo Ferrocarril,0,0,12,2,4440000
San Juan,Caucete,2845,Pozo Los Algarrobos,0,0,4,2,1680000
San Juan,Alto de Sierra,2843,Río San Juan,0,0,21,5,7760000
San Juan,Alto de Sierra,2842,Difunta Correa,0,1,5,2,3360000
San Juan,Colonia Richet Zapata,2841,Pedro Echagüe,0,4,81,11,31360000
San Juan,Santa Lucía,2840,Villa Veintiseis de Febrero,0,1,19,2,7800000
San Juan,La Bebida,2839,RIM 22,0,0,4,3,2160000
San Juan,La Bebida,2838,La Defensa,0,0,13,6,5100000
San Juan,Rivadavia,2837,Villa Molina,0,0,4,0,960000
San Juan,Chimbas,2835,Malvinas II,0,1,18,0,5000000
San Juan,Zonda,"4263* ",Villa Esperanza,0,0,2,0,340000
San Juan,La Bebida,2862*,Evita,1,4,54,60,39230000
San Juan,Chimbas,"2860* ",José Ignacio Díaz,0,0,0,2,340000
San Juan,Caucete,2849*,Avenida Central,0,0,2,0,480000
San Juan,Caucete,"2846* ",Calle Corrientes,1,0,6,7,4780000
San Juan,Caucete,"2844* ",Calle Caseros,0,0,1,6,3000000
San Juan,Caucete,"2847* ",Belgrano,0,1,21,16,12560000
San Juan,Caucete,2861*,Villa Industrial,0,0,0,1,240000
San Juan,La Bebida,2853*,Asentamiento La Paz,0,0,2,2,960000
San Juan,Villa Media Agua,5850,Santa Teresita,0,0,2,0,1200000
San Juan,Villa San Agustín,5853,Costanera,0,0,1,0,600000
San Juan,Villa Media Agua,5851,Muro Bustello,0,0,1,0,600000
San Juan,Villa Media Agua,5847,Villa Guell,0,0,1,0,600000
San Juan,Tres Esquinas,5846,Barrio Ruta 40,0,1,3,0,2400000
San Juan,Punta Del Médano,5844,San Agustín,0,2,4,0,2400000
San Juan,Colonia Fiscal,5840,Calle Mendoza,0,2,2,0,2400000
San Juan,Cochagual,5839,Costa Canal,6,8,5,3,11170000
San Juan,Cochagual,5838,Calle Corrientes,0,1,2,0,1560000
San Juan,Médano De Oro,5831,El Surgente,0,0,1,0,600000
San Juan,Médano De Oro,5830,Villa Navidad,0,0,1,0,600000
San Juan,Médano De Oro,5829,Comunidad Esperanza Medanera,0,0,1,0,600000
San Juan,San José De Jáchal,5828,La Costanera,0,0,2,0,1200000
San Juan,Vallecito,5826,Sin Nombre,1,1,0,1,1800000
San Juan,Bermejo,5824,Bermejo,4,0,3,1,4800000
San Juan,El Rincón,5819,Sin Nombre,0,0,1,0,600000
San Juan,Campo Afuera,5818,Altos de Albardón,0,0,3,0,1800000
San Juan,Villa Santa Rosa,5816,Pasaje Cejas,0,0,2,0,1200000
San Juan,Villa Santa Rosa,5815,Villa Cariño,0,0,0,1,600000
San Juan,Pie De Palo,4653,Control Forestal,0,0,3,1,2400000
San Juan,La Rinconada,4662,Sin Nombre,0,1,0,0,600000
San Juan,La Rinconada,4661,Sin Nombre,0,0,0,1,600000
San Juan,Caucete,4656,Loteo del Valle,0,1,2,0,1800000
San Luis,Merlo,5861,El Pantanillo,0,0,4,0,2400000
San Luis,Juana Koslay,2834,Sin Nombre,0,0,10,1,2980000
San Luis,San Luis,2833,La Vecindad,0,0,13,2,4080000
San Luis,San Luis,2832,Los Vagones,0,0,9,1,3960000
San Luis,Juana Koslay,2831,El Bajo,0,1,13,2,4230000
San Luis,Villa Mercedes,2830,Eva Perón 2 Anexo,0,0,5,3,2140000
San Luis,Juana Koslay,2829,Costa del Río,0,1,2,0,1440000
San Luis,Juana Koslay,2828,Las Vegas,0,1,13,0,5280000
San Luis,San Luis,2827,Estrella del Sur,0,0,15,2,6010000
San Luis,San Luis,2825,Quinto Centenario,0,1,21,0,5620000
San Luis,San Luis,2824,República,1,29,330,38,128740000
San Luis,San Luis,2822,Predio Ferrocarril,0,0,9,2,3240000
San Luis,San Luis,2821,Santa Rita Anexo,0,0,5,2,1680000
San Luis,San Luis,2820,Aeroferro,0,0,22,3,7060000
San Luis,San Luis,2819,Pescadores,0,0,5,0,1560000
San Luis,San Luis,2818,Nueve de Julio,0,2,65,5,24410000
San Luis,Villa Mercedes,2817,Ciudad Jardín II,0,2,28,7,12000000
San Luis,Villa Mercedes,2816,Ciudad Jardín I,0,4,62,4,19660000
San Luis,Villa Mercedes,2814,Güemes,0,3,31,4,11840000
San Luis,Villa Mercedes,2813,San José,1,4,126,10,42690000
San Luis,Villa Mercedes,2812,Sin Nombre,0,0,3,1,1200000
Santa Cruz,Río Gallegos,4398,Patagonia,0,2,11,2,6120000
Santa Cruz,Río Gallegos,3762,Los Lolos,0,1,5,1,2980000
Santa Cruz,Río Gallegos,3761,Extensión Bicentenario,0,0,17,5,5960000
Santa Cruz,Río Gallegos,3760,Bicentenario I,0,0,1,1,480000
Santa Cruz,Río Gallegos,3759,Madres A La Lucha,1,2,109,29,38990000
Santa Cruz,Río Gallegos,3758,José Font,0,1,31,3,9700000
Santa Cruz,Río Gallegos,4901,Santa Cruz,0,1,0,0,600000
Santa Cruz,Río Gallegos,4899,Veintidos de Septiembre,0,0,2,0,1200000
Santa Fe,Santo Tomé,4428,Adelina Centro,0,0,13,0,4440000
Santa Fe,Barrancas,4415,Sin Nombre,0,0,4,1,2070000
Santa Fe,Coronda,4414,Estación Coronda,0,1,4,0,1920000
Santa Fe,Rosario,4400,Arroyito Norte Ferrocarril,0,0,11,0,2640000
Santa Fe,Alvear,4402,Terraplén,0,2,14,0,5760000
Santa Fe,Villa Gobernador Gálvez,4401,Terraplén,0,0,5,1,1440000
Santa Fe,Coronda,4404,Villa Pajita,0,1,10,2,4920000
Santa Fe,Piñero,4403,La Carolina Estación Vieja,0,0,21,4,7200000
Santa Fe,Tacuarendí,4313,San Roque,0,0,10,1,2360000
Santa Fe,San Javier,4191,El 11,0,1,28,1,8770000
Santa Fe,San Javier,4190,Santa Rosa,0,2,22,3,8140000
Santa Fe,Villa Constitución,4197,Las Palmeras,1,1,55,3,19560000
Santa Fe,Villa Constitución,4196,Nueve de Julio,0,3,106,7,35480000
Santa Fe,Villa Constitución,4195,Luján,0,4,89,7,29900000
Santa Fe,Villa Constitución,4194,Prefectura,0,1,61,3,20240000
Santa Fe,Villa Constitución,4193,Santa Teresita,0,4,124,7,37740000
Santa Fe,Totoras,4192,Ferrocarril,0,0,4,1,1320000
Santa Fe,San Javier,4189,Santa Rosa Oeste,0,3,4,2,4570000
Santa Fe,San Javier,4188,San Francisco,0,0,18,2,6600000
Santa Fe,San Javier,4187,Triángulo,0,1,25,5,8770000
Santa Fe,Cañada De Gómez,4186,Las Delicias,0,0,2,0,960000
Santa Fe,Correa,4185,El Formoseño,0,1,16,4,6580000
Santa Fe,Avellaneda,4184,Don Pedro,0,6,76,3,28040000
Santa Fe,Reconquista,4183,Callejón La Cortada,2,4,93,16,38940000
Santa Fe,San Cristóbal,4001,Pellegrino,0,0,4,0,1180000
Santa Fe,San José Del Rincón,5889,Sin Nombre,0,0,2,1,1450000
Santa Fe,Tostado,4006,Los Bretes,0,0,9,0,2910000
Santa Fe,Tostado,4007,Pedro José,0,0,1,0,240000
Santa Fe,Casilda,4039,Nueva Roma B,0,0,1,1,480000
Santa Fe,Coronda,4036,Basualdo,0,0,10,1,2980000
Santa Fe,Reconquista,4037,Las Ranas,0,2,36,0,12460000
Santa Fe,Reconquista,4031,Los Piletones,0,0,1,4,2040000
Santa Fe,Coronda,4035,Barrio 44,0,0,10,4,4060000
Santa Fe,Coronda,4034,El Paraiso,0,0,16,3,4800000
Santa Fe,Reconquista,4033,Nardelli,0,0,15,2,5400000
Santa Fe,Reconquista,4023,San Francisco,0,1,41,1,11520000
Santa Fe,Reconquista,4030,Virgen de Guadalupe Sur,0,4,113,10,39900000
Santa Fe,Reconquista,4029,Luján,0,1,37,4,14880000
Santa Fe,Reconquista,4028,Loteo Belen,0,11,221,14,83330000
Santa Fe,Reconquista,4027,Guadalupe Oeste,0,1,74,7,24900000
Santa Fe,Reconquista,4026,Nueva Fe,1,1,10,0,3970000
Santa Fe,Reconquista,4025,La Loma,0,0,7,0,1900000
Santa Fe,Reconquista,4024,Barrio Nuevo,0,5,74,2,24840000
Santa Fe,Venado Tuerto,4009,Iturbide,0,0,1,0,240000
Santa Fe,Reconquista,4022,El Arenal,0,2,41,7,14580000
Santa Fe,Villa Ocampo,4021,Cortada Santa Fe II,0,0,3,0,1080000
Santa Fe,Villa Ocampo,4020,Cortada Santa Fe,0,0,15,1,7090000
Santa Fe,Villa Ocampo,4019,Calle Santa Fe,0,0,1,0,240000
Santa Fe,Villa Constitución,4018,Stella Maris,0,4,53,6,18940000
Santa Fe,Villa Constitución,4017,Libertad,0,4,40,5,14420000
Santa Fe,Villa Constitución,4016,Bajo Cilsa,0,2,48,1,15300000
Santa Fe,Villa Constitución,4015,Unión Sur,1,1,57,3,16460000
Santa Fe,Villa Constitución,4014,Unión,1,0,74,8,22840000
Santa Fe,Venado Tuerto,4012,Alejandro Gutiérrez,0,0,0,1,240000
Santa Fe,Venado Tuerto,4011,Santa Fe,0,0,1,0,240000
Santa Fe,Tostado,4008,San Genaro,0,0,4,0,1320000
Santa Fe,San Cristóbal,4000,Juan XXIII,0,0,3,1,2040000
Santa Fe,San Cristóbal,3998,Palermo,0,0,12,0,2960000
Santa Fe,Rafaela,3996,Martín Fierro,0,0,1,0,240000
Santa Fe,Rafaela,3994,Italia,0,1,3,4,2640000
Santa Fe,Rafaela,3993,Villa del Parque,0,0,1,0,240000
Santa Fe,Las Toscas,3992,San Felipe,0,0,0,1,240000
Santa Fe,Laguna Paiva,3991,Bella Vista,0,0,4,0,1440000
Santa Fe,Laguna Paiva,3990,Dupon,0,0,14,1,5260000
Santa Fe,Firmat,3988,Fredriksson,2,14,74,5,36210000
Santa Fe,Esperanza,3985,Barrio Oeste,0,0,3,0,1080000
Santa Fe,Esperanza,3984,Sur,0,0,3,1,1080000
Santa Fe,Coronda,3983,Santa María,0,1,33,3,13050000
Santa Fe,Coronda,3982,Las Fuentes,0,2,41,5,15620000
Santa Fe,Coronda,3981,Barrio 427,0,0,2,1,960000
Santa Fe,Coronda,3980,Boulevard Oroño,0,1,19,2,5880000
Santa Fe,Coronda,3979,Bachi,0,1,19,2,5900000
Santa Fe,Casilda,3978,Vías del Nueva Roma B,0,0,1,0,240000
Santa Fe,Casilda,3977,Nueva Roma H,0,1,20,3,9340000
Santa Fe,Casilda,3976,Nueva Roma C,0,1,14,0,5980000
Santa Fe,Calchaquí,3975,Qom Caiairipi,0,2,42,6,16180000
Santa Fe,Calchaquí,3974,San Cayetano,0,1,46,3,12660000
Santa Fe,Calchaquí,3973,Malvinas,0,0,37,3,10320000
Santa Fe,Avellaneda,3972,Barrio Ru,0,0,6,0,1800000
Santa Fe,Venado Tuerto,3971,Villa Moisés,0,0,4,0,1320000
Santa Fe,Rosario,1920,Villa Manuelita,0,1,18,0,5640000
Santa Fe,Villa Gobernador Gálvez,1919,El Ombú,0,1,53,5,18320000
Santa Fe,Granadero Baigorria,1918,Industrial,0,0,6,2,2760000
Santa Fe,Villa Gobernador Gálvez,1917,Coronel Aguirre,1,2,53,5,18700000
Santa Fe,Villa Gobernador Gálvez,1916,Colectora Giglione,0,0,8,0,3240000
Santa Fe,Villa Gobernador Gálvez,1914,Parque Alegre,0,3,8,1,5040000
Santa Fe,Rosario,1913,Saladillo,0,7,61,6,25340000
Santa Fe,Villa Gobernador Gálvez,1912,La Resistencia,1,4,107,14,36800000
Santa Fe,Pérez,1911,Villa América,0,2,35,4,12600000
Santa Fe,Rosario,1910,Los Humitos,1,4,79,4,30120000
Santa Fe,Rosario,1909,Ludueña,2,29,434,41,165520000
Santa Fe,Rosario,1908,Puente Gallego II,0,0,11,0,3340000
Santa Fe,Arroyo Seco,1907,San Francisco,0,3,41,7,16030000
Santa Fe,Rosario,1906,Bella Vista,0,12,139,11,54780000
Santa Fe,Rosario,1904,San Francisquito Vera Mujica,0,0,48,0,14270000
Santa Fe,Rosario,1903,El Sol,0,4,62,4,26060000
Santa Fe,Rosario,1902,Bella Vista Oeste,2,31,181,14,87480000
Santa Fe,Rosario,1901,Imperiale,1,1,0,1,1300000
Santa Fe,Ibarlucea,1900,Autoestrada,0,1,28,2,10520000
Santa Fe,Rosario,1899,Belgrano,0,0,8,0,3000000
Santa Fe,Rosario,1898,Villa Los Pescadores,2,4,14,1,7420000
Santa Fe,Rosario,1897,San Martin Sur,1,2,24,4,10440000
Santa Fe,Rosario,1896,La Paloma,0,3,33,6,14490000
Santa Fe,Rosario,1895,Las Delicias,1,4,86,11,31330000
Santa Fe,Funes,1894,Paysandú,0,0,6,0,1440000
Santa Fe,Rosario,1893,República La Sexta,0,6,79,11,31850000
Santa Fe,Rosario,1892,Belgrano Vía,0,2,15,1,7200000
Santa Fe,Rosario,1891,Villa Pororó,0,5,53,2,22040000
Santa Fe,Rosario,1890,Godoy,1,1,22,2,7540000
Santa Fe,Rosario,1889,Antártida Argentina,0,0,1,2,1350000
Santa Fe,Rosario,1888,San Cayetano,0,2,19,6,7740000
Santa Fe,Fray Luis Beltrán,1887,Granaderos,1,16,238,17,90570000
Santa Fe,Rosario,1886,Arroyito,0,0,17,0,4080000
Santa Fe,San Lorenzo,1885,Costanera YPF,0,1,19,4,8140000
Santa Fe,Capitán Bermúdez,1884,Batallan,0,4,41,5,18250000
Santa Fe,Fray Luis Beltrán,1883,El Ombú,1,2,31,2,13180000
Santa Fe,Capitán Bermúdez,1882,Copello,0,9,86,9,35090000
Santa Fe,Rosario,1881,Tablada,1,5,110,11,38190000
Santa Fe,Rosario,1880,Villa Oculta,2,2,107,15,37870000
Santa Fe,Rosario,1879,San Francisquito de Las Vías,0,2,62,3,19570000
Santa Fe,Rosario,1878,San Francisquito,0,15,138,9,52910000
Santa Fe,Rosario,1877,San Francisquito III,0,0,11,1,3320000
Santa Fe,Capitán Bermúdez,1876,Carrillo,0,1,13,3,5640000
Santa Fe,Capitán Bermúdez,1875,Quinta,1,0,5,1,2880000
Santa Fe,Rosario,1874,Larrea,0,1,6,1,3120000
Santa Fe,Rosario,1873,Empalme Graneros,0,2,62,6,21830000
Santa Fe,San Lorenzo,1872,Capitan Bermúdez,0,2,2,1,2760000
Santa Fe,San Lorenzo,1871,La Favelita,0,2,26,2,11170000
Santa Fe,San Lorenzo,1870,Moreno,0,0,13,2,4680000
Santa Fe,Rosario,1869,Vía Honda,0,27,494,40,172860000
Santa Fe,Rosario,1868,La Boca,2,7,93,10,37040000
Santa Fe,Pérez,1867,Cabín 9,3,54,584,30,240540000
Santa Fe,Rosario,1866,Control,0,2,10,2,4900000
Santa Fe,Rosario,1865,Nuevo Alberdi Vía,0,0,10,3,3600000
Santa Fe,Rosario,1864,Los Euca,1,1,27,5,12320000
Santa Fe,Rosario,1863,Santa Lucía Viejo (2),0,0,8,1,2740000
Santa Fe,Rosario,1862,Santa Lucía Viejo,0,2,57,2,19180000
Santa Fe,Puerto General San Martín,1861,San Sebastián,0,0,15,5,5220000
Santa Fe,Puerto General San Martín,1859,Zona Rural de Puerto,0,0,3,0,630000
Santa Fe,San Lorenzo,1858,Mateo Gálvez,0,1,7,0,2760000
Santa Fe,San Lorenzo,1857,Norte,0,1,20,2,7180000
Santa Fe,Rosario,1856,La Vía,0,0,4,0,960000
Santa Fe,Rosario,1855,San Martín,0,0,10,0,2380000
Santa Fe,Rosario,1854,San Martín A,0,0,1,0,240000
Santa Fe,Rosario,1853,San Martín Sur,1,4,278,11,90510000
Santa Fe,Rosario,1852,Francetti I,0,0,16,0,4330000
Santa Fe,Rosario,1851,Mangrullo,0,9,115,11,49260000
Santa Fe,Arroyo Seco,1850,Virgen del Luján,2,2,26,3,13120000
Santa Fe,Rosario,1849,Tablada,0,1,19,3,6580000
Santa Fe,Rosario,1848,Villa Tablada,2,17,239,29,93410000
Santa Fe,Rosario,1847,Los Bretes,0,0,4,1,1300000
Santa Fe,Fighiera,1846,Zona Rural Costa Fighiera,0,1,5,0,2530000
Santa Fe,Pueblo Esther,1845,Bajada Colacho,0,0,7,1,2040000
Santa Fe,General Lagos,1844,La Mariposa,0,1,8,2,3340000
Santa Fe,Pueblo Esther,1843,Bajada Barbi,1,1,12,0,4420000
Santa Fe,Rosario,1842,La Antena,1,3,77,6,29940000
Santa Fe,Rosario,1841,Los Unidos,0,6,89,12,31980000
Santa Fe,Villa Gobernador Gálvez,1840,Costa Esperanza,0,5,98,15,34630000
Santa Fe,Rosario,1839,Travesía,0,1,44,3,13240000
Santa Fe,Rosario,1838,Arroyito,1,6,81,11,32000000
Santa Fe,Rosario,1837,Nuevo Alberdi Oeste,2,28,662,42,212910000
Santa Fe,Villa Gobernador Gálvez,1836,Kennedy Abajo,1,0,5,0,2280000
Santa Fe,Rosario,1835,Los Hornitos,1,3,68,6,25130000
Santa Fe,Granadero Baigorria,1834,Cañaveral,0,1,1,1,1440000
Santa Fe,Rosario,1833,Piamonte,0,13,177,16,65460000
Santa Fe,Villa Gobernador Gálvez,1832,Arroyito,1,7,129,9,46870000
Santa Fe,San Lorenzo,1831,Felisa,0,1,22,0,8880000
Santa Fe,Villa Gobernador Gálvez,1830,Triángulo,0,4,46,2,17640000
Santa Fe,Villa Gobernador Gálvez,1829,La Antena,2,9,142,11,52050000
Santa Fe,Rosario,1828,La Palmera,0,4,80,6,32180000
Santa Fe,Rosario,1827,Triángulo,1,14,324,18,112880000
Santa Fe,Rosario,1826,La Guardia,0,1,45,4,14440000
Santa Fe,Rosario,1825,Itatí,0,0,6,0,2160000
Santa Fe,Rosario,1824,Alvear,2,14,264,24,100280000
Santa Fe,Rosario,1823,Puente Negro,0,5,104,14,34360000
Santa Fe,Rosario,1822,Los Olivos II,0,0,10,0,3240000
Santa Fe,Granadero Baigorria,1821,Zona Rural,0,1,2,2,1680000
Santa Fe,Rosario,1820,La Cariñosa,1,7,158,17,53360000
Santa Fe,Rosario,1819,Amistad,0,1,41,5,16210000
Santa Fe,Rosario,1818,Libertad,1,6,31,0,13920000
Santa Fe,Rosario,1817,La Patito,0,5,35,2,17180000
Santa Fe,Rosario,1816,Acindar,0,4,20,1,8160000
Santa Fe,Rosario,1815,Belgrano,0,0,3,0,1440000
Santa Fe,Rosario,1814,El Triángulo,0,3,25,1,9340000
Santa Fe,Rosario,1813,Triángulo,0,1,55,6,17120000
Santa Fe,Rosario,1810,Parque Casas,0,0,29,3,9570000
Santa Fe,Rosario,1809,Parque Casas Vía,0,0,7,0,1780000
Santa Fe,Rosario,1808,Alvear II,0,0,2,0,600000
Santa Fe,Rosario,1806,La Esperanza,1,2,26,0,10440000
Santa Fe,Rosario,1804,Las Flores Sur,1,7,181,17,67640000
Santa Fe,Rosario,1803,Quinta,0,12,110,11,44440000
Santa Fe,Rosario,1802,Roca,1,4,28,2,12470000
Santa Fe,Rosario,1801,Tío Rolo,0,6,60,5,22580000
Santa Fe,Rosario,1800,Azcuénaga,0,0,7,3,3480000
Santa Fe,Rosario,1799,Sector 5,0,1,11,1,3820000
Santa Fe,Rosario,1798,La Lagunita,1,1,28,0,9720000
Santa Fe,Rosario,1797,Cañaveral,2,9,195,20,69100000
Santa Fe,Rosario,1796,Santa Rosa,1,4,146,9,49840000
Santa Fe,Rosario,1795,La Bombacha,1,12,139,10,52600000
Santa Fe,Granadero Baigorria,1794,Camino Muerto,0,3,60,7,26900000
Santa Fe,Rosario,1793,Belgrano,0,0,4,0,1320000
Santa Fe,Rosario,1792,Santa Clara,1,7,181,9,61480000
Santa Fe,Rosario,1791,Francetti,0,0,13,0,4080000
Santa Fe,Rosario,1790,La Tacuarita,1,15,58,11,33640000
Santa Fe,Rosario,1789,Cullen,2,19,363,17,126700000
Santa Fe,Pérez,1788,Jardín,2,1,31,6,13570000
Santa Fe,Pérez,1787,Villa del Parque,0,1,16,0,6120000
Santa Fe,Rosario,1786,Los Pumitas,7,29,334,30,137970000
Santa Fe,Rosario,1785,La Cava,6,19,83,14,47330000
Santa Fe,Rosario,1784,Industrial,2,16,145,10,55840000
Santa Fe,Rosario,1782,Diecisiete de Agosto,0,3,27,2,9560000
Santa Fe,Rosario,1781,La Granada,0,7,58,5,21800000
Santa Fe,Roldán,1780,Villa Flores,0,0,25,3,8480000
Santa Fe,Roldán,1779,Posta 16,1,1,12,3,5240000
Santa Fe,Rosario,1778,Villa Fanta,1,5,54,3,19310000
Santa Fe,Rosario,1777,Presidente Roca,0,0,13,1,4200000
Santa Fe,Villa Gobernador Gálvez,1776,El Ocho,0,3,35,6,16800000
Santa Fe,Villa Gobernador Gálvez,1775,La Ribera,1,5,206,25,75420000
Santa Fe,Rosario,1774,Camino de Los Indios,0,1,8,1,3340000
Santa Fe,Capitán Bermúdez,1773,El Espinillo,0,4,26,5,11610000
Santa Fe,Granadero Baigorria,1772,San Fernando,0,3,28,4,11720000
Santa Fe,Rosario,1771,Bella Vista,2,18,216,16,80860000
Santa Fe,Rosario,1770,Puente Gallego,0,9,123,4,44370000
Santa Fe,Alvear,1769,Bajada del Espinillo,0,3,15,2,5870000
Santa Fe,Villa Gobernador Gálvez,1768,Cargill/Los Pinillos,1,1,8,0,4090000
Santa Fe,Villa Gobernador Gálvez,1767,Villa Descanso,0,0,3,0,1080000
Santa Fe,Villa Gobernador Gálvez,1766,Esperanza,0,3,50,2,19090000
Santa Fe,Villa Gobernador Gálvez,1765,La Rana,1,1,24,1,10930000
Santa Fe,San Lorenzo,1764,Rivadavia Chino,0,1,17,5,7680000
Santa Fe,Rosario,1763,Chino,0,0,16,1,4880000
Santa Fe,Villa Gobernador Gálvez,1762,Alto Verde,1,2,73,5,25200000
Santa Fe,Rosario,1761,Tiro Suizo,1,3,20,6,9780000
Santa Fe,Granadero Baigorria,1760,Virgen del Rocío,0,0,11,0,3510000
Santa Fe,Rosario,1759,Zona Rural,1,3,137,8,44240000
Santa Fe,Rosario,1758,Veintisiete,0,6,78,4,26640000
Santa Fe,Granadero Baigorria,1757,Pescadores,1,4,98,9,38300000
Santa Fe,Rosario,1756,Villa Banana,0,9,139,6,47640000
Santa Fe,Rosario,1755,Refinería,0,0,12,4,5480000
Santa Fe,Villa Gobernador Gálvez,1753,Villa Dolores,0,0,4,0,1320000
Santa Fe,Rosario,1754,La Vincha,2,4,30,1,12350000
Santa Fe,Villa Gobernador Gálvez,1752,Bajo Guereño,1,0,0,0,600000
Santa Fe,Villa Gobernador Gálvez,1751,Ibarra,0,1,60,3,20260000
Santa Fe,Villa Gobernador Gálvez,1747,Coronel Aguirre La 680,1,5,61,5,25380000
Santa Fe,Villa Gobernador Gálvez,1748,Tablita I,0,4,165,12,56950000
Santa Fe,Pérez,1750,El Fachinal,0,1,16,5,6580000
Santa Fe,Rosario,1749,Los Olivos,1,4,91,4,32280000
Santa Fe,Santa Fe,3041,Loyola,0,3,41,2,15580000
Santa Fe,Santa Fe,3040,La Vuelta del Paraguayo,0,3,32,0,11020000
Santa Fe,Santa Fe,3039,Villa Elsa,0,5,69,2,24850000
Santa Fe,Santa Fe,3038,Villa Hipódromo,2,8,118,10,42610000
Santa Fe,Santa Fe,3037,Santa Rosa de Lima,0,17,203,21,85030000
Santa Fe,Santa Fe,3036,Cabañas Leiva Sf,0,2,10,0,3820000
Santa Fe,Santa Fe,3035,San Pantaleón,0,3,62,2,22560000
Santa Fe,Santa Fe,3034,La Tablada Vieja,0,1,29,5,10440000
Santa Fe,Santa Fe,3033,Loyola Sur,0,4,67,7,22720000
Santa Fe,Santa Fe,3032,Playa Norte,0,1,60,5,18340000
Santa Fe,Santo Tomé,3031,Los Hornos,0,2,28,6,11480000
Santa Fe,Sauce Viejo,3030,Barranquera,0,2,12,2,6230000
Santa Fe,Santa Fe,3028,Congregación Cristiana Pueblo de Dios,0,0,15,3,4600000
Santa Fe,Santa Fe,3027,Colastine Sur,0,1,4,0,1920000
Santa Fe,Santa Fe,3026,La Fábrica Vieja,0,2,25,2,10780000
Santa Fe,Arroyo Leyes,3025,El Paraíso,0,0,5,2,2160000
Santa Fe,Santa Fe,3024,Scarafia,0,2,14,4,7560000
Santa Fe,Sauce Viejo,3023,Adelina Oeste,0,0,10,1,3120000
Santa Fe,Recreo,3022,Atrás del Comunal III,0,1,18,2,5760000
Santa Fe,Santa Fe,3021,Yapeyú,0,1,11,0,3940000
Santa Fe,Santa Fe,3019,Schneider,0,0,6,2,2120000
Santa Fe,Santa Fe,3018,La Vía Muerta,0,2,98,8,30300000
Santa Fe,Santa Fe,3017,Alto Verde,2,48,714,30,267400000
Santa Fe,Santa Fe,3016,Abasto,1,4,117,13,39490000
Santa Fe,Santa Fe,3015,Centenario,0,1,99,8,33680000
Santa Fe,Santa Fe,3014,Chalet,0,3,47,4,16960000
Santa Fe,Santo Tomé,3013,Las Vegas,0,8,121,18,51090000
Santa Fe,Arroyo Leyes,3012,Villa Juana,0,0,20,0,4800000
Santa Fe,Santo Tomé,3011,Costa Azul,2,5,33,3,16030000
Santa Fe,Santo Tomé,3010,Santo Tomás de Aquino,0,1,26,2,8980000
Santa Fe,Santo Tomé,3008,La Costa,0,0,3,1,1540000
Santa Fe,San José Del Rincón,3006,Acería,0,0,21,1,6080000
Santa Fe,San José Del Rincón,3005,Camino de La Aceria,2,0,8,0,3600000
Santa Fe,Recreo,3004,Cabañas Leiva Recreo,0,1,27,0,9480000
Santa Fe,Santa Fe,3003,Camino de Las Cuadreras,0,0,13,0,4650000
Santa Fe,Santa Fe,3002,Los Bañados,0,2,52,1,16690000
Santa Fe,Santa Fe,3001,Bajada Di Stéfano,0,0,16,0,5400000
Santa Fe,Santa Fe,3000,Los Alisos,0,0,9,6,3700000
Santa Fe,Santa Fe,2999,La Boca,0,6,59,7,26960000
Santa Fe,Santa Fe,2998,El Tránsito,0,1,17,0,6120000
Santa Fe,Santa Fe,2997,San Agustín,0,0,14,5,7110000
Santa Fe,Santa Fe,2996,La Ranita,0,5,121,8,44080000
Santa Fe,Santa Fe,2995,Santa Marta,0,3,26,7,12470000
Santa Fe,Santa Fe,2994,Estanislao López,0,4,32,2,14820000
Santa Fe,Santa Fe,2993,Santo Domingo,3,9,88,12,41820000
Santa Fe,Santa Fe,2992,Veintinueve de Abril,0,0,53,5,16240000
Santa Fe,Santa Fe,2991,General Paz,0,1,9,2,4440000
Santa Fe,Santa Fe,2990,Guadalupe Oeste,0,1,15,1,4560000
Santa Fe,Santa Fe,2989,Transporte,0,1,9,0,3460000
Santa Fe,Santa Fe,2988,San José,0,0,18,0,5400000
Santa Fe,Santa Fe,2987,Las Lomas,2,10,186,10,68160000
Santa Fe,Santa Fe,2986,Cabal,1,6,95,9,33240000
Santa Fe,Santa Fe,2985,Los Hornos,3,11,117,6,47770000
Santa Fe,Santa Fe,2984,Villa Oculta,0,2,87,3,34720000
Santa Fe,Santa Fe,2983,Varadero Sarsotti,2,10,108,9,41580000
Santa Fe,Santa Fe,2982,Arenales,0,5,127,10,43540000
Santa Fe,Santa Fe,2981,San Lorenzo,0,2,112,16,38470000
Santa Fe,Santa Fe,2980,Alfonso,0,3,81,7,27480000
Santa Fe,Santa Fe,2979,Doce de Octubre,0,15,260,29,99080000
Santa Fe,Santa Fe,2978,Candiotti Norte,0,0,10,1,3360000
Santa Fe,Santa Fe,2977,Candiotti,0,0,13,0,4320000
Santa Fe,Santa Fe,2976,En Nuevo Horizonte,0,1,1,1,1080000
Santa Fe,Santa Fe,2975,Los Troncos,0,12,258,24,89610000
Santa Fe,Arroyo Leyes,2974,Calle 62,0,0,2,0,840000
Santa Fe,San José Del Rincón,2973,Villa Iñati,0,1,14,0,5620000
Santa Fe,Santa Fe,2972,Nueva Esperanza,0,1,3,0,1680000
Santa Fe,San José Del Rincón,2971,Los Eucaliptus,0,0,5,1,1920000
Santa Fe,Santa Rosa De Calchines,2970,Los Zapallos,1,3,44,7,15950000
Santa Fe,Sauce Viejo,2968,Margarita,0,0,5,0,1920000
Santa Fe,Sauce Viejo,2967,Jorge Newbery,0,0,6,1,2170000
Santa Fe,Vera,5918,Rivadavia,0,1,8,0,5050000
Santa Fe,Rosario,1746,El Piso,2,5,46,12,24320000
Santa Fe,Santa Fe,5893,Punta Norte,0,1,2,1,2400000
Santa Fe,Vera,5915,Lezama,0,1,6,0,4200000
Santa Fe,Vera,5916,Zona La Rotonda,0,0,1,0,600000
Santa Fe,Santa Fe,5894,Barranquitas Oeste,0,1,8,0,5050000
Santa Fe,Gaboto,5909,Indiano,0,0,2,0,510000
Santa Fe,Gaboto,5908,Barrio Norte,0,0,3,0,1350000
Santa Fe,Santa Fe,5897,Las Delicias II,0,1,1,0,1200000
Santa Fe,Santa Fe,5892,Nueva Pompeya,0,4,13,0,9850000
Santa Fe,Santa Fe,5891,El Triángulo,0,0,1,0,600000
Santa Fe,San José Del Rincón,5890,Los Espinillos,0,0,4,0,2050000
Santa Fe,Recreo,5888,Comunidad Mocoit Com Caia,4,2,0,0,3600000
Santa Fe,Recreo,5887,Comunidad Mocoit Com Caia,28,13,6,1,28800000
Santa Fe,Santa Fe,5886,La Balsa,0,0,2,1,1800000
Santa Fe,Arroyo Aguiar,5885,La Costa,3,0,1,0,1900000
Santa Fe,Reconquista,5879,Itatí,1,2,3,0,3600000
Santa Fe,Florencia,5874,San Antonio,5,4,5,4,10450000
Santa Fe,Villa Minetti,5863,San Carlos,0,0,2,0,1200000
Santa Fe,Timbúes,5415,Gauchito Gil,0,0,1,0,600000
Santa Fe,Timbúes,5414,Pocho Pérez,0,0,2,0,1200000
Santa Fe,Piñero,5413,Ruta 18 - Kilómetro 1,0,1,2,0,1560000
Santa Fe,Oliveros,5411,Balneario,0,0,2,0,850000
Santa Fe,Chovet,5408,Barracas,0,0,1,0,600000
Santa Fe,Tortugas,5407,Sur,0,0,1,0,250000
Santa Fe,Coronda,4870,Palo Azul,0,0,2,1,1800000
Santa Fe,Arocena,4869,Sin Nombre,0,0,1,1,1200000
Santa Fe,Desvío Arijón,4868,Sin Nombre,0,0,11,0,6600000
Santa Fe,Sauce Viejo,4867,Sin Nombre,0,0,1,0,600000
Santa Fe,Capitán Bermúdez,4693,Bajada Celulosa,2,0,0,0,1200000
Santa Fe,Rosario,4692,Tío Rolo,0,4,16,0,10720000
Santa Fe,Rosario,4691,El Humito,0,0,6,0,3600000
Santa Fe,Granadero Baigorria,4690,Zona Rural,0,0,1,0,600000
Santa Fe,Granadero Baigorria,4689,Cacique Francisco Moreno,0,6,6,1,6600000
Santa Fe,Fighiera,4688,La Costa,0,0,2,0,1200000
Santa Fe,Lehmann,5865*,Sin Nombre,0,0,0,1,600000
Santa Fe,Villa Gobernador Gálvez,4687,La Ranita II,0,1,1,0,1200000
Santa Fe,Rosario,4685,Monte Flores,0,1,4,0,2520000
Santa Fe,Villa Gobernador Gálvez,4579,Mortelari,0,0,44,5,16660000
Santiago del Estero,Santiago Del Estero,4355,Reconquista,0,13,154,10,59440000
Santiago del Estero,Santiago Del Estero,4354,La Católica,2,43,511,46,195030000
Santiago del Estero,Quimili,4271,Triángulo,1,1,5,2,3600000
Santiago del Estero,La Banda,3482,Río Dulce,0,8,126,7,50530000
Santiago del Estero,Santiago Del Estero,3529,Bosco II,1,7,148,11,54260000
Santiago del Estero,Santiago Del Estero,3528,Bosco III,1,9,114,14,47300000
Santiago del Estero,Santiago Del Estero,3527,General Paz,2,17,140,11,61140000
Santiago del Estero,Santiago Del Estero,3526,Libertad,0,3,15,1,7800000
Santiago del Estero,La Banda,3525,La Isla,0,1,31,9,13440000
Santiago del Estero,La Banda,3524,Independencia,0,4,52,3,20600000
Santiago del Estero,La Banda,3523,Villa Griselda,0,1,16,1,5140000
Santiago del Estero,Frías,3522,Eliseo Fringes,0,1,13,2,4540000
Santiago del Estero,Santiago Del Estero,3520,Coy,0,0,18,1,5720000
Santiago del Estero,La Banda,3519,Sarmiento,1,13,218,20,82120000
Santiago del Estero,Añatuya,3517,La Leñera,1,1,27,2,9220000
Santiago del Estero,Quimili,3516,Campos I,0,0,3,2,1060000
Santiago del Estero,Quimili,3515,Alomo,0,0,0,1,600000
Santiago del Estero,Quimili,3514,Marco Antonio,0,3,21,0,7540000
Santiago del Estero,Quimili,3513,Campos II,1,0,2,1,1320000
Santiago del Estero,La Banda,3512,Salta Prolongación,0,2,19,5,7060000
Santiago del Estero,La Banda,3511,IV Centenario,1,2,38,5,17830000
Santiago del Estero,Monte Quemado,3510,El Triángulo,0,0,0,1,600000
Santiago del Estero,La Banda,3507,Ampliación Gorrini,0,5,69,10,25820000
Santiago del Estero,La Banda,3506,Veinticinco de Mayo Viejo,0,1,20,4,8520000
Santiago del Estero,La Banda,3505,Álamo III,0,0,2,1,720000
Santiago del Estero,La Banda,3504,Los Álamos II,0,1,16,2,6840000
Santiago del Estero,Santiago Del Estero,3503,Los Flores,0,1,41,1,12940000
Santiago del Estero,Santiago Del Estero,3502,Independencia,0,5,115,9,40650000
Santiago del Estero,Santiago Del Estero,3501,Telefonicos,0,3,26,5,9700000
Santiago del Estero,Santiago Del Estero,3500,Industria,0,4,24,0,14400000
Santiago del Estero,La Banda,3499,El Tabique,0,1,59,3,20880000
Santiago del Estero,La Banda,3498,Finca de Ramos,0,9,165,15,64810000
Santiago del Estero,Frías,3496,Pandolfi,0,1,18,4,6480000
Santiago del Estero,Frías,3495,Chino,0,0,14,2,4260000
Santiago del Estero,Frías,3494,Doctor Morra,0,0,1,0,240000
Santiago del Estero,La Banda,3493,Nueve de Julio,0,1,9,2,4800000
Santiago del Estero,La Banda,3492,La Dársena,0,0,3,0,840000
Santiago del Estero,Santiago Del Estero,3491,Santa Rosa de Lima,0,4,76,9,32940000
Santiago del Estero,Santiago Del Estero,3490,San José de Flores,0,1,3,0,1320000
Santiago del Estero,Santiago Del Estero,3489,Villa del Carmen,0,1,15,0,6360000
Santiago del Estero,Santiago Del Estero,3488,Mariano Moreno,1,0,37,1,13060000
Santiago del Estero,Santiago Del Estero,3487,Gas del Estado,0,1,11,1,5160000
Santiago del Estero,Santiago Del Estero,3486,Tarapaya,0,0,28,5,11880000
Santiago del Estero,Santiago Del Estero,3485,Aeropuerto,1,1,39,1,12340000
Santiago del Estero,Santiago Del Estero,3484,Lomas Coloradas,2,1,25,1,10460000
Santiago del Estero,Frías,3483,Sumampa,0,0,1,1,600000
Santiago del Estero,La Banda,4582*,Barrio del Bicentenario,0,0,5,1,1440000
Santiago del Estero,Santiago Del Estero,5934,Solis y Canal,0,0,2,0,1200000
Santiago del Estero,Garza,5957,Virgen del Valle,1,0,1,0,1200000
Santiago del Estero,Termas De Río Hondo,5955,La Paludica,0,2,3,0,3000000
Santiago del Estero,Tintina,5949,Aeropuerto,1,0,2,0,1800000
Santiago del Estero,Tintina,5948,Santa Rosa,0,0,0,1,600000
Santiago del Estero,Pozo Hondo,5941,San Antonio de Padua,0,0,0,1,600000
Santiago del Estero,El Bobadal,5939,Barrio Norte,0,0,1,0,600000
Santiago del Estero,La Banda,5930,Diecisiete de Octubre,0,4,9,0,6840000
Santiago del Estero,La Banda,5929,Ampliación Cabildo Santiagueño,0,2,13,0,7320000
Santiago del Estero,La Banda,5928,Jardín,0,0,4,0,2400000
Santiago del Estero,La Banda,5927,Los Naranjos,0,2,13,1,9360000
Santiago del Estero,La Banda,5926,San Javier I,0,1,9,0,6000000
Santiago del Estero,Santiago Del Estero,4581*,Almirante Brown,0,0,3,0,1800000
Santiago del Estero,La Banda,5925,San Javier II,0,1,5,0,3600000
Santiago del Estero,Clodomira,5924,Santa Rosa,0,0,1,0,600000
Santiago del Estero,Colonia Dora,5923,Mitre,0,6,16,1,13450000
Santiago del Estero,Nueva Esperanza,4650,San Francisco,0,2,3,0,3000000
Santiago del Estero,Santiago Del Estero,4651,Las Flores Ampliación,0,0,1,1,960000
Tierra del Fuego,Río Grande,4221,Diez de Noviembre,0,1,69,4,19330000
Tierra del Fuego,Río Grande,4220,El Milagro,0,0,35,3,10420000
Tierra del Fuego,Río Grande,4219,Los Productores,0,5,71,10,27230000
Tierra del Fuego,Río Grande,4218,Fuerza Unida,0,4,61,3,19500000
Tierra del Fuego,Río Grande,4217,Betel,0,0,8,1,2520000
Tierra del Fuego,Río Grande,4216,Barrio Unido,0,6,90,1,28050000
Tierra del Fuego,Río Grande,4215,Héroes de Malvinas,0,1,45,4,12830000
Tierra del Fuego,Río Grande,4214,Veintidos de Julio,1,1,53,3,15320000
Tierra del Fuego,Río Grande,4213,Los Fueguinos,0,1,31,5,9580000
Tierra del Fuego,Río Grande,4212,Provincias Unidas,0,6,86,5,27190000
Tierra del Fuego,Río Grande,4211,Argentino,0,2,59,4,18100000
Tierra del Fuego,Río Grande,4210,Mirador,0,4,160,15,45420000
Tierra del Fuego,Ushuaia,4209,La Turbera,0,0,8,1,3240000
Tierra del Fuego,Ushuaia,4208,Itatí,0,1,10,1,3230000
Tierra del Fuego,Ushuaia,4207,Antiguos Leñadores,0,0,28,1,7660000
Tierra del Fuego,Ushuaia,4206,Santa Rosa,0,1,15,1,5280000
Tierra del Fuego,Ushuaia,4205,Peniel,0,1,33,2,9340000
Tierra del Fuego,Ushuaia,4204,La U,0,0,3,2,1320000
Tierra del Fuego,Ushuaia,4203,La Bolsita,0,3,22,0,7280000
Tierra del Fuego,Ushuaia,4202,Once de Noviembre,0,1,21,2,7540000
Tierra del Fuego,Ushuaia,4201,Colombo,0,4,14,3,7040000
Tierra del Fuego,Ushuaia,4200,Bella Vista,0,0,1,0,100000
Tierra del Fuego,Río Grande,2966,Evita I,0,0,1,0,240000
Tierra del Fuego,Río Grande,2965,Miramar,0,2,25,4,7860000
Tierra del Fuego,Ushuaia,2964,La Cima,0,5,28,4,13690000
Tierra del Fuego,Ushuaia,2963,Raíces - Sector 4,0,2,10,3,4320000
Tierra del Fuego,Ushuaia,2962,Dos Banderas,0,9,89,11,34620000
Tierra del Fuego,Ushuaia,2961,Bajada de Los Maestros,0,1,1,0,840000
Tierra del Fuego,Ushuaia,2960,Quinta 52,0,1,5,1,2160000
Tierra del Fuego,Ushuaia,2959,Las Raíces,0,2,8,1,4560000
Tierra del Fuego,Ushuaia,2958,Las Reinas,1,0,18,2,6360000
Tierra del Fuego,Ushuaia,2957,El Cañadón,0,4,18,1,7180000
Tierra del Fuego,Ushuaia,2956,Esperanza II,0,0,17,1,4320000
Tierra del Fuego,Ushuaia,2955,El Mirador,0,3,57,6,16940000
Tierra del Fuego,Ushuaia,2954,Escondido,0,5,52,14,19720000
Tierra del Fuego,Ushuaia,2953,Obrero,0,3,18,2,7540000
Tierra del Fuego,Ushuaia,4911,Arroyo Grande,0,0,1,0,600000
Tierra del Fuego,Ushuaia,4910,El Glaciar,0,1,0,0,600000
Tierra del Fuego,Ushuaia,4909,La Pradera,0,0,3,0,1200000
Tierra del Fuego,Ushuaia,4908,Peniel II,0,1,1,1,1560000
Tierra del Fuego,Ushuaia,4907,Altos de la Cumbre,0,2,0,1,1560000
Tierra del Fuego,Ushuaia,4906,Mirador de Ushuaia,0,0,2,0,600000
Tierra del Fuego,Ushuaia,4905,Barba de Viejo,0,1,0,0,600000
Tierra del Fuego,Tolhuin,4904,Campo de Doma,0,1,1,0,850000
Tierra del Fuego,Tolhuin,4641,Provincias Unidas,0,0,1,0,150000
Tucumán,San Miguel De Tucumán,4510,San Gabriel,0,3,27,1,14400000
Tucumán,San Miguel De Tucumán,4507,Ampliación Muñecas III,1,4,132,7,42030000
Tucumán,Bella Vista,4462,Colonia 8,0,0,5,0,3000000
Tucumán,Bella Vista,4461,María Elena,0,0,1,0,600000
Tucumán,San Miguel De Tucumán,4456,Ampliación Alberdi Norte,0,1,7,1,3150000
Tucumán,San Miguel De Tucumán,4455,Alberdi Norte,1,1,55,6,19560000
Tucumán,Bella Vista,4424,El Mollar,0,2,6,0,3600000
Tucumán,Bella Vista,4423,Santa Rita,0,0,1,0,600000
Tucumán,Bella Vista,4422,Luis Espeche,1,0,3,1,2650000
Tucumán,Bella Vista,4420,El Sunchal,0,0,5,0,2160000
Tucumán,Bella Vista,4419,Colonia Eucalipto,0,1,11,1,5640000
Tucumán,Bella Vista,4418,El Trompezón,0,1,0,0,600000
Tucumán,Las Talitas,4413,San Lorenzo,0,5,95,6,30730000
Tucumán,San Miguel De Tucumán,4412,Loteo América,0,0,16,1,6720000
Tucumán,San Miguel De Tucumán,4411,Villa Muñecas II,0,1,12,0,3720000
Tucumán,Tafí Viejo,4410,Villa Muñecas Norte,0,3,69,3,22520000
Tucumán,El Manantial,4162,Pulido,0,0,6,0,1440000
Tucumán,El Manantial,4161,María Reina de Los Niños,1,5,32,8,15220000
Tucumán,Famaillá,4160,Kilómetro 102,1,4,62,7,24020000
Tucumán,Juan Bautista Alberdi,4159,Barrio Sur,0,0,12,1,3960000
Tucumán,Juan Bautista Alberdi,4158,Ferrocaril,0,1,0,0,250000
Tucumán,Río Chico,4157,Virgen del Rosario,0,0,3,1,1320000
Tucumán,Aguilares,4155,Ampliación San Nicolás,0,1,9,1,3840000
Tucumán,Aguilares,4154,Independencia,0,0,3,0,750000
Tucumán,Aguilares,4153,Chacarita,0,0,1,1,840000
Tucumán,Concepción,4152,Inmaculada Concepción,0,0,20,3,6700000
Tucumán,La Reducción,4151,San Ramón,0,0,11,0,4800000
Tucumán,Concepción,4150,San Expedito,1,1,26,4,9960000
Tucumán,Bella Vista,4149,Villa María,0,1,4,1,2670000
Tucumán,Tafí Viejo,4148,Triángulo II,0,0,12,2,4680000
Tucumán,Alderetes,4147,Antena,0,0,9,3,3840000
Tucumán,El Manantial,4146,La Vía Vieja,0,1,9,0,3220000
Tucumán,San Miguel De Tucumán,4145,Dos de Septiembre,0,5,60,10,22720000
Tucumán,Yerba Buena - Marcos Paz,4144,La Plaza Vieja,0,1,10,0,3270000
Tucumán,Monteros,4142,Mataderos,0,1,3,0,1920000
Tucumán,Monteros,4141,Ampliación Barrio Ibatín,0,0,1,0,600000
Tucumán,"Diagonal Norte, Luz Y Fuerza, Los Pocitos, Villa Nueva Italia",4140,Hipólito Yrigoyen,0,7,98,7,36040000
Tucumán,San Andrés,4139,Progreso,0,0,8,0,4560000
Tucumán,Barrio San Felipe,4138,Miguelillo,0,5,40,5,16320000
Tucumán,Barrio San Felipe,4137,Ampliación Miguelillo,1,6,110,8,38560000
Tucumán,Barrio San Felipe,4136,Néstor Kirchner,2,12,156,11,60500000
Tucumán,Aguilares,4135,Once de Marzo,0,2,27,2,11410000
Tucumán,La Reducción,4133,San Rafael El Cruce,0,0,1,1,840000
Tucumán,San Isidro De Lules,4132,Villa Nueva,0,0,11,0,3340000
Tucumán,Bella Vista,4131,Santa Rita,1,0,1,0,1200000
Tucumán,Juan Bautista Alberdi,4129,Santa Rosa,0,0,8,2,3000000
Tucumán,Tafí Viejo,4128,Calpini,2,7,29,2,15960000
Tucumán,Tafí Viejo,4127,Colmena Norte,0,0,5,0,1680000
Tucumán,Los Nogales,4126,Cortada de Villalba,0,1,6,3,2600000
Tucumán,Tafí Viejo,4125,Nuestra Señora de La Esperanza,0,2,8,1,3720000
Tucumán,Tafí Viejo,4124,Barrio 14,2,0,17,2,6150000
Tucumán,Tafí Viejo,4123,Ampliación Belgrano,0,1,2,0,1800000
Tucumán,Tafí Viejo,4122,Sin Nombre,0,0,1,0,360000
Tucumán,Tafí Viejo,4121,Ampliación Meloni,0,0,3,1,1080000
Tucumán,Tafí Viejo,4120,Cortada de Matorel,0,0,11,1,3440000
Tucumán,Tafí Viejo,4119,Divino Niño Jesús,0,0,26,2,7520000
Tucumán,"Diagonal Norte, Luz Y Fuerza, Los Pocitos, Villa Nueva Italia",4118,Ampliación Norte,0,0,34,1,9960000
Tucumán,"Diagonal Norte, Luz Y Fuerza, Los Pocitos, Villa Nueva Italia",4117,Ampliación Sur,1,1,20,3,7440000
Tucumán,"Diagonal Norte, Luz Y Fuerza, Los Pocitos, Villa Nueva Italia",4116,Catorce de Septiembre,2,1,76,9,25020000
Tucumán,La Reducción,4115,San Rafael,0,0,2,4,1440000
Tucumán,La Reducción,4114,Católico,0,0,3,0,840000
Tucumán,Famaillá,4113,Nueva Baviera,0,0,2,1,1080000
Tucumán,Famaillá,4112,Badaguer,0,0,5,0,1560000
Tucumán,Famaillá,4111,Barrio Oeste,0,0,8,0,1920000
Tucumán,Concepción,4110,Veintidos de Febrero,0,0,2,0,1200000
Tucumán,Concepción,4109,Continuidad del Barrio Potrero,0,0,5,1,1300000
Tucumán,San Roque,4108,Sin Nombre,0,3,23,7,13080000
Tucumán,Arcadia,4107,Palo Blanco,0,2,9,2,4560000
Tucumán,Concepción,4106,Colegiales,0,0,7,1,2760000
Tucumán,Concepción,4104,La Vía,0,0,14,1,5160000
Tucumán,Concepción,4103,La Terminal,0,2,13,3,6100000
Tucumán,Concepción,4102,Las Palmas,1,0,33,0,9240000
Tucumán,Concepción,4101,Avenida Las Américas,0,1,25,4,9720000
Tucumán,Arcadia,4100,San José,0,0,12,2,3840000
Tucumán,Alto Verde,4099,Ex Ruta 38,0,1,39,4,12110000
Tucumán,San Isidro De Lules,4098,Ampliación Mercedes,1,1,68,17,26080000
Tucumán,Las Talitas,4097,Ampliación Nueva Esperanza,0,1,16,4,6120000
Tucumán,Las Talitas,4096,Los Sánchez,0,1,39,2,12700000
Tucumán,Las Talitas,4095,Virgen del Valle,1,7,169,12,52660000
Tucumán,Las Talitas,4094,Sin Nombre,0,0,12,0,3100000
Tucumán,Las Talitas,4093,Parque Independencia,0,1,8,0,3600000
Tucumán,Las Talitas,4092,Sin Nombre,0,3,12,1,7090000
Tucumán,Banda Del Río Salí,4090,Virgen del Valle,0,2,0,0,1200000
Tucumán,Banda Del Río Salí,4089,Ampliación Villa Inés,0,0,6,1,1800000
Tucumán,Banda Del Río Salí,4088,La Ceramica,0,2,7,1,5280000
Tucumán,Banda Del Río Salí,4087,Costanera La Milagrosa,0,0,1,0,240000
Tucumán,Villa Carmela,4085,El Triángulo I,0,0,10,0,2880000
Tucumán,Alderetes,4081,Orilla del Canal,0,0,2,1,1200000
Tucumán,Alderetes,4076,Teresa de Calcuta,0,9,48,1,28630000
Tucumán,Alderetes,4074,Virgen del Rosario,0,0,3,0,700000
Tucumán,Alderetes,4073,Julio Abraham,1,22,151,8,78910000
Tucumán,Alderetes,4072,Margen de Canal,0,0,1,0,600000
Tucumán,Ingenio San Pablo,4071,Alberdi,0,0,9,2,3000000
Tucumán,Ingenio San Pablo,4070,Ouanta,0,0,33,3,8620000
Tucumán,El Manantial,4069,Pasaje 20 de Junio,0,2,3,0,1920000
Tucumán,Ingenio San Pablo,4068,Colonia 4,0,3,66,3,22250000
Tucumán,Barrio San José III,4067,San Expedito,0,5,39,0,14100000
Tucumán,Barrio San José III,4066,Cossio,0,0,1,3,960000
Tucumán,Barrio San José III,4065,Ampliación San Expedito,0,1,7,0,3360000
Tucumán,Barrio San José III,4064,San José,1,1,9,1,3720000
Tucumán,El Manantial,4063,El Milagro,0,0,23,3,6780000
Tucumán,El Manantial,4062,Virgen del Valle,0,2,11,0,5640000
Tucumán,San Miguel De Tucumán,4061,Villa Cabildo,0,2,46,9,17340000
Tucumán,Yerba Buena - Marcos Paz,4060,Ampliación Aconquija,0,1,18,1,5610000
Tucumán,El Manantial,4059,El Portal II,0,1,43,4,13320000
Tucumán,El Manantial,4057,Anexo Barrio La Esperanza,0,0,6,1,2400000
Tucumán,Yerba Buena - Marcos Paz,4056,Pasaje Jujuy,0,2,10,0,3600000
Tucumán,El Manantial,4055,Sin Nombre,0,0,1,0,600000
Tucumán,El Manantial,4054,La Rinconada,0,0,35,2,10020000
Tucumán,Monteros,4052,Barrio Norte,0,2,2,0,1680000
Tucumán,Acheral,4051,Risso,0,1,2,0,1800000
Tucumán,Tafí Viejo,4050,La Nina,0,1,19,3,8380000
Tucumán,Monteros,4048,Los Eucaliptus,0,1,4,2,2760000
Tucumán,San Isidro De Lules,4047,El Obrador,0,0,22,0,5500000
Tucumán,San Isidro De Lules,4046,La Estación,0,0,1,0,600000
Tucumán,San Isidro De Lules,4045,Aguala,0,0,7,2,2880000
Tucumán,Juan Bautista Alberdi,4043,La Vía,0,0,5,2,2260000
Tucumán,Famaillá,4042,San Francisco,0,1,19,4,7800000
Tucumán,Famaillá,4041,San Martín,0,0,19,3,7550000
Tucumán,Aguilares,4040,Canal Desagüe,0,0,19,5,6580000
Tucumán,San Miguel De Tucumán,2811,Ampliación Mataderos,0,3,15,4,9350000
Tucumán,San Miguel De Tucumán,2810,Canal Norte II,0,3,17,2,10160000
Tucumán,San Miguel De Tucumán,2809,Villa 9 de Julio,0,2,49,5,17130000
Tucumán,San Miguel De Tucumán,2808,La Gaceta,0,7,27,4,14400000
Tucumán,San Miguel De Tucumán,2807,San Cristóbal,0,4,61,2,22210000
Tucumán,San Miguel De Tucumán,2806,Néstor Kichner,1,4,94,7,34550000
Tucumán,San Miguel De Tucumán,2805,La Vía Belisario López,0,2,24,3,9220000
Tucumán,San Miguel De Tucumán,2804,Tres de Octubre,0,2,3,0,2300000
Tucumán,San Miguel De Tucumán,2803,El Triunfo,0,1,21,0,7320000
Tucumán,San Miguel De Tucumán,2802,Bienestar,2,7,83,12,33070000
Tucumán,San Miguel De Tucumán,2801,Toledo,0,2,46,8,17980000
Tucumán,San Miguel De Tucumán,2799,Las Palmeras,0,0,119,12,35560000
Tucumán,San Miguel De Tucumán,2798,San Alberto,0,0,1,0,250000
Tucumán,Banda Del Río Salí,2797,Ampliación Cancha Caro,0,0,26,2,10320000
Tucumán,San Miguel De Tucumán,2796,Villa Urquiza,0,0,15,0,4680000
Tucumán,San Miguel De Tucumán,"2756* ",Santa Ana,1,1,22,1,7300000
Tucumán,San Miguel De Tucumán,2795,El Salvador,0,17,235,14,90020000
Tucumán,San Miguel De Tucumán,2794,Puerto Argentino,0,4,43,2,15860000
Tucumán,San Miguel De Tucumán,2793,Las Piedritas,1,3,91,7,28600000
Tucumán,San Miguel De Tucumán,2792,Argentina Potencia,0,1,25,5,10420000
Tucumán,San Miguel De Tucumán,2791,Ampliación Tiro Federal,0,0,8,1,4320000
Tucumán,San Miguel De Tucumán,2790,Eucaliptus,3,3,11,1,8520000
Tucumán,San Miguel De Tucumán,2789,La Tapa,0,0,10,1,3820000
Tucumán,San Miguel De Tucumán,2788,Ampliación Villa Alem,0,0,6,0,2640000
Tucumán,San Pedro De Colalao,6049,Ampliación Bancaria,0,0,5,0,2520000
Tucumán,San Miguel De Tucumán,2787,Veintitres de Febrero,0,1,27,3,13920000
Tucumán,San Pedro De Colalao,6047,El Milagro,1,2,4,0,3720000
Tucumán,Las Talitas,6046,Ampliación Experimental,0,1,3,0,2400000
Tucumán,Tafí Viejo,6045,Ampliación Eva Perón,0,1,7,0,4800000
Tucumán,San Miguel De Tucumán,2786,Presidente Juan Domingo Perón,0,0,3,0,1450000
Tucumán,San Miguel De Tucumán,2784,Once de Febrero,0,1,14,0,4560000
Tucumán,San Miguel De Tucumán,2783,Ampliación San Ramón,0,2,4,1,3120000
Tucumán,Las Talitas,6037,Nueva Vida,0,0,2,0,850000
Tucumán,San Miguel De Tucumán,2782,Alma Fuerte de Villa Urquiza,1,0,31,3,10320000
Tucumán,Amaicha Del Valle,6032,La Banda de Abajo,1,8,17,3,12360000
Tucumán,Amaicha Del Valle,6029,Estudiantes,1,0,6,0,3720000
Tucumán,San Miguel De Tucumán,2781,Once de Enero,1,4,118,16,41740000
Tucumán,San Miguel De Tucumán,2780,Ampliación El Molino,1,0,21,0,6240000
Tucumán,Amaicha Del Valle,6026,La Fronterita,0,2,3,2,2520000
Tucumán,Simoca,6023,Matadero,0,0,1,0,600000
Tucumán,Simoca,6022,Ampliación Raúl Ricardo Alfonsín,0,0,1,0,600000
Tucumán,Santa Ana,6020,Cruce Colegial,1,0,1,0,1200000
Tucumán,Santa Ana,6017,El Parque,0,0,3,0,1800000
Tucumán,Santa Ana,6015,La Cortada,0,0,0,1,600000
Tucumán,San Miguel De Tucumán,2779,Ciudadela Norte,0,6,16,0,12850000
Tucumán,San Miguel De Tucumán,2778,Ampliación San Jorge,0,0,5,0,1560000
Tucumán,San Miguel De Tucumán,2777,Juan XXIII,0,2,12,1,6120000
Tucumán,San Miguel De Tucumán,2776,Villa Muñecas III,1,2,37,1,11460000
Tucumán,Santa Ana,6021,Ampliación Colegial,0,0,3,0,1450000
Tucumán,Amaicha Del Valle,6028,El Mirador,2,5,21,1,12250000
Tucumán,Amaicha Del Valle,6030,El Remate,0,0,1,0,600000
Tucumán,Tafí Del Valle,6036,Los Grateos,1,14,3,1,11400000
Tucumán,Tafí Viejo,6040,Sin Nombre,1,1,1,0,1800000
Tucumán,Tafí Viejo,6043,Eva Perón,0,0,5,0,2650000
Tucumán,Tafí Viejo,6044,Marco Avellaneda,0,2,1,0,1800000
Tucumán,Santa Lucía,6010,Zabaleta,0,0,1,0,600000
Tucumán,Santa Lucía,6009,Ampliación Avellaneda,0,0,2,0,1200000
Tucumán,San Miguel De Tucumán,2775,Echeverría (Orilla Vía),0,0,10,3,4180000
Tucumán,San Pedro De Colalao,6048,Costanera II,0,0,1,0,600000
Tucumán,Ingenio San Pablo,6008,Colonia Chazal,0,0,0,1,600000
Tucumán,El Manantial,6007,El Mollar,0,6,15,0,12250000
Tucumán,San Miguel De Tucumán,2774,Canal Norte,0,3,55,5,22670000
Tucumán,San Pedro De Colalao,6050,La Esperanza,0,0,3,0,900000
Tucumán,San Pedro De Colalao,6051,Costanera,0,0,2,0,960000
Tucumán,Villa De Trancas,6052,Villa Vieja,0,0,5,0,3000000
Tucumán,La Cocha,6002,El Porvenir,0,0,1,0,600000
Tucumán,Juan Bautista Alberdi,5999,Finca Pujol,0,2,1,2,3000000
Tucumán,Juan Bautista Alberdi,5998,El Tabique,0,0,3,0,1800000
Tucumán,Juan Bautista Alberdi,5997,Veinticinco de Mayo,0,0,1,0,600000
Tucumán,San Miguel De Tucumán,2773,Ampliación Villa Amalia,0,0,1,0,600000
Tucumán,San Miguel De Tucumán,2772,Agua Corriente (Orilla de Vía),0,0,17,3,5620000
Tucumán,Graneros,5994,Colegiales,0,0,1,0,600000
Tucumán,Graneros,5993,Buenos Aires,0,1,0,0,600000
Tucumán,San Miguel De Tucumán,2771,Villa Muñecas I,0,0,8,0,2400000
Tucumán,Famaillá,5991,Ataliva,0,1,2,0,1800000
Tucumán,Famaillá,5990,Colonia Tres y Cuatro,1,0,0,0,600000
Tucumán,San Miguel De Tucumán,2770,Ampliación Álvarez Condarco,0,1,7,1,3720000
Tucumán,San Andrés,5988,Ampliación 115,0,0,8,1,4920000
Tucumán,San Andrés,5987,La Estación,0,1,3,0,2400000
Tucumán,La Trinidad,5976,San Martín,0,1,0,0,250000
Tucumán,Concepción,5975,Cristo Rey,0,3,14,0,9850000
Tucumán,San Miguel De Tucumán,2769,Ampliación Crucero Belgrano,1,1,18,0,6730000
Tucumán,San Miguel De Tucumán,2768,Ampliación Alejandro Heredia,0,5,132,23,54720000
Tucumán,San Miguel De Tucumán,5974,La Mago,0,1,9,0,5650000
Tucumán,San Miguel De Tucumán,5973,Rosa Mística,1,3,30,0,19000000
Tucumán,San Miguel De Tucumán,2767,El Chivero,0,4,28,3,13220000
Tucumán,San Miguel De Tucumán,5972,ARA San Juan,1,2,5,2,3730000
Tucumán,San Miguel De Tucumán,5971,130 Viviendas,0,0,1,0,600000
Tucumán,San Miguel De Tucumán,2766,Ampliación Federal,0,3,77,3,27610000
Tucumán,Villa Burruyacú,5970,El Ojo,0,0,2,1,870000
Tucumán,Villa Burruyacú,5969,El Cementerio,0,0,1,0,600000
Tucumán,Villa Burruyacú,5967,La Ex Vía,0,0,1,0,360000
Tucumán,San Miguel De Tucumán,2765,Sargento Lai,0,2,16,4,7440000
Tucumán,San Miguel De Tucumán,2764,Ramón Ortega,0,1,2,0,1800000
Tucumán,San Miguel De Tucumán,2763,Margaritas,3,3,43,4,18850000
Tucumán,San Miguel De Tucumán,2762,Los Vázquez,0,0,47,8,18000000
Tucumán,San Miguel De Tucumán,2761,San Miguel,0,3,140,5,44690000
Tucumán,San Miguel De Tucumán,2760,Autopista Sur,3,8,108,10,44250000
Tucumán,San Miguel De Tucumán,2759,Costanera Norte,0,1,4,1,2890000
Tucumán,San Miguel De Tucumán,2758,Ampliación San Nicolás,0,2,6,0,4450000
Tucumán,San Miguel De Tucumán,2757,Alejandro Heredia,2,19,315,34,110690000
Tucumán,San Miguel De Tucumán,2755,San Cristóbal,0,3,30,6,10650000
Tucumán,San Miguel De Tucumán,2754,San Aníbal,2,17,260,21,88760000
Tucumán,San Miguel De Tucumán,2753,Nueva Vida,0,2,34,1,10060000
Tucumán,San Miguel De Tucumán,2752,Villa Belgrano,0,0,4,0,1080000
Tucumán,San Miguel De Tucumán,2749,Francisco I,1,10,211,15,73910000
Tucumán,Concepción,4874,San Nicolás,0,1,1,0,1200000
Tucumán,San Miguel De Tucumán,4872,Sin Nombre,0,1,4,0,1930000
Tucumán,San Miguel De Tucumán,4871,Sin Nombre,0,1,1,1,1800000
Tucumán,El Manantial,2748,Sin Nombre,0,0,2,0,480000
Tucumán,San Miguel De Tucumán,2746,Parquecito II,0,1,5,2,2280000
Tucumán,San Miguel De Tucumán,2745,ATE,0,13,128,11,52350000